% Preprocessing class: FSMSSMSMSSSNFFN.
% Configuration: G-E--_207_C18_F1_SE_CS_SP_PI_PS_S2SI
% (lift_lambdas = 1, lambda_to_forall = 1,unroll_only_formulas = 1, sine = Auto)
% No SInE strategy applied
% Search class: FUUPM-FFMM21-SFFFFFNN
% partial match(2): FUUPM-FFSF21-SFFFFFNN
% Configuration: SubtermCWHack
% Initializing proof state
% Scanning for AC axioms
% mul is associative
%
%cnf(i_0_38, plain, (inv(one)=one)).
%
%cnf(i_0_36, plain, (inv(inv(X1))=X1)).
%
%cnf(i_0_33, plain, (mul(X1,one)=X1)).
%
%cnf(i_0_32, plain, (mul(one,X1)=X1)).
%
%cnf(i_0_35, plain, (mul(X1,inv(X1))=one)).
%
%cnf(i_0_34, plain, (mul(inv(X1),X1)=one)).
%%
%cnf(i_0_51, plain, (mul(c005,c004)=mul(c004,c005))).
%
%cnf(i_0_52, plain, (mul(c006,c003)=mul(c003,c006))).
%
%cnf(i_0_53, plain, (mul(c007,c003)=mul(c003,c007))).
%
%cnf(i_0_54, plain, (mul(c008,c003)=mul(c003,c008))).
%
%cnf(i_0_56, plain, (mul(c011,c002)=mul(c002,c011))).
%
%cnf(i_0_55, plain, (mul(c011,c001)=mul(c001,c011))).
%
%cnf(i_0_57, plain, (mul(c012,c002)=mul(c002,c012))).
%
%cnf(i_0_58, plain, (mul(c013,c002)=mul(c002,c013))).
%
%cnf(i_0_59, plain, (mul(c014,c002)=mul(c002,c014))).
%
%cnf(i_0_60, negated_conjecture, (mul(c006,c004)!=mul(c004,c006))).
%
%cnf(i_0_39, plain, (mul(mul(c001,c002),c003)=mul(c002,c001))).
%
%cnf(i_0_41, plain, (mul(mul(c002,c003),c005)=mul(c003,c002))).
%
%cnf(i_0_40, plain, (mul(mul(c001,c003),c004)=mul(c003,c001))).
%
%cnf(i_0_43, plain, (mul(mul(c002,c004),c007)=mul(c004,c002))).
%
%cnf(i_0_42, plain, (mul(mul(c001,c004),c006)=mul(c004,c001))).
%
%cnf(i_0_45, plain, (mul(mul(c003,c004),c009)=mul(c004,c003))).
%
%cnf(i_0_44, plain, (mul(mul(c002,c005),c008)=mul(c005,c002))).
%
%cnf(i_0_46, plain, (mul(mul(c003,c005),c010)=mul(c005,c003))).
%
%cnf(i_0_48, plain, (mul(mul(c002,c006),c012)=mul(c006,c002))).
%
%cnf(i_0_47, plain, (mul(mul(c001,c006),c011)=mul(c006,c001))).
%
%cnf(i_0_49, plain, (mul(mul(c002,c007),c013)=mul(c007,c002))).
%
%cnf(i_0_50, plain, (mul(mul(c002,c008),c014)=mul(c008,c002))).
%
%cnf(i_0_37, plain, (mul(inv(X2),inv(X1))=inv(mul(X1,X2)))).
%
%cnf(i_0_70, plain, (inv(mul(inv(X2),X1))=mul(inv(X1),X2))).
%
%cnf(i_0_72, plain, (inv(mul(X2,inv(X1)))=mul(X1,inv(X2)))).
%
%cnf(i_0_31, plain, (mul(mul(X1,X2),X3)=mul(X1,mul(X2,X3)))).
%
%cnf(i_0_115, plain, (mul(inv(X1),mul(X1,X2))=X2)).
%
%cnf(i_0_117, plain, (mul(X1,mul(inv(X1),X2))=X2)).
%
%cnf(i_0_122, plain, (mul(inv(c014),mul(c002,c014))=c002)).
%
%cnf(i_0_123, plain, (mul(inv(c013),mul(c002,c013))=c002)).
%
%cnf(i_0_124, plain, (mul(inv(c012),mul(c002,c012))=c002)).
%
%cnf(i_0_125, plain, (mul(inv(c011),mul(c001,c011))=c001)).
%
%cnf(i_0_126, plain, (mul(inv(c011),mul(c002,c011))=c002)).
%
%cnf(i_0_127, plain, (mul(inv(c008),mul(c003,c008))=c003)).
%
%cnf(i_0_128, plain, (mul(inv(c007),mul(c003,c007))=c003)).
%
%cnf(i_0_129, plain, (mul(inv(c006),mul(c003,c006))=c003)).
%%
%cnf(i_0_130, plain, (mul(inv(c005),mul(c004,c005))=c004)).
%%%
%cnf(i_0_39, plain, (mul(c001,mul(c002,c003))=mul(c002,c001))).
%
%cnf(i_0_40, plain, (mul(c001,mul(c003,c004))=mul(c003,c001))).
%
%cnf(i_0_41, plain, (mul(c002,mul(c003,c005))=mul(c003,c002))).
%
%cnf(i_0_42, plain, (mul(c001,mul(c004,c006))=mul(c004,c001))).
%
%cnf(i_0_43, plain, (mul(c002,mul(c004,c007))=mul(c004,c002))).
%
%cnf(i_0_44, plain, (mul(c002,mul(c005,c008))=mul(c005,c002))).
%
%cnf(i_0_45, plain, (mul(c003,mul(c004,c009))=mul(c004,c003))).
%%
%cnf(i_0_46, plain, (mul(c003,mul(c005,c010))=mul(c005,c003))).
%
%cnf(i_0_47, plain, (mul(c001,mul(c006,c011))=mul(c006,c001))).
%
%cnf(i_0_48, plain, (mul(c002,mul(c006,c012))=mul(c006,c002))).
%
%cnf(i_0_49, plain, (mul(c002,mul(c007,c013))=mul(c007,c002))).
%
%cnf(i_0_50, plain, (mul(c002,mul(c008,c014))=mul(c008,c002))).
%
%cnf(i_0_121, plain, (mul(inv(mul(X1,X2)),X1)=inv(X2))).
%
%cnf(i_0_131, plain, (mul(X1,inv(mul(X2,X1)))=inv(X2))).
%
%cnf(i_0_294, plain, (mul(c002,mul(c014,inv(c002)))=c014)).
%
%cnf(i_0_295, plain, (mul(c002,mul(c013,inv(c002)))=c013)).
%
%cnf(i_0_296, plain, (mul(c002,mul(c012,inv(c002)))=c012)).
%
%cnf(i_0_77, plain, (inv(mul(X3,mul(inv(X1),X2)))=mul(inv(X2),mul(X1,inv(X3))))).
%
%cnf(i_0_297, plain, (mul(c001,mul(c011,inv(c001)))=c011)).
%
%cnf(i_0_298, plain, (mul(c002,mul(c011,inv(c002)))=c011)).
%
%cnf(i_0_299, plain, (mul(c003,mul(c008,inv(c003)))=c008)).
%
%cnf(i_0_300, plain, (mul(c003,mul(c007,inv(c003)))=c007)).
%
%cnf(i_0_301, plain, (mul(c003,mul(c006,inv(c003)))=c006)).
%
%cnf(i_0_302, plain, (mul(c004,mul(c005,inv(c004)))=c005)).
%%%
%cnf(i_0_156, plain, (mul(inv(mul(c002,c014)),c014)=inv(c002))).
%
%cnf(i_0_160, plain, (mul(inv(mul(c002,c013)),c013)=inv(c002))).
%
%cnf(i_0_78, plain, (mul(inv(X3),mul(inv(X1),X2))=mul(inv(mul(X1,X3)),X2))).
%
%cnf(i_0_164, plain, (mul(inv(mul(c002,c012)),c012)=inv(c002))).
%
%cnf(i_0_168, plain, (mul(inv(mul(c001,c011)),c011)=inv(c001))).
%
%cnf(i_0_172, plain, (mul(inv(mul(c002,c011)),c011)=inv(c002))).
%
%cnf(i_0_176, plain, (mul(inv(mul(c003,c008)),c008)=inv(c003))).
%
%cnf(i_0_180, plain, (mul(inv(mul(c003,c007)),c007)=inv(c003))).
%
%cnf(i_0_184, plain, (mul(inv(mul(c003,c006)),c006)=inv(c003))).
%
%cnf(i_0_188, plain, (mul(inv(mul(c004,c005)),c005)=inv(c004))).
%%%%%%%%%%%%
%cnf(i_0_272, plain, (mul(c002,inv(mul(c002,c014)))=inv(c014))).
%
%cnf(i_0_273, plain, (mul(c002,inv(mul(c002,c013)))=inv(c013))).
%
%cnf(i_0_274, plain, (mul(c002,inv(mul(c002,c012)))=inv(c012))).
%%
%cnf(i_0_275, plain, (mul(c001,inv(mul(c001,c011)))=inv(c011))).
%
%cnf(i_0_276, plain, (mul(c002,inv(mul(c002,c011)))=inv(c011))).
%
%cnf(i_0_277, plain, (mul(c003,inv(mul(c003,c008)))=inv(c008))).
%
%cnf(i_0_278, plain, (mul(c003,inv(mul(c003,c007)))=inv(c007))).
%
%cnf(i_0_279, plain, (mul(c003,inv(mul(c003,c006)))=inv(c006))).
%
%cnf(i_0_280, plain, (mul(c004,inv(mul(c004,c005)))=inv(c005))).
%
%cnf(i_0_314, plain, (mul(inv(c014),c002)=mul(c002,inv(c014)))).
%
%cnf(i_0_548, plain, (mul(c014,mul(c002,inv(c014)))=c002)).
%%
%cnf(i_0_315, plain, (mul(inv(c002),c014)=mul(c014,inv(c002)))).
%%
%cnf(i_0_318, plain, (mul(inv(c013),c002)=mul(c002,inv(c013)))).
%
%cnf(i_0_568, plain, (mul(c013,mul(c002,inv(c013)))=c002)).
%%
%cnf(i_0_319, plain, (mul(inv(c002),c013)=mul(c013,inv(c002)))).
%
%cnf(i_0_322, plain, (mul(inv(c012),c002)=mul(c002,inv(c012)))).
%
%cnf(i_0_588, plain, (mul(c012,mul(c002,inv(c012)))=c002)).
%%
%cnf(i_0_323, plain, (mul(inv(c002),c012)=mul(c012,inv(c002)))).
%
%cnf(i_0_366, plain, (mul(inv(c011),c001)=mul(c001,inv(c011)))).
%
%cnf(i_0_608, plain, (mul(c011,mul(c001,inv(c011)))=c001)).
%
%cnf(i_0_89, plain, (inv(mul(X3,mul(X1,inv(X2))))=mul(X2,inv(mul(X3,X1))))).
%%
%cnf(i_0_367, plain, (mul(inv(c001),c011)=mul(c011,inv(c001)))).
%
%cnf(i_0_370, plain, (mul(inv(c011),c002)=mul(c002,inv(c011)))).
%
%cnf(i_0_686, plain, (mul(c011,mul(c002,inv(c011)))=c002)).
%%
%cnf(i_0_371, plain, (mul(inv(c002),c011)=mul(c011,inv(c002)))).
%
%cnf(i_0_374, plain, (mul(inv(c008),c003)=mul(c003,inv(c008)))).
%
%cnf(i_0_707, plain, (mul(c008,mul(c003,inv(c008)))=c003)).
%%
%cnf(i_0_375, plain, (mul(inv(c003),c008)=mul(c008,inv(c003)))).
%%
%cnf(i_0_378, plain, (mul(inv(c007),c003)=mul(c003,inv(c007)))).
%
%cnf(i_0_728, plain, (mul(c007,mul(c003,inv(c007)))=c003)).
%%
%cnf(i_0_379, plain, (mul(inv(c003),c007)=mul(c007,inv(c003)))).
%
%cnf(i_0_382, plain, (mul(inv(c006),c003)=mul(c003,inv(c006)))).
%
%cnf(i_0_749, plain, (mul(c006,mul(c003,inv(c006)))=c003)).
%%
%cnf(i_0_383, plain, (mul(inv(c003),c006)=mul(c006,inv(c003)))).
%
%cnf(i_0_386, plain, (mul(inv(c005),c004)=mul(c004,inv(c005)))).
%
%cnf(i_0_770, plain, (mul(c005,mul(c004,inv(c005)))=c004)).
%%%
%cnf(i_0_387, plain, (mul(inv(c004),c005)=mul(c005,inv(c004)))).
%%%%%%%%%%%%%%%%%%%%%%%%%%%%%%%%
%cnf(i_0_191, plain, (mul(inv(c001),mul(c002,c001))=mul(c002,c003))).
%
%cnf(i_0_193, plain, (mul(inv(c001),mul(c003,c001))=mul(c003,c004))).
%
%cnf(i_0_195, plain, (mul(inv(c002),mul(c003,c002))=mul(c003,c005))).
%
%cnf(i_0_197, plain, (mul(inv(c001),mul(c004,c001))=mul(c004,c006))).
%
%cnf(i_0_199, plain, (mul(inv(c002),mul(c004,c002))=mul(c004,c007))).
%
%cnf(i_0_201, plain, (mul(inv(c002),mul(c005,c002))=mul(c005,c008))).
%
%cnf(i_0_203, plain, (mul(inv(c003),mul(c004,c003))=mul(c004,c009))).
%
%cnf(i_0_205, plain, (mul(inv(c003),mul(c005,c003))=mul(c005,c010))).
%
%cnf(i_0_207, plain, (mul(inv(c001),mul(c006,c001))=mul(c006,c011))).
%
%cnf(i_0_209, plain, (mul(inv(c002),mul(c006,c002))=mul(c006,c012))).
%
%cnf(i_0_105, plain, (mul(c014,mul(c002,X1))=mul(c002,mul(c014,X1)))).
%
%cnf(i_0_211, plain, (mul(inv(c002),mul(c007,c002))=mul(c007,c013))).
%
%cnf(i_0_213, plain, (mul(inv(c002),mul(c008,c002))=mul(c008,c014))).
%
%cnf(i_0_792, plain, (mul(c002,mul(c001,inv(mul(c002,c003))))=c001)).
%
%cnf(i_0_800, plain, (mul(c003,mul(c001,inv(mul(c003,c004))))=c001)).
%
%cnf(i_0_808, plain, (mul(c003,mul(c002,inv(mul(c003,c005))))=c002)).
%
%cnf(i_0_816, plain, (mul(c004,mul(c001,inv(mul(c004,c006))))=c001)).
%
%cnf(i_0_824, plain, (mul(c004,mul(c002,inv(mul(c004,c007))))=c002)).
%
%cnf(i_0_832, plain, (mul(c005,mul(c002,inv(mul(c005,c008))))=c002)).
%
%cnf(i_0_840, plain, (mul(c004,mul(c003,inv(mul(c004,c009))))=c003)).
%
%cnf(i_0_848, plain, (mul(c005,mul(c003,inv(mul(c005,c010))))=c003)).
%
%cnf(i_0_106, plain, (mul(c013,mul(c002,X1))=mul(c002,mul(c013,X1)))).
%
%cnf(i_0_856, plain, (mul(c006,mul(c001,inv(mul(c006,c011))))=c001)).
%
%cnf(i_0_864, plain, (mul(c006,mul(c002,inv(mul(c006,c012))))=c002)).
%
%cnf(i_0_895, plain, (mul(c007,mul(c002,inv(mul(c007,c013))))=c002)).
%
%cnf(i_0_903, plain, (mul(c008,mul(c002,inv(mul(c008,c014))))=c002)).
%
%cnf(i_0_107, plain, (mul(c012,mul(c002,X1))=mul(c002,mul(c012,X1)))).
%
%cnf(i_0_108, plain, (mul(c011,mul(c001,X1))=mul(c001,mul(c011,X1)))).
%
%cnf(i_0_109, plain, (mul(c011,mul(c002,X1))=mul(c002,mul(c011,X1)))).
%
%cnf(i_0_110, plain, (mul(c008,mul(c003,X1))=mul(c003,mul(c008,X1)))).
%
%cnf(i_0_111, plain, (mul(c007,mul(c003,X1))=mul(c003,mul(c007,X1)))).
%
%cnf(i_0_112, plain, (mul(c006,mul(c003,X1))=mul(c003,mul(c006,X1)))).
%
%cnf(i_0_113, plain, (mul(c005,mul(c004,X1))=mul(c004,mul(c005,X1)))).
%
%cnf(i_0_231, plain, (mul(inv(mul(c005,c003)),c003)=inv(mul(c005,c010)))).
%
%cnf(i_0_232, plain, (mul(inv(mul(c004,c003)),c003)=inv(mul(c004,c009)))).
%
%cnf(i_0_233, plain, (mul(inv(mul(c006,c001)),c001)=inv(mul(c006,c011)))).
%
%cnf(i_0_234, plain, (mul(inv(mul(c004,c001)),c001)=inv(mul(c004,c006)))).
%
%cnf(i_0_235, plain, (mul(inv(mul(c003,c001)),c001)=inv(mul(c003,c004)))).
%
%cnf(i_0_236, plain, (mul(inv(mul(c002,c001)),c001)=inv(mul(c002,c003)))).
%
%cnf(i_0_237, plain, (mul(inv(mul(c008,c002)),c002)=inv(mul(c008,c014)))).
%
%cnf(i_0_238, plain, (mul(inv(mul(c007,c002)),c002)=inv(mul(c007,c013)))).
%
%cnf(i_0_239, plain, (mul(inv(mul(c006,c002)),c002)=inv(mul(c006,c012)))).
%
%cnf(i_0_240, plain, (mul(inv(mul(c005,c002)),c002)=inv(mul(c005,c008)))).
%%
%cnf(i_0_241, plain, (mul(inv(mul(c004,c002)),c002)=inv(mul(c004,c007)))).
%
%cnf(i_0_242, plain, (mul(inv(mul(c003,c002)),c002)=inv(mul(c003,c005)))).
%
%cnf(i_0_281, plain, (mul(c005,mul(c010,inv(mul(c005,c003))))=inv(c003))).
%
%cnf(i_0_1224, plain, (mul(c005,mul(c003,inv(c010)))=mul(c003,c005))).
%
%cnf(i_0_282, plain, (mul(c004,mul(c009,inv(mul(c004,c003))))=inv(c003))).
%
%cnf(i_0_1234, plain, (mul(c004,mul(c003,inv(c009)))=mul(c003,c004))).
%
%cnf(i_0_283, plain, (mul(c006,mul(c011,inv(mul(c006,c001))))=inv(c001))).
%
%cnf(i_0_1246, plain, (mul(c006,mul(c001,inv(c011)))=mul(c001,c006))).
%
%cnf(i_0_284, plain, (mul(c004,mul(c006,inv(mul(c004,c001))))=inv(c001))).
%
%cnf(i_0_1256, plain, (mul(c004,mul(c001,inv(c006)))=mul(c001,c004))).
%
%cnf(i_0_134, plain, (mul(inv(mul(X1,X2)),mul(X1,mul(X2,X3)))=X3)).
%
%cnf(i_0_1449, plain, (mul(inv(mul(c003,c005)),mul(c005,c003))=c010)).
%
%cnf(i_0_1450, plain, (mul(inv(mul(c003,c004)),mul(c004,c003))=c009)).
%
%cnf(i_0_1454, plain, (mul(inv(mul(c001,c006)),mul(c006,c001))=c011)).
%
%cnf(i_0_1455, plain, (mul(inv(mul(c001,c004)),mul(c004,c001))=c006)).
%
%cnf(i_0_1456, plain, (mul(inv(mul(c001,c003)),mul(c003,c001))=c004)).
%
%cnf(i_0_1457, plain, (mul(inv(mul(c001,c002)),mul(c002,c001))=c003)).
%
%cnf(i_0_1462, plain, (mul(inv(mul(c002,c008)),mul(c008,c002))=c014)).
%
%cnf(i_0_1463, plain, (mul(inv(mul(c002,c007)),mul(c007,c002))=c013)).
%
%cnf(i_0_1464, plain, (mul(inv(mul(c002,c006)),mul(c006,c002))=c012)).
%
%cnf(i_0_1465, plain, (mul(inv(mul(c002,c005)),mul(c005,c002))=c008)).
%%
%cnf(i_0_1466, plain, (mul(inv(mul(c002,c004)),mul(c004,c002))=c007)).
%
%cnf(i_0_1467, plain, (mul(inv(mul(c002,c003)),mul(c003,c002))=c005)).
%
%cnf(i_0_1689, plain, (mul(c003,mul(c001,inv(c004)))=mul(c001,c003))).
%
%cnf(i_0_1700, plain, (mul(c002,mul(c001,inv(c003)))=mul(c001,c002))).
%
%cnf(i_0_1711, plain, (mul(c008,mul(c002,inv(c014)))=mul(c002,c008))).
%
%cnf(i_0_1722, plain, (mul(c007,mul(c002,inv(c013)))=mul(c002,c007))).
%
%cnf(i_0_1733, plain, (mul(c006,mul(c002,inv(c012)))=mul(c002,c006))).
%
%cnf(i_0_1744, plain, (mul(c005,mul(c002,inv(c008)))=mul(c002,c005))).
%
%cnf(i_0_1755, plain, (mul(c004,mul(c002,inv(c007)))=mul(c002,c004))).
%
%cnf(i_0_1766, plain, (mul(c003,mul(c002,inv(c005)))=mul(c002,c003))).
%
%cnf(i_0_144, plain, (mul(X1,mul(X2,mul(inv(mul(X1,X2)),X3)))=X3)).
%
%cnf(i_0_285, plain, (mul(c003,mul(c004,inv(mul(c003,c001))))=inv(c001))).
%
%cnf(i_0_286, plain, (mul(c002,mul(c003,inv(mul(c002,c001))))=inv(c001))).
%
%cnf(i_0_287, plain, (mul(c008,mul(c014,inv(mul(c008,c002))))=inv(c002))).
%
%cnf(i_0_288, plain, (mul(c007,mul(c013,inv(mul(c007,c002))))=inv(c002))).
%
%cnf(i_0_289, plain, (mul(c006,mul(c012,inv(mul(c006,c002))))=inv(c002))).
%
%cnf(i_0_290, plain, (mul(c005,mul(c008,inv(mul(c005,c002))))=inv(c002))).
%
%cnf(i_0_291, plain, (mul(c004,mul(c007,inv(mul(c004,c002))))=inv(c002))).
%
%cnf(i_0_292, plain, (mul(c003,mul(c005,inv(mul(c003,c002))))=inv(c002))).
%%%
%cnf(i_0_154, plain, (mul(inv(c014),mul(c002,mul(c014,X1)))=mul(c002,X1))).
%%%%%%%%%%%
%cnf(i_0_158, plain, (mul(inv(c013),mul(c002,mul(c013,X1)))=mul(c002,X1))).
%
%cnf(i_0_909, plain, (mul(c002,mul(c003,inv(c001)))=mul(inv(c001),c002))).
%
%cnf(i_0_910, plain, (mul(c001,inv(mul(c002,c003)))=mul(inv(c002),c001))).
%
%cnf(i_0_915, plain, (mul(c003,mul(c004,inv(c001)))=mul(inv(c001),c003))).
%
%cnf(i_0_916, plain, (mul(c001,inv(mul(c003,c004)))=mul(inv(c003),c001))).
%
%cnf(i_0_920, plain, (mul(c003,mul(c005,inv(c002)))=mul(inv(c002),c003))).
%
%cnf(i_0_921, plain, (mul(c002,inv(mul(c003,c005)))=mul(inv(c003),c002))).
%
%cnf(i_0_925, plain, (mul(c004,mul(c006,inv(c001)))=mul(inv(c001),c004))).
%
%cnf(i_0_926, plain, (mul(c001,inv(mul(c004,c006)))=mul(inv(c004),c001))).
%
%cnf(i_0_930, plain, (mul(c004,mul(c007,inv(c002)))=mul(inv(c002),c004))).
%
%cnf(i_0_931, plain, (mul(c002,inv(mul(c004,c007)))=mul(inv(c004),c002))).
%
%cnf(i_0_162, plain, (mul(inv(c012),mul(c002,mul(c012,X1)))=mul(c002,X1))).
%
%cnf(i_0_935, plain, (mul(c005,mul(c008,inv(c002)))=mul(inv(c002),c005))).
%
%cnf(i_0_936, plain, (mul(c002,inv(mul(c005,c008)))=mul(inv(c005),c002))).
%
%cnf(i_0_940, plain, (mul(c004,mul(c009,inv(c003)))=mul(inv(c003),c004))).
%
%cnf(i_0_941, plain, (mul(c003,inv(mul(c004,c009)))=mul(inv(c004),c003))).
%
%cnf(i_0_945, plain, (mul(c005,mul(c010,inv(c003)))=mul(inv(c003),c005))).
%
%cnf(i_0_946, plain, (mul(c003,inv(mul(c005,c010)))=mul(inv(c005),c003))).
%
%cnf(i_0_974, plain, (mul(c006,mul(c011,inv(c001)))=mul(inv(c001),c006))).
%
%cnf(i_0_975, plain, (mul(c001,inv(mul(c006,c011)))=mul(inv(c006),c001))).
%
%cnf(i_0_979, plain, (mul(c006,mul(c012,inv(c002)))=mul(inv(c002),c006))).
%
%cnf(i_0_980, plain, (mul(c002,inv(mul(c006,c012)))=mul(inv(c006),c002))).
%
%cnf(i_0_166, plain, (mul(inv(c011),mul(c001,mul(c011,X1)))=mul(c001,X1))).
%
%cnf(i_0_984, plain, (mul(c007,mul(c013,inv(c002)))=mul(inv(c002),c007))).
%
%cnf(i_0_985, plain, (mul(c002,inv(mul(c007,c013)))=mul(inv(c007),c002))).
%
%cnf(i_0_989, plain, (mul(c008,mul(c014,inv(c002)))=mul(inv(c002),c008))).
%
%cnf(i_0_990, plain, (mul(c002,inv(mul(c008,c014)))=mul(inv(c008),c002))).
%%%%%%%
%cnf(i_0_170, plain, (mul(inv(c011),mul(c002,mul(c011,X1)))=mul(c002,X1))).
%%%%%%%
%cnf(i_0_1225, plain, (mul(c010,inv(mul(c005,c003)))=inv(mul(c003,c005)))).
%
%cnf(i_0_1229, plain, (mul(inv(mul(c003,c005)),c005)=mul(c010,inv(c003)))).
%
%cnf(i_0_1230, plain, (mul(inv(c005),mul(c003,c005))=mul(c003,inv(c010)))).
%%
%cnf(i_0_174, plain, (mul(inv(c008),mul(c003,mul(c008,X1)))=mul(c003,X1))).
%
%cnf(i_0_1235, plain, (mul(c009,inv(mul(c004,c003)))=inv(mul(c003,c004)))).
%
%cnf(i_0_1240, plain, (mul(inv(mul(c003,c004)),c004)=mul(c009,inv(c003)))).
%
%cnf(i_0_1241, plain, (mul(inv(c004),mul(c003,c004))=mul(c003,inv(c009)))).
%%
%cnf(i_0_1247, plain, (mul(c011,inv(mul(c006,c001)))=inv(mul(c001,c006)))).
%
%cnf(i_0_1251, plain, (mul(inv(mul(c001,c006)),c006)=mul(c011,inv(c001)))).
%
%cnf(i_0_1252, plain, (mul(inv(c006),mul(c001,c006))=mul(c001,inv(c011)))).
%%
%cnf(i_0_1257, plain, (mul(c006,inv(mul(c004,c001)))=inv(mul(c001,c004)))).
%
%cnf(i_0_1262, plain, (mul(inv(mul(c001,c004)),c004)=mul(c006,inv(c001)))).
%
%cnf(i_0_178, plain, (mul(inv(c007),mul(c003,mul(c007,X1)))=mul(c003,X1))).
%
%cnf(i_0_1263, plain, (mul(inv(c004),mul(c001,c004))=mul(c001,inv(c006)))).
%%
%cnf(i_0_1431, plain, (mul(inv(mul(c006,c001)),mul(c001,c006))=inv(c011))).
%
%cnf(i_0_1436, plain, (mul(inv(mul(c005,c003)),mul(c003,c005))=inv(c010))).
%
%cnf(i_0_1442, plain, (mul(inv(mul(c004,c003)),mul(c003,c004))=inv(c009))).
%
%cnf(i_0_1444, plain, (mul(inv(mul(c004,c001)),mul(c001,c004))=inv(c006))).
%%%%%
%cnf(i_0_182, plain, (mul(inv(c006),mul(c003,mul(c006,X1)))=mul(c003,X1))).
%
%cnf(i_0_1691, plain, (mul(inv(mul(c003,c001)),mul(c001,c003))=inv(c004))).
%
%cnf(i_0_1702, plain, (mul(inv(mul(c002,c001)),mul(c001,c002))=inv(c003))).
%
%cnf(i_0_1713, plain, (mul(inv(mul(c008,c002)),mul(c002,c008))=inv(c014))).
%
%cnf(i_0_1724, plain, (mul(inv(mul(c007,c002)),mul(c002,c007))=inv(c013))).
%
%cnf(i_0_1735, plain, (mul(inv(mul(c006,c002)),mul(c002,c006))=inv(c012))).
%
%cnf(i_0_1746, plain, (mul(inv(mul(c005,c002)),mul(c002,c005))=inv(c008))).
%
%cnf(i_0_1757, plain, (mul(inv(mul(c004,c002)),mul(c002,c004))=inv(c007))).
%
%cnf(i_0_1768, plain, (mul(inv(mul(c003,c002)),mul(c002,c003))=inv(c005))).
%
%cnf(i_0_1773, plain, (mul(inv(mul(c001,c003)),c003)=mul(c004,inv(c001)))).
%
%cnf(i_0_1774, plain, (mul(inv(c003),mul(c001,c003))=mul(c001,inv(c004)))).
%
%cnf(i_0_186, plain, (mul(inv(c005),mul(c004,mul(c005,X1)))=mul(c004,X1))).
%%
%cnf(i_0_1779, plain, (mul(c004,inv(mul(c003,c001)))=inv(mul(c001,c003)))).
%
%cnf(i_0_1784, plain, (mul(inv(mul(c001,c002)),c002)=mul(c003,inv(c001)))).
%
%cnf(i_0_1785, plain, (mul(inv(c002),mul(c001,c002))=mul(c001,inv(c003)))).
%%
%cnf(i_0_1790, plain, (mul(c003,inv(mul(c002,c001)))=inv(mul(c001,c002)))).
%
%cnf(i_0_1796, plain, (mul(inv(mul(c002,c008)),c008)=mul(c014,inv(c002)))).
%
%cnf(i_0_1797, plain, (mul(inv(c008),mul(c002,c008))=mul(c002,inv(c014)))).
%%
%cnf(i_0_1802, plain, (mul(c014,inv(mul(c008,c002)))=inv(mul(c002,c008)))).
%
%cnf(i_0_190, plain, (mul(c001,mul(c002,mul(c003,X1)))=mul(c002,mul(c001,X1)))).
%
%cnf(i_0_1804, plain, (mul(inv(mul(c002,c007)),c007)=mul(c013,inv(c002)))).
%
%cnf(i_0_1805, plain, (mul(inv(c007),mul(c002,c007))=mul(c002,inv(c013)))).
%%
%cnf(i_0_1810, plain, (mul(c013,inv(mul(c007,c002)))=inv(mul(c002,c007)))).
%
%cnf(i_0_1812, plain, (mul(inv(mul(c002,c006)),c006)=mul(c012,inv(c002)))).
%
%cnf(i_0_1813, plain, (mul(inv(c006),mul(c002,c006))=mul(c002,inv(c012)))).
%%
%cnf(i_0_1818, plain, (mul(c012,inv(mul(c006,c002)))=inv(mul(c002,c006)))).
%
%cnf(i_0_1820, plain, (mul(inv(mul(c002,c005)),c005)=mul(c008,inv(c002)))).
%
%cnf(i_0_1821, plain, (mul(inv(c005),mul(c002,c005))=mul(c002,inv(c008)))).
%
%cnf(i_0_192, plain, (mul(c001,mul(c003,mul(c004,X1)))=mul(c003,mul(c001,X1)))).
%%
%cnf(i_0_1826, plain, (mul(c008,inv(mul(c005,c002)))=inv(mul(c002,c005)))).
%
%cnf(i_0_1828, plain, (mul(inv(mul(c002,c004)),c004)=mul(c007,inv(c002)))).
%
%cnf(i_0_1829, plain, (mul(inv(c004),mul(c002,c004))=mul(c002,inv(c007)))).
%%
%cnf(i_0_1834, plain, (mul(c007,inv(mul(c004,c002)))=inv(mul(c002,c004)))).
%
%cnf(i_0_1837, plain, (mul(inv(mul(c002,c003)),c003)=mul(c005,inv(c002)))).
%
%cnf(i_0_1838, plain, (mul(inv(c003),mul(c002,c003))=mul(c002,inv(c005)))).
%%
%cnf(i_0_1843, plain, (mul(c005,inv(mul(c003,c002)))=inv(mul(c002,c003)))).
%
%cnf(i_0_194, plain, (mul(c002,mul(c003,mul(c005,X1)))=mul(c003,mul(c002,X1)))).
%%%%%%%%%%%
%cnf(i_0_196, plain, (mul(c001,mul(c004,mul(c006,X1)))=mul(c004,mul(c001,X1)))).
%%%%%%%%%%%
%cnf(i_0_198, plain, (mul(c002,mul(c004,mul(c007,X1)))=mul(c004,mul(c002,X1)))).
%%%%%%%%
%cnf(i_0_2435, plain, (mul(c011,mul(inv(c006),c001))=mul(c001,inv(c006)))).
%%%
%cnf(i_0_200, plain, (mul(c002,mul(c005,mul(c008,X1)))=mul(c005,mul(c002,X1)))).
%%
%cnf(i_0_2456, plain, (mul(c012,mul(inv(c006),c002))=mul(c002,inv(c006)))).
%%%%
%cnf(i_0_2500, plain, (mul(c013,mul(inv(c007),c002))=mul(c002,inv(c007)))).
%%%%
%cnf(i_0_2521, plain, (mul(c014,mul(inv(c008),c002))=mul(c002,inv(c008)))).
%
%cnf(i_0_202, plain, (mul(c003,mul(c004,mul(c009,X1)))=mul(c004,mul(c003,X1)))).
%%%%%%%%%%%
%cnf(i_0_204, plain, (mul(c003,mul(c005,mul(c010,X1)))=mul(c005,mul(c003,X1)))).
%%%%%%%%%%%
%cnf(i_0_206, plain, (mul(c001,mul(c006,mul(c011,X1)))=mul(c006,mul(c001,X1)))).
%%%
%cnf(i_0_3074, plain, (mul(c001,mul(c003,c002))=mul(c002,mul(c001,c005)))).
%%%%%%%
%cnf(i_0_3193, plain, (mul(c001,mul(c004,c003))=mul(c003,mul(c001,c009)))).
%
%cnf(i_0_208, plain, (mul(c002,mul(c006,mul(c012,X1)))=mul(c006,mul(c002,X1)))).
%%%%%
%cnf(i_0_3299, plain, (mul(c003,mul(c002,c010))=mul(c002,mul(c005,c003)))).
%
%cnf(i_0_3355, plain, (mul(c006,mul(inv(c011),mul(c001,inv(c006))))=c001)).
%
%cnf(i_0_3390, plain, (mul(c006,mul(inv(c012),mul(c002,inv(c006))))=c002)).
%
%cnf(i_0_3400, plain, (mul(c007,mul(inv(c013),mul(c002,inv(c007))))=c002)).
%
%cnf(i_0_3410, plain, (mul(c008,mul(inv(c014),mul(c002,inv(c008))))=c002)).
%
%cnf(i_0_313, plain, (mul(c002,mul(c014,mul(inv(c002),X1)))=mul(c014,X1))).
%
%cnf(i_0_210, plain, (mul(c002,mul(c007,mul(c013,X1)))=mul(c007,mul(c002,X1)))).
%
%cnf(i_0_317, plain, (mul(c002,mul(c013,mul(inv(c002),X1)))=mul(c013,X1))).
%
%cnf(i_0_321, plain, (mul(c002,mul(c012,mul(inv(c002),X1)))=mul(c012,X1))).
%
%cnf(i_0_365, plain, (mul(c001,mul(c011,mul(inv(c001),X1)))=mul(c011,X1))).
%
%cnf(i_0_369, plain, (mul(c002,mul(c011,mul(inv(c002),X1)))=mul(c011,X1))).
%
%cnf(i_0_373, plain, (mul(c003,mul(c008,mul(inv(c003),X1)))=mul(c008,X1))).
%
%cnf(i_0_377, plain, (mul(c003,mul(c007,mul(inv(c003),X1)))=mul(c007,X1))).
%
%cnf(i_0_381, plain, (mul(c003,mul(c006,mul(inv(c003),X1)))=mul(c006,X1))).
%
%cnf(i_0_385, plain, (mul(c004,mul(c005,mul(inv(c004),X1)))=mul(c005,X1))).
%%%
%cnf(i_0_212, plain, (mul(c002,mul(c008,mul(c014,X1)))=mul(c008,mul(c002,X1)))).
%%
%cnf(i_0_882, plain, (mul(c002,mul(c014,mul(c014,inv(c002))))=mul(c014,c014))).
%
%cnf(i_0_883, plain, (mul(c002,mul(c014,mul(c013,inv(c002))))=mul(c014,c013))).
%
%cnf(i_0_884, plain, (mul(c002,mul(c014,mul(c012,inv(c002))))=mul(c014,c012))).
%
%cnf(i_0_885, plain, (mul(c002,mul(c014,mul(c011,inv(c002))))=mul(c014,c011))).
%%%
%cnf(i_0_962, plain, (mul(c002,mul(c013,mul(c014,inv(c002))))=mul(c013,c014))).
%
%cnf(i_0_963, plain, (mul(c002,mul(c013,mul(c013,inv(c002))))=mul(c013,c013))).
%
%cnf(i_0_964, plain, (mul(c002,mul(c013,mul(c012,inv(c002))))=mul(c013,c012))).
%
%cnf(i_0_216, plain, (mul(inv(mul(X1,X2)),mul(X1,X3))=mul(inv(X2),X3))).
%
%cnf(i_0_965, plain, (mul(c002,mul(c013,mul(c011,inv(c002))))=mul(c013,c011))).
%%%
%cnf(i_0_1006, plain, (mul(c002,mul(c012,mul(c014,inv(c002))))=mul(c012,c014))).
%
%cnf(i_0_1007, plain, (mul(c002,mul(c012,mul(c013,inv(c002))))=mul(c012,c013))).
%
%cnf(i_0_1008, plain, (mul(c002,mul(c012,mul(c012,inv(c002))))=mul(c012,c012))).
%
%cnf(i_0_1009, plain, (mul(c002,mul(c012,mul(c011,inv(c002))))=mul(c012,c011))).
%%%
%cnf(i_0_1027, plain, (mul(c001,mul(c011,mul(c011,inv(c001))))=mul(c011,c011))).
%%%%
%cnf(i_0_1045, plain, (mul(c002,mul(c011,mul(c014,inv(c002))))=mul(c011,c014))).
%
%cnf(i_0_1046, plain, (mul(c002,mul(c011,mul(c013,inv(c002))))=mul(c011,c013))).
%
%cnf(i_0_1047, plain, (mul(c002,mul(c011,mul(c012,inv(c002))))=mul(c011,c012))).
%
%cnf(i_0_1048, plain, (mul(c002,mul(c011,mul(c011,inv(c002))))=mul(c011,c011))).
%%%
%cnf(i_0_1068, plain, (mul(c003,mul(c008,mul(c008,inv(c003))))=mul(c008,c008))).
%
%cnf(i_0_1069, plain, (mul(c003,mul(c008,mul(c007,inv(c003))))=mul(c008,c007))).
%
%cnf(i_0_266, plain, (mul(X1,mul(X2,inv(mul(X3,mul(X1,X2)))))=inv(X3))).
%
%cnf(i_0_1070, plain, (mul(c003,mul(c008,mul(c006,inv(c003))))=mul(c008,c006))).
%%%
%cnf(i_0_1087, plain, (mul(c003,mul(c007,mul(c008,inv(c003))))=mul(c007,c008))).
%
%cnf(i_0_1088, plain, (mul(c003,mul(c007,mul(c007,inv(c003))))=mul(c007,c007))).
%
%cnf(i_0_1089, plain, (mul(c003,mul(c007,mul(c006,inv(c003))))=mul(c007,c006))).
%%%
%cnf(i_0_1106, plain, (mul(c003,mul(c006,mul(c008,inv(c003))))=mul(c006,c008))).
%
%cnf(i_0_1107, plain, (mul(c003,mul(c006,mul(c007,inv(c003))))=mul(c006,c007))).
%
%cnf(i_0_267, plain, (mul(X1,mul(inv(mul(X2,X1)),X3))=mul(inv(X2),X3))).
%
%cnf(i_0_1108, plain, (mul(c003,mul(c006,mul(c006,inv(c003))))=mul(c006,c006))).
%%%
%cnf(i_0_1123, plain, (mul(c004,mul(c005,mul(c005,inv(c004))))=mul(c005,c005))).
%
%cnf(i_0_2193, plain, (mul(inv(c014),mul(c002,mul(c002,c014)))=mul(c002,c002))).
%
%cnf(i_0_2214, plain, (mul(inv(c013),mul(c002,mul(c002,c013)))=mul(c002,c002))).
%
%cnf(i_0_2348, plain, (mul(inv(c012),mul(c002,mul(c002,c012)))=mul(c002,c002))).
%
%cnf(i_0_2475, plain, (mul(inv(c011),mul(c001,mul(c001,c011)))=mul(c001,c001))).
%
%cnf(i_0_2476, plain, (mul(inv(c011),mul(c001,mul(c002,c011)))=mul(c001,c002))).
%
%cnf(i_0_2542, plain, (mul(inv(c011),mul(c002,mul(c001,c011)))=mul(c002,c001))).
%
%cnf(i_0_307, plain, (mul(X1,inv(mul(X2,mul(X3,X1))))=inv(mul(X2,X3)))).
%
%cnf(i_0_6192, plain, (mul(c002,mul(c008,inv(c002)))=mul(c008,inv(c014)))).
%
%cnf(i_0_6194, plain, (mul(c002,mul(c007,inv(c002)))=mul(c007,inv(c013)))).
%
%cnf(i_0_6196, plain, (mul(c002,mul(c006,inv(c002)))=mul(c006,inv(c012)))).
%
%cnf(i_0_6199, plain, (mul(c001,mul(c006,inv(c001)))=mul(c006,inv(c011)))).
%
%cnf(i_0_6203, plain, (mul(c002,inv(mul(c002,c008)))=mul(c014,inv(c008)))).
%
%cnf(i_0_6207, plain, (mul(c002,inv(mul(c002,c007)))=mul(c013,inv(c007)))).
%
%cnf(i_0_6213, plain, (mul(c001,inv(mul(c001,c006)))=mul(c011,inv(c006)))).
%
%cnf(i_0_6214, plain, (mul(c002,inv(mul(c002,c006)))=mul(c012,inv(c006)))).
%%%
%cnf(i_0_328, plain, (inv(mul(X4,mul(X1,mul(inv(X2),X3))))=mul(inv(X3),mul(X2,inv(mul(X4,X1)))))).
%%%
%cnf(i_0_2543, plain, (mul(inv(c011),mul(c002,mul(c002,c011)))=mul(c002,c002))).
%
%cnf(i_0_2598, plain, (mul(inv(c008),mul(c003,mul(c003,c008)))=mul(c003,c003))).
%%
%cnf(i_0_2711, plain, (mul(inv(c007),mul(c003,mul(c003,c007)))=mul(c003,c003))).
%
%cnf(i_0_2799, plain, (mul(inv(c006),mul(c003,mul(c003,c006)))=mul(c003,c003))).
%
%cnf(i_0_2954, plain, (mul(inv(c005),mul(c004,mul(c004,c005)))=mul(c004,c004))).
%%
%cnf(i_0_3068, plain, (mul(c002,mul(c001,mul(c005,inv(c002))))=mul(c001,c003))).
%%%%
%cnf(i_0_3184, plain, (mul(c003,mul(c001,mul(c009,inv(c003))))=mul(c001,c004))).
%
%cnf(i_0_3293, plain, (mul(c003,mul(c002,mul(c010,inv(c003))))=mul(c002,c005))).
%
%cnf(i_0_3318, plain, (mul(c001,mul(c004,mul(inv(c001),c006)))=mul(c004,c011))).
%
%cnf(i_0_3343, plain, (mul(c002,mul(c004,mul(inv(c002),c007)))=mul(c004,c013))).
%
%cnf(i_0_3350, plain, (mul(inv(c011),mul(c001,inv(c006)))=mul(inv(c006),c001))).
%%
%cnf(i_0_3356, plain, (mul(inv(c001),mul(c006,inv(c011)))=mul(c006,inv(c001)))).
%
%cnf(i_0_3378, plain, (mul(c002,mul(c005,mul(inv(c002),c008)))=mul(c005,c014))).
%%
%cnf(i_0_3385, plain, (mul(inv(c012),mul(c002,inv(c006)))=mul(inv(c006),c002))).
%%
%cnf(i_0_3391, plain, (mul(inv(c002),mul(c006,inv(c012)))=mul(c006,inv(c002)))).
%
%cnf(i_0_3395, plain, (mul(inv(c013),mul(c002,inv(c007)))=mul(inv(c007),c002))).
%%
%cnf(i_0_3401, plain, (mul(inv(c002),mul(c007,inv(c013)))=mul(c007,inv(c002)))).
%
%cnf(i_0_3405, plain, (mul(inv(c014),mul(c002,inv(c008)))=mul(inv(c008),c002))).
%%
%cnf(i_0_3411, plain, (mul(inv(c002),mul(c008,inv(c014)))=mul(c008,inv(c002)))).
%
%cnf(i_0_3479, plain, (mul(inv(c001),mul(c002,mul(c001,c005)))=mul(c003,c002))).
%%
%cnf(i_0_3488, plain, (mul(inv(c001),mul(c003,mul(c001,c009)))=mul(c004,c003))).
%
%cnf(i_0_3520, plain, (mul(inv(c003),mul(c002,mul(c005,c003)))=mul(c002,c010))).
%%%%%%%%%%%%%%%%%%%%
%cnf(i_0_347, plain, (mul(inv(mul(c002,c014)),mul(c014,inv(X1)))=inv(mul(X1,c002)))).
%%%%%%%%%%
%cnf(i_0_5770, plain, (mul(c002,mul(c002,mul(c014,inv(mul(c002,c002)))))=c014)).
%
%cnf(i_0_348, plain, (mul(inv(mul(c002,c013)),mul(c013,inv(X1)))=inv(mul(X1,c002)))).
%
%cnf(i_0_5783, plain, (mul(c002,mul(c002,mul(c013,inv(mul(c002,c002)))))=c013)).
%
%cnf(i_0_5796, plain, (mul(c002,mul(c002,mul(c012,inv(mul(c002,c002)))))=c012)).
%
%cnf(i_0_5809, plain, (mul(c001,mul(c001,mul(c011,inv(mul(c001,c001)))))=c011)).
%
%cnf(i_0_5822, plain, (mul(c001,mul(c002,mul(c011,inv(mul(c001,c002)))))=c011)).
%
%cnf(i_0_5835, plain, (mul(c002,mul(c001,mul(c011,inv(mul(c002,c001)))))=c011)).
%%
%cnf(i_0_6392, plain, (mul(c008,mul(inv(c002),mul(c014,inv(c008))))=inv(c002))).
%
%cnf(i_0_6396, plain, (mul(inv(c002),mul(c014,inv(c008)))=inv(mul(c002,c008)))).
%%
%cnf(i_0_6406, plain, (mul(c007,mul(inv(c002),mul(c013,inv(c007))))=inv(c002))).
%
%cnf(i_0_349, plain, (mul(inv(mul(c002,c012)),mul(c012,inv(X1)))=inv(mul(X1,c002)))).
%
%cnf(i_0_6410, plain, (mul(inv(c002),mul(c013,inv(c007)))=inv(mul(c002,c007)))).
%%
%cnf(i_0_6420, plain, (mul(c006,mul(inv(c002),mul(c012,inv(c006))))=inv(c002))).
%
%cnf(i_0_6424, plain, (mul(inv(c002),mul(c012,inv(c006)))=inv(mul(c002,c006)))).
%%
%cnf(i_0_6434, plain, (mul(c006,mul(inv(c001),mul(c011,inv(c006))))=inv(c001))).
%
%cnf(i_0_6438, plain, (mul(inv(c001),mul(c011,inv(c006)))=inv(mul(c001,c006)))).
%%
%cnf(i_0_6445, plain, (mul(inv(mul(c002,c008)),mul(c008,inv(c014)))=inv(c002))).
%%
%cnf(i_0_350, plain, (mul(inv(mul(c001,c011)),mul(c011,inv(X1)))=inv(mul(X1,c001)))).
%
%cnf(i_0_6459, plain, (mul(inv(mul(c002,c007)),mul(c007,inv(c013)))=inv(c002))).
%%
%cnf(i_0_6473, plain, (mul(inv(mul(c001,c006)),mul(c006,inv(c011)))=inv(c001))).
%%
%cnf(i_0_6484, plain, (mul(inv(mul(c002,c006)),mul(c006,inv(c012)))=inv(c002))).
%
%cnf(i_0_6704, plain, (mul(c002,mul(c002,mul(c011,inv(mul(c002,c002)))))=c011)).
%
%cnf(i_0_6718, plain, (mul(c003,mul(c003,mul(c008,inv(mul(c003,c003)))))=c008)).
%
%cnf(i_0_6732, plain, (mul(c003,mul(c003,mul(c007,inv(mul(c003,c003)))))=c007)).
%
%cnf(i_0_6746, plain, (mul(c003,mul(c003,mul(c006,inv(mul(c003,c003)))))=c006)).
%
%cnf(i_0_6760, plain, (mul(c004,mul(c004,mul(c005,inv(mul(c004,c004)))))=c005)).
%
%cnf(i_0_351, plain, (mul(inv(mul(c002,c011)),mul(c011,inv(X1)))=inv(mul(X1,c002)))).
%%%%%
%cnf(i_0_7015, plain, (mul(c002,mul(c005,mul(c003,inv(mul(c002,c010)))))=c003)).
%
%cnf(i_0_389, plain, (mul(inv(mul(c002,c014)),mul(c014,X1))=mul(inv(c002),X1))).
%
%cnf(i_0_396, plain, (mul(inv(mul(c002,c013)),mul(c013,X1))=mul(inv(c002),X1))).
%%%%
%cnf(i_0_352, plain, (mul(inv(mul(c003,c008)),mul(c008,inv(X1)))=inv(mul(X1,c003)))).
%
%cnf(i_0_425, plain, (mul(inv(mul(c002,mul(c014,X1))),c014)=inv(mul(c002,X1)))).
%
%cnf(i_0_426, plain, (mul(inv(mul(c002,mul(c013,X1))),c013)=inv(mul(c002,X1)))).
%
%cnf(i_0_428, plain, (mul(inv(mul(c014,X1)),mul(c002,c014))=mul(inv(X1),c002))).
%
%cnf(i_0_429, plain, (mul(inv(mul(c013,X1)),mul(c002,c013))=mul(inv(X1),c002))).
%
%cnf(i_0_430, plain, (mul(inv(mul(c012,X1)),mul(c002,c012))=mul(inv(X1),c002))).
%
%cnf(i_0_431, plain, (mul(inv(mul(c011,X1)),mul(c001,c011))=mul(inv(X1),c001))).
%
%cnf(i_0_432, plain, (mul(inv(mul(c011,X1)),mul(c002,c011))=mul(inv(X1),c002))).
%
%cnf(i_0_433, plain, (mul(inv(mul(c008,X1)),mul(c003,c008))=mul(inv(X1),c003))).
%
%cnf(i_0_434, plain, (mul(inv(mul(c007,X1)),mul(c003,c007))=mul(inv(X1),c003))).
%
%cnf(i_0_435, plain, (mul(inv(mul(c006,X1)),mul(c003,c006))=mul(inv(X1),c003))).
%
%cnf(i_0_353, plain, (mul(inv(mul(c003,c007)),mul(c007,inv(X1)))=inv(mul(X1,c003)))).
%
%cnf(i_0_436, plain, (mul(inv(mul(c005,X1)),mul(c004,c005))=mul(inv(X1),c004))).
%%
%cnf(i_0_445, plain, (mul(inv(mul(c002,c012)),mul(c012,X1))=mul(inv(c002),X1))).
%
%cnf(i_0_452, plain, (mul(inv(mul(c002,mul(c012,X1))),c012)=inv(mul(c002,X1)))).
%
%cnf(i_0_453, plain, (mul(inv(mul(c001,c011)),mul(c011,X1))=mul(inv(c001),X1))).
%
%cnf(i_0_460, plain, (mul(inv(mul(c001,mul(c011,X1))),c011)=inv(mul(c001,X1)))).
%
%cnf(i_0_461, plain, (mul(inv(mul(c002,c011)),mul(c011,X1))=mul(inv(c002),X1))).
%
%cnf(i_0_468, plain, (mul(inv(mul(c002,mul(c011,X1))),c011)=inv(mul(c002,X1)))).
%
%cnf(i_0_469, plain, (mul(inv(mul(c003,c008)),mul(c008,X1))=mul(inv(c003),X1))).
%
%cnf(i_0_476, plain, (mul(inv(mul(c003,mul(c008,X1))),c008)=inv(mul(c003,X1)))).
%
%cnf(i_0_354, plain, (mul(inv(mul(c003,c006)),mul(c006,inv(X1)))=inv(mul(X1,c003)))).
%
%cnf(i_0_477, plain, (mul(inv(mul(c003,c007)),mul(c007,X1))=mul(inv(c003),X1))).
%
%cnf(i_0_484, plain, (mul(inv(mul(c003,mul(c007,X1))),c007)=inv(mul(c003,X1)))).
%
%cnf(i_0_485, plain, (mul(inv(mul(c003,c006)),mul(c006,X1))=mul(inv(c003),X1))).
%
%cnf(i_0_492, plain, (mul(inv(mul(c003,mul(c006,X1))),c006)=inv(mul(c003,X1)))).
%
%cnf(i_0_493, plain, (mul(inv(mul(c004,c005)),mul(c005,X1))=mul(inv(c004),X1))).
%
%cnf(i_0_500, plain, (mul(inv(mul(c004,mul(c005,X1))),c005)=inv(mul(c004,X1)))).
%
%cnf(i_0_501, plain, (mul(c002,mul(inv(mul(c002,c014)),X1))=mul(inv(c014),X1))).
%
%cnf(i_0_506, plain, (mul(c002,mul(inv(mul(c002,c013)),X1))=mul(inv(c013),X1))).
%
%cnf(i_0_511, plain, (mul(c002,mul(inv(mul(c002,c012)),X1))=mul(inv(c012),X1))).
%
%cnf(i_0_516, plain, (mul(c001,mul(inv(mul(c001,c011)),X1))=mul(inv(c011),X1))).
%%
%cnf(i_0_521, plain, (mul(c002,mul(inv(mul(c002,c011)),X1))=mul(inv(c011),X1))).
%
%cnf(i_0_526, plain, (mul(c003,mul(inv(mul(c003,c008)),X1))=mul(inv(c008),X1))).
%
%cnf(i_0_531, plain, (mul(c003,mul(inv(mul(c003,c007)),X1))=mul(inv(c007),X1))).
%
%cnf(i_0_536, plain, (mul(c003,mul(inv(mul(c003,c006)),X1))=mul(inv(c006),X1))).
%
%cnf(i_0_541, plain, (mul(c004,mul(inv(mul(c004,c005)),X1))=mul(inv(c005),X1))).
%
%cnf(i_0_546, plain, (mul(inv(c014),mul(c002,X1))=mul(c002,mul(inv(c014),X1)))).
%
%cnf(i_0_558, plain, (mul(inv(c002),mul(c014,X1))=mul(c014,mul(inv(c002),X1)))).
%
%cnf(i_0_566, plain, (mul(inv(c013),mul(c002,X1))=mul(c002,mul(inv(c013),X1)))).
%
%cnf(i_0_578, plain, (mul(inv(c002),mul(c013,X1))=mul(c013,mul(inv(c002),X1)))).
%
%cnf(i_0_586, plain, (mul(inv(c012),mul(c002,X1))=mul(c002,mul(inv(c012),X1)))).
%%
%cnf(i_0_598, plain, (mul(inv(c002),mul(c012,X1))=mul(c012,mul(inv(c002),X1)))).
%
%cnf(i_0_606, plain, (mul(inv(c011),mul(c001,X1))=mul(c001,mul(inv(c011),X1)))).
%
%cnf(i_0_640, plain, (mul(c004,mul(c005,inv(mul(X1,c004))))=mul(c005,inv(X1)))).
%
%cnf(i_0_641, plain, (mul(c003,mul(c008,inv(mul(X1,c003))))=mul(c008,inv(X1)))).
%
%cnf(i_0_642, plain, (mul(c003,mul(c007,inv(mul(X1,c003))))=mul(c007,inv(X1)))).
%
%cnf(i_0_643, plain, (mul(c003,mul(c006,inv(mul(X1,c003))))=mul(c006,inv(X1)))).
%
%cnf(i_0_644, plain, (mul(c001,mul(c011,inv(mul(X1,c001))))=mul(c011,inv(X1)))).
%
%cnf(i_0_645, plain, (mul(c002,mul(c014,inv(mul(X1,c002))))=mul(c014,inv(X1)))).
%
%cnf(i_0_646, plain, (mul(c002,mul(c013,inv(mul(X1,c002))))=mul(c013,inv(X1)))).
%
%cnf(i_0_647, plain, (mul(c002,mul(c012,inv(mul(X1,c002))))=mul(c012,inv(X1)))).
%%
%cnf(i_0_648, plain, (mul(c002,mul(c011,inv(mul(X1,c002))))=mul(c011,inv(X1)))).
%
%cnf(i_0_676, plain, (mul(inv(c001),mul(c011,X1))=mul(c011,mul(inv(c001),X1)))).
%
%cnf(i_0_684, plain, (mul(inv(c011),mul(c002,X1))=mul(c002,mul(inv(c011),X1)))).
%
%cnf(i_0_697, plain, (mul(inv(c002),mul(c011,X1))=mul(c011,mul(inv(c002),X1)))).
%
%cnf(i_0_705, plain, (mul(inv(c008),mul(c003,X1))=mul(c003,mul(inv(c008),X1)))).
%
%cnf(i_0_718, plain, (mul(inv(c003),mul(c008,X1))=mul(c008,mul(inv(c003),X1)))).
%
%cnf(i_0_726, plain, (mul(inv(c007),mul(c003,X1))=mul(c003,mul(inv(c007),X1)))).
%
%cnf(i_0_739, plain, (mul(inv(c003),mul(c007,X1))=mul(c007,mul(inv(c003),X1)))).
%
%cnf(i_0_747, plain, (mul(inv(c006),mul(c003,X1))=mul(c003,mul(inv(c006),X1)))).
%
%cnf(i_0_760, plain, (mul(inv(c003),mul(c006,X1))=mul(c006,mul(inv(c003),X1)))).
%%
%cnf(i_0_768, plain, (mul(inv(c005),mul(c004,X1))=mul(c004,mul(inv(c005),X1)))).
%
%cnf(i_0_781, plain, (mul(inv(c004),mul(c005,X1))=mul(c005,mul(inv(c004),X1)))).
%%%%
%cnf(i_0_879, plain, (mul(c002,mul(c014,inv(mul(c002,c013))))=mul(c014,inv(c013)))).
%
%cnf(i_0_880, plain, (mul(c002,mul(c014,inv(mul(c002,c012))))=mul(c014,inv(c012)))).
%
%cnf(i_0_881, plain, (mul(c002,mul(c014,inv(mul(c002,c011))))=mul(c014,inv(c011)))).
%
%cnf(i_0_886, plain, (mul(c002,mul(c014,mul(c008,c014)))=mul(c014,mul(c008,c002)))).
%
%cnf(i_0_887, plain, (mul(c002,mul(c014,mul(c007,c013)))=mul(c014,mul(c007,c002)))).
%%
%cnf(i_0_888, plain, (mul(c002,mul(c014,mul(c006,c012)))=mul(c014,mul(c006,c002)))).
%
%cnf(i_0_889, plain, (mul(c002,mul(c014,mul(c005,c008)))=mul(c014,mul(c005,c002)))).
%
%cnf(i_0_890, plain, (mul(c002,mul(c014,mul(c004,c007)))=mul(c014,mul(c004,c002)))).
%
%cnf(i_0_891, plain, (mul(c002,mul(c014,mul(c003,c005)))=mul(c014,mul(c003,c002)))).
%%%%
%cnf(i_0_958, plain, (mul(c002,mul(c013,inv(mul(c002,c014))))=mul(c013,inv(c014)))).
%
%cnf(i_0_960, plain, (mul(c002,mul(c013,inv(mul(c002,c012))))=mul(c013,inv(c012)))).
%
%cnf(i_0_961, plain, (mul(c002,mul(c013,inv(mul(c002,c011))))=mul(c013,inv(c011)))).
%%
%cnf(i_0_966, plain, (mul(c002,mul(c013,mul(c008,c014)))=mul(c013,mul(c008,c002)))).
%
%cnf(i_0_967, plain, (mul(c002,mul(c013,mul(c007,c013)))=mul(c013,mul(c007,c002)))).
%
%cnf(i_0_968, plain, (mul(c002,mul(c013,mul(c006,c012)))=mul(c013,mul(c006,c002)))).
%
%cnf(i_0_969, plain, (mul(c002,mul(c013,mul(c005,c008)))=mul(c013,mul(c005,c002)))).
%
%cnf(i_0_970, plain, (mul(c002,mul(c013,mul(c004,c007)))=mul(c013,mul(c004,c002)))).
%
%cnf(i_0_971, plain, (mul(c002,mul(c013,mul(c003,c005)))=mul(c013,mul(c003,c002)))).
%%%%
%cnf(i_0_1002, plain, (mul(c002,mul(c012,inv(mul(c002,c014))))=mul(c012,inv(c014)))).
%%
%cnf(i_0_1003, plain, (mul(c002,mul(c012,inv(mul(c002,c013))))=mul(c012,inv(c013)))).
%
%cnf(i_0_1005, plain, (mul(c002,mul(c012,inv(mul(c002,c011))))=mul(c012,inv(c011)))).
%
%cnf(i_0_1010, plain, (mul(c002,mul(c012,mul(c008,c014)))=mul(c012,mul(c008,c002)))).
%
%cnf(i_0_1011, plain, (mul(c002,mul(c012,mul(c007,c013)))=mul(c012,mul(c007,c002)))).
%
%cnf(i_0_1012, plain, (mul(c002,mul(c012,mul(c006,c012)))=mul(c012,mul(c006,c002)))).
%
%cnf(i_0_1013, plain, (mul(c002,mul(c012,mul(c005,c008)))=mul(c012,mul(c005,c002)))).
%
%cnf(i_0_1014, plain, (mul(c002,mul(c012,mul(c004,c007)))=mul(c012,mul(c004,c002)))).
%
%cnf(i_0_1015, plain, (mul(c002,mul(c012,mul(c003,c005)))=mul(c012,mul(c003,c002)))).
%%%%%
%cnf(i_0_1028, plain, (mul(c001,mul(c011,mul(c006,c011)))=mul(c011,mul(c006,c001)))).
%
%cnf(i_0_1029, plain, (mul(c001,mul(c011,mul(c004,c006)))=mul(c011,mul(c004,c001)))).
%
%cnf(i_0_1030, plain, (mul(c001,mul(c011,mul(c003,c004)))=mul(c011,mul(c003,c001)))).
%
%cnf(i_0_1031, plain, (mul(c001,mul(c002,mul(c011,c003)))=mul(c002,mul(c001,c011)))).
%%%%
%cnf(i_0_1041, plain, (mul(c002,mul(c011,inv(mul(c002,c014))))=mul(c011,inv(c014)))).
%
%cnf(i_0_1042, plain, (mul(c002,mul(c011,inv(mul(c002,c013))))=mul(c011,inv(c013)))).
%%
%cnf(i_0_1043, plain, (mul(c002,mul(c011,inv(mul(c002,c012))))=mul(c011,inv(c012)))).
%
%cnf(i_0_1049, plain, (mul(c002,mul(c011,mul(c008,c014)))=mul(c011,mul(c008,c002)))).
%
%cnf(i_0_1050, plain, (mul(c002,mul(c011,mul(c007,c013)))=mul(c011,mul(c007,c002)))).
%
%cnf(i_0_1051, plain, (mul(c002,mul(c011,mul(c006,c012)))=mul(c011,mul(c006,c002)))).
%
%cnf(i_0_1052, plain, (mul(c002,mul(c011,mul(c005,c008)))=mul(c011,mul(c005,c002)))).
%
%cnf(i_0_1053, plain, (mul(c002,mul(c011,mul(c004,c007)))=mul(c011,mul(c004,c002)))).
%
%cnf(i_0_1054, plain, (mul(c002,mul(c011,mul(c003,c005)))=mul(c011,mul(c003,c002)))).
%%%%%
%cnf(i_0_1066, plain, (mul(c003,mul(c008,inv(mul(c003,c007))))=mul(c008,inv(c007)))).
%
%cnf(i_0_1067, plain, (mul(c003,mul(c008,inv(mul(c003,c006))))=mul(c008,inv(c006)))).
%
%cnf(i_0_1071, plain, (mul(c003,mul(c008,mul(c005,c010)))=mul(c008,mul(c005,c003)))).
%
%cnf(i_0_1072, plain, (mul(c003,mul(c008,mul(c004,c009)))=mul(c008,mul(c004,c003)))).
%%%%
%cnf(i_0_1084, plain, (mul(c003,mul(c007,inv(mul(c003,c008))))=mul(c007,inv(c008)))).
%
%cnf(i_0_1086, plain, (mul(c003,mul(c007,inv(mul(c003,c006))))=mul(c007,inv(c006)))).
%
%cnf(i_0_1090, plain, (mul(c003,mul(c007,mul(c005,c010)))=mul(c007,mul(c005,c003)))).
%%
%cnf(i_0_1091, plain, (mul(c003,mul(c007,mul(c004,c009)))=mul(c007,mul(c004,c003)))).
%%%%
%cnf(i_0_1103, plain, (mul(c003,mul(c006,inv(mul(c003,c008))))=mul(c006,inv(c008)))).
%
%cnf(i_0_1104, plain, (mul(c003,mul(c006,inv(mul(c003,c007))))=mul(c006,inv(c007)))).
%
%cnf(i_0_1109, plain, (mul(c003,mul(c006,mul(c005,c010)))=mul(c006,mul(c005,c003)))).
%
%cnf(i_0_1110, plain, (mul(c003,mul(c006,mul(c004,c009)))=mul(c006,mul(c004,c003)))).
%%%%%
%cnf(i_0_3291, plain, (mul(c002,mul(c003,mul(c004,c005)))=mul(c003,mul(c002,c004)))).
%
%cnf(i_0_3315, plain, (mul(c001,mul(c004,mul(c003,c006)))=mul(c004,mul(c001,c003)))).
%
%cnf(i_0_3341, plain, (mul(c002,mul(c004,mul(c003,c007)))=mul(c004,mul(c002,c003)))).
%
%cnf(i_0_3376, plain, (mul(c002,mul(c005,mul(c003,c008)))=mul(c005,mul(c002,c003)))).
%
%cnf(i_0_3469, plain, (mul(c001,mul(c006,mul(c001,c011)))=mul(c006,mul(c001,c001)))).
%
%cnf(i_0_3470, plain, (mul(c001,mul(c006,mul(c002,c011)))=mul(c006,mul(c001,c002)))).
%
%cnf(i_0_3478, plain, (mul(inv(mul(c002,mul(c001,c005))),c001)=inv(mul(c003,c002)))).
%
%cnf(i_0_3483, plain, (mul(c003,mul(c002,inv(mul(c002,mul(c001,c005)))))=inv(c001))).
%
%cnf(i_0_3487, plain, (mul(inv(mul(c003,mul(c001,c009))),c001)=inv(mul(c004,c003)))).
%%
%cnf(i_0_3492, plain, (mul(c004,mul(c003,inv(mul(c003,mul(c001,c009)))))=inv(c001))).
%
%cnf(i_0_3512, plain, (mul(c002,mul(c006,mul(c002,c012)))=mul(c006,mul(c002,c002)))).
%
%cnf(i_0_3519, plain, (mul(inv(mul(c002,mul(c005,c003))),c003)=inv(mul(c002,c010)))).
%
%cnf(i_0_3524, plain, (mul(c002,mul(c010,inv(mul(c002,mul(c005,c003)))))=inv(c003))).
%%%%%%%%%%
%cnf(i_0_3625, plain, (mul(c002,mul(c007,mul(c002,c013)))=mul(c007,mul(c002,c002)))).
%%%%%%%%%%%%%%%%%%%%%%%%%%%%%%
%cnf(i_0_553, plain, (mul(inv(X1),mul(c002,inv(c014)))=mul(inv(mul(c014,X1)),c002))).
%%%%%%%%%%%%%%%%%%%
%cnf(i_0_3890, plain, (mul(c002,mul(c008,mul(c002,c014)))=mul(c008,mul(c002,c002)))).
%
%cnf(i_0_3897, plain, (mul(inv(mul(c014,c014)),c002)=mul(c002,inv(mul(c014,c014))))).
%%
%cnf(i_0_565, plain, (mul(inv(X1),mul(c014,inv(c002)))=mul(inv(mul(c002,X1)),c014))).
%%
%cnf(i_0_3910, plain, (mul(inv(mul(c014,c013)),c002)=mul(c002,inv(mul(c014,c013))))).
%%%
%cnf(i_0_3923, plain, (mul(inv(mul(c014,c012)),c002)=mul(c002,inv(mul(c014,c012))))).
%%%
%cnf(i_0_3936, plain, (mul(inv(mul(c014,c011)),c002)=mul(c002,inv(mul(c014,c011))))).
%%%%
%cnf(i_0_3949, plain, (mul(inv(mul(c013,c014)),c002)=mul(c002,inv(mul(c013,c014))))).
%%%
%cnf(i_0_3962, plain, (mul(inv(mul(c013,c013)),c002)=mul(c002,inv(mul(c013,c013))))).
%%%
%cnf(i_0_3975, plain, (mul(inv(mul(c013,c012)),c002)=mul(c002,inv(mul(c013,c012))))).
%%%%
%cnf(i_0_573, plain, (mul(inv(X1),mul(c002,inv(c013)))=mul(inv(mul(c013,X1)),c002))).
%%%%%%%%%%%%%%%%%%%%%%
%cnf(i_0_585, plain, (mul(inv(X1),mul(c013,inv(c002)))=mul(inv(mul(c002,X1)),c013))).
%%%%%%%%%%%%%%%%%%%%%%
%cnf(i_0_593, plain, (mul(inv(X1),mul(c002,inv(c012)))=mul(inv(mul(c012,X1)),c002))).
%%%%%%%%%%%%%%%%%%%%%%
%cnf(i_0_605, plain, (mul(inv(X1),mul(c012,inv(c002)))=mul(inv(mul(c002,X1)),c012))).
%%%%%%%
%cnf(i_0_4537, plain, (mul(inv(mul(c013,c011)),c002)=mul(c002,inv(mul(c013,c011))))).
%%%
%cnf(i_0_4549, plain, (mul(inv(mul(c012,c014)),c002)=mul(c002,inv(mul(c012,c014))))).
%%%%
%cnf(i_0_4561, plain, (mul(inv(mul(c012,c013)),c002)=mul(c002,inv(mul(c012,c013))))).
%%%
%cnf(i_0_4573, plain, (mul(inv(mul(c012,c012)),c002)=mul(c002,inv(mul(c012,c012))))).
%%%
%cnf(i_0_4585, plain, (mul(inv(mul(c012,c011)),c002)=mul(c002,inv(mul(c012,c011))))).
%%
%cnf(i_0_613, plain, (mul(inv(X1),mul(c001,inv(c011)))=mul(inv(mul(c011,X1)),c001))).
%%
%cnf(i_0_4597, plain, (mul(inv(mul(c011,c011)),c001)=mul(c001,inv(mul(c011,c011))))).
%%%
%cnf(i_0_4606, plain, (mul(inv(mul(c011,c014)),c002)=mul(c002,inv(mul(c011,c014))))).
%%%
%cnf(i_0_4618, plain, (mul(inv(mul(c011,c013)),c002)=mul(c002,inv(mul(c011,c013))))).
%%%%
%cnf(i_0_4630, plain, (mul(inv(mul(c011,c012)),c002)=mul(c002,inv(mul(c011,c012))))).
%%%
%cnf(i_0_4642, plain, (mul(inv(mul(c011,c011)),c002)=mul(c002,inv(mul(c011,c011))))).
%%%
%cnf(i_0_4654, plain, (mul(inv(mul(c008,c008)),c003)=mul(c003,inv(mul(c008,c008))))).
%%%
%cnf(i_0_4666, plain, (mul(inv(mul(c008,c007)),c003)=mul(c003,inv(mul(c008,c007))))).
%
%cnf(i_0_621, plain, (inv(mul(X4,mul(X1,mul(X2,inv(X3)))))=mul(X3,inv(mul(X4,mul(X1,X2)))))).
%%%
%cnf(i_0_5242, plain, (mul(inv(mul(c008,c006)),c003)=mul(c003,inv(mul(c008,c006))))).
%%
%cnf(i_0_5256, plain, (mul(inv(mul(c007,c008)),c003)=mul(c003,inv(mul(c007,c008))))).
%%
%cnf(i_0_5270, plain, (mul(inv(mul(c007,c007)),c003)=mul(c003,inv(mul(c007,c007))))).
%%
%cnf(i_0_5284, plain, (mul(inv(mul(c007,c006)),c003)=mul(c003,inv(mul(c007,c006))))).
%%%
%cnf(i_0_5298, plain, (mul(inv(mul(c006,c008)),c003)=mul(c003,inv(mul(c006,c008))))).
%%
%cnf(i_0_5312, plain, (mul(inv(mul(c006,c007)),c003)=mul(c003,inv(mul(c006,c007))))).
%%%%%%%%%%%%%%%%%%%%%%%
%cnf(i_0_5740, plain, (mul(inv(mul(c006,c006)),c003)=mul(c003,inv(mul(c006,c006))))).
%%
%cnf(i_0_5754, plain, (mul(inv(mul(c005,c005)),c004)=mul(c004,inv(mul(c005,c005))))).
%%
%cnf(i_0_5900, plain, (mul(c002,inv(mul(X1,mul(c002,c014))))=inv(mul(X1,c014)))).
%
%cnf(i_0_5904, plain, (mul(c002,inv(mul(X1,mul(c002,c013))))=inv(mul(X1,c013)))).
%
%cnf(i_0_5908, plain, (mul(c002,inv(mul(X1,mul(c002,c012))))=inv(mul(X1,c012)))).
%%
%cnf(i_0_5912, plain, (mul(c001,inv(mul(X1,mul(c001,c011))))=inv(mul(X1,c011)))).
%
%cnf(i_0_5913, plain, (mul(c002,inv(mul(X1,mul(c002,c011))))=inv(mul(X1,c011)))).
%
%cnf(i_0_5920, plain, (mul(c003,inv(mul(X1,mul(c003,c008))))=inv(mul(X1,c008)))).
%
%cnf(i_0_5926, plain, (mul(c003,inv(mul(X1,mul(c003,c007))))=inv(mul(X1,c007)))).
%
%cnf(i_0_5932, plain, (mul(c003,inv(mul(X1,mul(c003,c006))))=inv(mul(X1,c006)))).
%
%cnf(i_0_5941, plain, (mul(c004,inv(mul(X1,mul(c004,c005))))=inv(mul(X1,c005)))).
%%%%%%%%%%%
%cnf(i_0_6251, plain, (mul(c010,inv(mul(c002,mul(c005,c003))))=inv(mul(c003,c002)))).
%
%cnf(i_0_6259, plain, (mul(c003,inv(mul(c003,mul(c001,c009))))=inv(mul(c001,c004)))).
%
%cnf(i_0_6262, plain, (mul(c002,inv(mul(c002,mul(c001,c005))))=inv(mul(c001,c003)))).
%
%cnf(i_0_6771, plain, (mul(inv(mul(c001,c003)),c002)=mul(c002,inv(mul(c001,c005))))).
%
%cnf(i_0_12490, plain, (mul(c001,mul(c003,mul(c002,inv(mul(c001,c005)))))=c002)).
%%%
%cnf(i_0_6772, plain, (mul(inv(c002),mul(c001,c003))=mul(c001,mul(c005,inv(c002))))).
%
%cnf(i_0_6784, plain, (mul(inv(mul(c001,c004)),c003)=mul(c003,inv(mul(c001,c009))))).
%
%cnf(i_0_12538, plain, (mul(c001,mul(c004,mul(c003,inv(mul(c001,c009)))))=c003)).
%%
%cnf(i_0_6785, plain, (mul(inv(c003),mul(c001,c004))=mul(c001,mul(c009,inv(c003))))).
%
%cnf(i_0_6797, plain, (mul(inv(mul(c002,c005)),c003)=mul(c003,inv(mul(c002,c010))))).
%
%cnf(i_0_6798, plain, (mul(inv(c003),mul(c002,c005))=mul(c002,mul(c010,inv(c003))))).
%%%%
%cnf(i_0_6811, plain, (mul(inv(c001),mul(c004,c011))=mul(c004,mul(inv(c001),c006)))).
%
%cnf(i_0_6822, plain, (mul(inv(c002),mul(c004,c013))=mul(c004,mul(inv(c002),c007)))).
%
%cnf(i_0_6867, plain, (mul(inv(c002),mul(c005,c014))=mul(c005,mul(inv(c002),c008)))).
%%%
%cnf(i_0_7019, plain, (mul(c005,mul(c003,inv(mul(c002,c010))))=mul(inv(c002),c003))).
%%%%%%%
%cnf(i_0_7601, plain, (mul(inv(mul(c002,mul(c002,c014))),c014)=inv(mul(c002,c002)))).
%
%cnf(i_0_7633, plain, (mul(inv(mul(c002,mul(c002,c013))),c013)=inv(mul(c002,c002)))).
%%%%%%%%%%%
%cnf(i_0_7754, plain, (mul(inv(mul(c002,c011)),mul(c001,c011))=mul(inv(c002),c001))).
%%%%
%cnf(i_0_7784, plain, (mul(inv(mul(c001,c011)),mul(c002,c011))=mul(inv(c001),c002))).
%%%%%%%%%%%%%%%%%
%cnf(i_0_7992, plain, (mul(inv(mul(c002,mul(c002,c012))),c012)=inv(mul(c002,c002)))).
%%%
%cnf(i_0_8053, plain, (mul(inv(mul(c001,mul(c001,c011))),c011)=inv(mul(c001,c001)))).
%
%cnf(i_0_8054, plain, (mul(inv(mul(c001,mul(c002,c011))),c011)=inv(mul(c001,c002)))).
%%%
%cnf(i_0_8113, plain, (mul(inv(mul(c002,mul(c001,c011))),c011)=inv(mul(c002,c001)))).
%
%cnf(i_0_8114, plain, (mul(inv(mul(c002,mul(c002,c011))),c011)=inv(mul(c002,c002)))).
%%%
%cnf(i_0_8175, plain, (mul(inv(mul(c003,mul(c003,c008))),c008)=inv(mul(c003,c003)))).
%%
%cnf(i_0_8262, plain, (mul(inv(mul(c003,mul(c003,c007))),c007)=inv(mul(c003,c003)))).
%%
%cnf(i_0_8324, plain, (mul(inv(mul(c003,mul(c003,c006))),c006)=inv(mul(c003,c003)))).
%%
%cnf(i_0_8388, plain, (mul(inv(mul(c004,mul(c004,c005))),c005)=inv(mul(c004,c004)))).
%%%
%cnf(i_0_683, plain, (mul(inv(X1),mul(c011,inv(c001)))=mul(inv(mul(c001,X1)),c011))).
%%%%%%%%%%%%%%%%%%%%
%cnf(i_0_8696, plain, (mul(c002,inv(mul(c002,mul(c014,c014))))=inv(mul(c014,c014)))).
%
%cnf(i_0_8697, plain, (mul(c002,inv(mul(c002,mul(c013,c014))))=inv(mul(c013,c014)))).
%
%cnf(i_0_691, plain, (mul(inv(X1),mul(c002,inv(c011)))=mul(inv(mul(c011,X1)),c002))).
%
%cnf(i_0_8698, plain, (mul(c002,inv(mul(c002,mul(c012,c014))))=inv(mul(c012,c014)))).
%
%cnf(i_0_8699, plain, (mul(c002,inv(mul(c002,mul(c011,c014))))=inv(mul(c011,c014)))).
%%%
%cnf(i_0_8815, plain, (mul(c002,inv(mul(c002,mul(c014,c013))))=inv(mul(c014,c013)))).
%
%cnf(i_0_8816, plain, (mul(c002,inv(mul(c002,mul(c013,c013))))=inv(mul(c013,c013)))).
%
%cnf(i_0_8817, plain, (mul(c002,inv(mul(c002,mul(c012,c013))))=inv(mul(c012,c013)))).
%
%cnf(i_0_8818, plain, (mul(c002,inv(mul(c002,mul(c011,c013))))=inv(mul(c011,c013)))).
%%%%
%cnf(i_0_8934, plain, (mul(c002,inv(mul(c002,mul(c014,c012))))=inv(mul(c014,c012)))).
%
%cnf(i_0_8935, plain, (mul(c002,inv(mul(c002,mul(c013,c012))))=inv(mul(c013,c012)))).
%
%cnf(i_0_8936, plain, (mul(c002,inv(mul(c002,mul(c012,c012))))=inv(mul(c012,c012)))).
%
%cnf(i_0_8937, plain, (mul(c002,inv(mul(c002,mul(c011,c012))))=inv(mul(c011,c012)))).
%%%
%cnf(i_0_9053, plain, (mul(c001,inv(mul(c001,mul(c011,c011))))=inv(mul(c011,c011)))).
%%%%
%cnf(i_0_704, plain, (mul(inv(X1),mul(c011,inv(c002)))=mul(inv(mul(c002,X1)),c011))).
%%%%%%%%%%%%%%%%%%%%%%
%cnf(i_0_712, plain, (mul(inv(X1),mul(c003,inv(c008)))=mul(inv(mul(c008,X1)),c003))).
%%%%%%%%%%%%%%%%%%%%%%
%cnf(i_0_725, plain, (mul(inv(X1),mul(c008,inv(c003)))=mul(inv(mul(c003,X1)),c008))).
%%%%%%%%%%
%cnf(i_0_9399, plain, (mul(inv(c001),mul(c002,c011))=mul(c011,mul(inv(c001),c002)))).
%%%
%cnf(i_0_9426, plain, (mul(c002,inv(mul(c002,mul(c014,c011))))=inv(mul(c014,c011)))).
%
%cnf(i_0_9427, plain, (mul(c002,inv(mul(c002,mul(c013,c011))))=inv(mul(c013,c011)))).
%
%cnf(i_0_9428, plain, (mul(c002,inv(mul(c002,mul(c012,c011))))=inv(mul(c012,c011)))).
%
%cnf(i_0_9429, plain, (mul(c002,inv(mul(c002,mul(c011,c011))))=inv(mul(c011,c011)))).
%
%cnf(i_0_9518, plain, (mul(inv(c002),mul(c001,c011))=mul(c011,mul(inv(c002),c001)))).
%%
%cnf(i_0_9546, plain, (mul(c003,inv(mul(c003,mul(c008,c008))))=inv(mul(c008,c008)))).
%
%cnf(i_0_9547, plain, (mul(c003,inv(mul(c003,mul(c007,c008))))=inv(mul(c007,c008)))).
%
%cnf(i_0_9548, plain, (mul(c003,inv(mul(c003,mul(c006,c008))))=inv(mul(c006,c008)))).
%
%cnf(i_0_733, plain, (mul(inv(X1),mul(c003,inv(c007)))=mul(inv(mul(c007,X1)),c003))).
%%
%cnf(i_0_9636, plain, (mul(c003,inv(mul(c003,mul(c008,c007))))=inv(mul(c008,c007)))).
%
%cnf(i_0_9637, plain, (mul(c003,inv(mul(c003,mul(c007,c007))))=inv(mul(c007,c007)))).
%
%cnf(i_0_9638, plain, (mul(c003,inv(mul(c003,mul(c006,c007))))=inv(mul(c006,c007)))).
%%
%cnf(i_0_9726, plain, (mul(c003,inv(mul(c003,mul(c008,c006))))=inv(mul(c008,c006)))).
%
%cnf(i_0_9727, plain, (mul(c003,inv(mul(c003,mul(c007,c006))))=inv(mul(c007,c006)))).
%
%cnf(i_0_9728, plain, (mul(c003,inv(mul(c003,mul(c006,c006))))=inv(mul(c006,c006)))).
%%
%cnf(i_0_9818, plain, (mul(c004,inv(mul(c004,mul(c005,c005))))=inv(mul(c005,c005)))).
%%%%%%%%%%%%
%cnf(i_0_746, plain, (mul(inv(X1),mul(c007,inv(c003)))=mul(inv(mul(c003,X1)),c007))).
%%%%%%%%%%%%%%
%cnf(i_0_11112, plain, (mul(inv(mul(c002,c002)),c014)=mul(c014,inv(mul(c002,c002))))).
%%%%%
%cnf(i_0_11316, plain, (mul(inv(mul(c002,c002)),c013)=mul(c013,inv(mul(c002,c002))))).
%%%
%cnf(i_0_754, plain, (mul(inv(X1),mul(c003,inv(c006)))=mul(inv(mul(c006,X1)),c003))).
%%%%%%%%%
%cnf(i_0_11412, plain, (mul(inv(mul(c002,c002)),c012)=mul(c012,inv(mul(c002,c002))))).
%%%%%%%%%%%%%
%cnf(i_0_767, plain, (mul(inv(X1),mul(c006,inv(c003)))=mul(inv(mul(c003,X1)),c006))).
%%%%%%%%%%%%%%%%%%%%%%
%cnf(i_0_775, plain, (mul(inv(X1),mul(c004,inv(c005)))=mul(inv(mul(c005,X1)),c004))).
%%%%%%%%%%%%%%%%%%%%%%
%cnf(i_0_788, plain, (mul(inv(X1),mul(c005,inv(c004)))=mul(inv(mul(c004,X1)),c005))).
%%%%%%%%%%%
%cnf(i_0_789, plain, (mul(inv(c001),mul(c002,mul(c001,X1)))=mul(c002,mul(c003,X1)))).
%%%%%%%%
%cnf(i_0_12443, plain, (mul(inv(mul(c002,mul(c005,c003))),mul(c003,c002))=inv(c010))).
%
%cnf(i_0_14055, plain, (mul(inv(mul(c003,c002)),mul(c002,mul(c005,c003)))=c010)).
%
%cnf(i_0_12455, plain, (mul(inv(mul(c003,mul(c001,c009))),mul(c001,c004))=inv(c003))).
%
%cnf(i_0_795, plain, (mul(inv(mul(c002,c001)),mul(c001,inv(X1)))=inv(mul(X1,mul(c002,c003))))).
%
%cnf(i_0_14085, plain, (mul(inv(mul(c001,c004)),mul(c003,mul(c001,c009)))=c003)).
%
%cnf(i_0_12473, plain, (mul(inv(mul(c002,mul(c001,c005))),mul(c001,c003))=inv(c002))).
%
%cnf(i_0_14152, plain, (mul(inv(mul(c001,c003)),mul(c002,mul(c001,c005)))=c002)).
%%
%cnf(i_0_12505, plain, (mul(c003,mul(c002,inv(mul(c001,c005))))=mul(inv(c001),c002))).
%%%
%cnf(i_0_12552, plain, (mul(c004,mul(c003,inv(mul(c001,c009))))=mul(inv(c001),c003))).
%%%
%cnf(i_0_796, plain, (mul(inv(mul(c001,X1)),mul(c002,c001))=mul(inv(X1),mul(c002,c003)))).
%
%cnf(i_0_14257, plain, (mul(inv(mul(c011,c003)),c003)=inv(c011))).
%
%cnf(i_0_14268, plain, (mul(c011,c003)=mul(c003,c011))).
%
%cnf(i_0_14266, plain, (mul(c011,mul(c003,inv(c011)))=c003)).
%%%
%cnf(i_0_14283, plain, (mul(inv(c011),mul(c003,c011))=c003)).
%
%cnf(i_0_14327, plain, (mul(c003,mul(c011,inv(c003)))=c011)).
%%
%cnf(i_0_14280, plain, (mul(inv(c011),c003)=mul(c003,inv(c011)))).
%
%cnf(i_0_14282, plain, (mul(inv(mul(c003,c011)),c011)=inv(c003))).
%
%cnf(i_0_797, plain, (mul(inv(c001),mul(c003,mul(c001,X1)))=mul(c003,mul(c004,X1)))).
%
%cnf(i_0_14285, plain, (mul(c003,inv(mul(c003,c011)))=inv(c011))).
%
%cnf(i_0_14304, plain, (mul(inv(c003),c011)=mul(c011,inv(c003)))).
%%%%%%%%%
%cnf(i_0_803, plain, (mul(inv(mul(c003,c001)),mul(c001,inv(X1)))=inv(mul(X1,mul(c003,c004))))).
%%%
%cnf(i_0_14269, plain, (mul(c011,mul(c003,X1))=mul(c003,mul(c011,X1)))).
%%%%%%%
%cnf(i_0_14323, plain, (mul(inv(c011),mul(c003,mul(c011,X1)))=mul(c003,X1))).
%
%cnf(i_0_804, plain, (mul(inv(mul(c001,X1)),mul(c003,c001))=mul(inv(X1),mul(c003,c004)))).
%
%cnf(i_0_14328, plain, (mul(c003,mul(c011,mul(inv(c003),X1)))=mul(c011,X1))).
%%
%cnf(i_0_14349, plain, (mul(c003,mul(c008,mul(c011,inv(c003))))=mul(c008,c011))).
%
%cnf(i_0_14350, plain, (mul(c003,mul(c007,mul(c011,inv(c003))))=mul(c007,c011))).
%
%cnf(i_0_14351, plain, (mul(c003,mul(c006,mul(c011,inv(c003))))=mul(c006,c011))).
%%%%%%
%cnf(i_0_805, plain, (mul(inv(c002),mul(c003,mul(c002,X1)))=mul(c003,mul(c005,X1)))).
%%%%%%
%cnf(i_0_14563, plain, (mul(c003,mul(c011,mul(c011,inv(c003))))=mul(c011,c011))).
%
%cnf(i_0_14564, plain, (mul(c003,mul(c011,mul(c008,inv(c003))))=mul(c011,c008))).
%
%cnf(i_0_14574, plain, (mul(c003,mul(c011,mul(c007,inv(c003))))=mul(c011,c007))).
%
%cnf(i_0_14584, plain, (mul(c003,mul(c011,mul(c006,inv(c003))))=mul(c011,c006))).
%%
%cnf(i_0_811, plain, (mul(inv(mul(c003,c002)),mul(c002,inv(X1)))=inv(mul(X1,mul(c003,c005))))).
%
%cnf(i_0_14630, plain, (mul(inv(c011),mul(c003,mul(c003,c011)))=mul(c003,c003))).
%
%cnf(i_0_14631, plain, (mul(inv(c011),mul(c003,mul(c001,c011)))=mul(c003,c001))).
%
%cnf(i_0_14632, plain, (mul(inv(c011),mul(c003,mul(c002,c011)))=mul(c003,c002))).
%%%%%
%cnf(i_0_15118, plain, (mul(c003,mul(c003,mul(c011,inv(mul(c003,c003)))))=c011)).
%%%
%cnf(i_0_812, plain, (mul(inv(mul(c002,X1)),mul(c003,c002))=mul(inv(X1),mul(c003,c005)))).
%
%cnf(i_0_12620, plain, (mul(c004,mul(c011,mul(inv(c006),mul(c001,inv(c004)))))=c001)).
%
%cnf(i_0_12635, plain, (mul(c004,mul(c013,mul(inv(c007),mul(c002,inv(c004)))))=c002)).
%
%cnf(i_0_12653, plain, (mul(c005,mul(c014,mul(inv(c008),mul(c002,inv(c005)))))=c002)).
%%%%%%
%cnf(i_0_12908, plain, (mul(inv(mul(c001,c001)),c011)=mul(c011,inv(mul(c001,c001))))).
%
%cnf(i_0_12909, plain, (mul(inv(mul(c001,c002)),c011)=mul(c011,inv(mul(c001,c002))))).
%
%cnf(i_0_813, plain, (mul(inv(c001),mul(c004,mul(c001,X1)))=mul(c004,mul(c006,X1)))).
%
%cnf(i_0_12926, plain, (mul(inv(mul(c002,mul(c014,c014))),mul(c014,c014))=inv(c002))).
%
%cnf(i_0_15463, plain, (mul(inv(mul(c014,c014)),mul(c002,mul(c014,c014)))=c002)).
%
%cnf(i_0_12945, plain, (mul(inv(mul(c002,mul(c013,c014))),mul(c013,c014))=inv(c002))).
%
%cnf(i_0_15493, plain, (mul(inv(mul(c013,c014)),mul(c002,mul(c013,c014)))=c002)).
%
%cnf(i_0_13015, plain, (mul(inv(mul(c002,mul(c012,c014))),mul(c012,c014))=inv(c002))).
%
%cnf(i_0_15523, plain, (mul(inv(mul(c012,c014)),mul(c002,mul(c012,c014)))=c002)).
%
%cnf(i_0_13034, plain, (mul(inv(mul(c002,mul(c011,c014))),mul(c011,c014))=inv(c002))).
%
%cnf(i_0_15553, plain, (mul(inv(mul(c011,c014)),mul(c002,mul(c011,c014)))=c002)).
%
%cnf(i_0_13053, plain, (mul(inv(mul(c002,mul(c014,c013))),mul(c014,c013))=inv(c002))).
%
%cnf(i_0_15583, plain, (mul(inv(mul(c014,c013)),mul(c002,mul(c014,c013)))=c002)).
%
%cnf(i_0_819, plain, (mul(inv(mul(c004,c001)),mul(c001,inv(X1)))=inv(mul(X1,mul(c004,c006))))).
%
%cnf(i_0_13072, plain, (mul(inv(mul(c002,mul(c013,c013))),mul(c013,c013))=inv(c002))).
%
%cnf(i_0_15650, plain, (mul(inv(mul(c013,c013)),mul(c002,mul(c013,c013)))=c002)).
%
%cnf(i_0_13091, plain, (mul(inv(mul(c002,mul(c012,c013))),mul(c012,c013))=inv(c002))).
%
%cnf(i_0_15680, plain, (mul(inv(mul(c012,c013)),mul(c002,mul(c012,c013)))=c002)).
%
%cnf(i_0_13110, plain, (mul(inv(mul(c002,mul(c011,c013))),mul(c011,c013))=inv(c002))).
%
%cnf(i_0_15710, plain, (mul(inv(mul(c011,c013)),mul(c002,mul(c011,c013)))=c002)).
%
%cnf(i_0_13129, plain, (mul(inv(mul(c002,mul(c014,c012))),mul(c014,c012))=inv(c002))).
%
%cnf(i_0_15740, plain, (mul(inv(mul(c014,c012)),mul(c002,mul(c014,c012)))=c002)).
%
%cnf(i_0_13148, plain, (mul(inv(mul(c002,mul(c013,c012))),mul(c013,c012))=inv(c002))).
%
%cnf(i_0_15770, plain, (mul(inv(mul(c013,c012)),mul(c002,mul(c013,c012)))=c002)).
%
%cnf(i_0_820, plain, (mul(inv(mul(c001,X1)),mul(c004,c001))=mul(inv(X1),mul(c004,c006)))).
%
%cnf(i_0_13167, plain, (mul(inv(mul(c002,mul(c012,c012))),mul(c012,c012))=inv(c002))).
%
%cnf(i_0_15858, plain, (mul(inv(mul(c012,c012)),mul(c002,mul(c012,c012)))=c002)).
%
%cnf(i_0_13186, plain, (mul(inv(mul(c002,mul(c011,c012))),mul(c011,c012))=inv(c002))).
%
%cnf(i_0_15888, plain, (mul(inv(mul(c011,c012)),mul(c002,mul(c011,c012)))=c002)).
%
%cnf(i_0_13205, plain, (mul(inv(mul(c001,mul(c011,c011))),mul(c011,c011))=inv(c001))).
%
%cnf(i_0_15918, plain, (mul(inv(mul(c011,c011)),mul(c001,mul(c011,c011)))=c001)).
%
%cnf(i_0_13251, plain, (mul(inv(mul(c002,c001)),c011)=mul(c011,inv(mul(c002,c001))))).
%
%cnf(i_0_13252, plain, (mul(inv(mul(c002,c002)),c011)=mul(c011,inv(mul(c002,c002))))).
%
%cnf(i_0_13352, plain, (mul(inv(mul(c003,c003)),c008)=mul(c008,inv(mul(c003,c003))))).
%
%cnf(i_0_13384, plain, (mul(inv(mul(c002,mul(c014,c011))),mul(c014,c011))=inv(c002))).
%
%cnf(i_0_821, plain, (mul(inv(c002),mul(c004,mul(c002,X1)))=mul(c004,mul(c007,X1)))).
%
%cnf(i_0_15990, plain, (mul(inv(mul(c014,c011)),mul(c002,mul(c014,c011)))=c002)).
%
%cnf(i_0_13403, plain, (mul(inv(mul(c002,mul(c013,c011))),mul(c013,c011))=inv(c002))).
%
%cnf(i_0_16173, plain, (mul(inv(mul(c013,c011)),mul(c002,mul(c013,c011)))=c002)).
%
%cnf(i_0_13422, plain, (mul(inv(mul(c002,mul(c012,c011))),mul(c012,c011))=inv(c002))).
%
%cnf(i_0_16203, plain, (mul(inv(mul(c012,c011)),mul(c002,mul(c012,c011)))=c002)).
%
%cnf(i_0_13441, plain, (mul(inv(mul(c002,mul(c011,c011))),mul(c011,c011))=inv(c002))).
%
%cnf(i_0_16233, plain, (mul(inv(mul(c011,c011)),mul(c002,mul(c011,c011)))=c002)).
%
%cnf(i_0_13479, plain, (mul(inv(mul(c003,mul(c008,c008))),mul(c008,c008))=inv(c003))).
%
%cnf(i_0_16263, plain, (mul(inv(mul(c008,c008)),mul(c003,mul(c008,c008)))=c003)).
%
%cnf(i_0_13497, plain, (mul(inv(mul(c003,mul(c007,c008))),mul(c007,c008))=inv(c003))).
%
%cnf(i_0_827, plain, (mul(inv(mul(c004,c002)),mul(c002,inv(X1)))=inv(mul(X1,mul(c004,c007))))).
%
%cnf(i_0_16293, plain, (mul(inv(mul(c007,c008)),mul(c003,mul(c007,c008)))=c003)).
%
%cnf(i_0_13515, plain, (mul(inv(mul(c003,mul(c006,c008))),mul(c006,c008))=inv(c003))).
%
%cnf(i_0_16389, plain, (mul(inv(mul(c006,c008)),mul(c003,mul(c006,c008)))=c003)).
%
%cnf(i_0_13583, plain, (mul(inv(mul(c003,mul(c008,c007))),mul(c008,c007))=inv(c003))).
%
%cnf(i_0_16419, plain, (mul(inv(mul(c008,c007)),mul(c003,mul(c008,c007)))=c003)).
%
%cnf(i_0_13601, plain, (mul(inv(mul(c003,mul(c007,c007))),mul(c007,c007))=inv(c003))).
%
%cnf(i_0_16449, plain, (mul(inv(mul(c007,c007)),mul(c003,mul(c007,c007)))=c003)).
%
%cnf(i_0_13619, plain, (mul(inv(mul(c003,mul(c006,c007))),mul(c006,c007))=inv(c003))).
%
%cnf(i_0_16479, plain, (mul(inv(mul(c006,c007)),mul(c003,mul(c006,c007)))=c003)).
%
%cnf(i_0_13637, plain, (mul(inv(mul(c003,mul(c008,c006))),mul(c008,c006))=inv(c003))).
%
%cnf(i_0_828, plain, (mul(inv(mul(c002,X1)),mul(c004,c002))=mul(inv(X1),mul(c004,c007)))).
%
%cnf(i_0_16509, plain, (mul(inv(mul(c008,c006)),mul(c003,mul(c008,c006)))=c003)).
%
%cnf(i_0_13655, plain, (mul(inv(mul(c003,mul(c007,c006))),mul(c007,c006))=inv(c003))).
%
%cnf(i_0_16696, plain, (mul(inv(mul(c007,c006)),mul(c003,mul(c007,c006)))=c003)).
%
%cnf(i_0_13673, plain, (mul(inv(mul(c003,mul(c006,c006))),mul(c006,c006))=inv(c003))).
%
%cnf(i_0_16726, plain, (mul(inv(mul(c006,c006)),mul(c003,mul(c006,c006)))=c003)).
%
%cnf(i_0_13691, plain, (mul(inv(mul(c004,mul(c005,c005))),mul(c005,c005))=inv(c004))).
%
%cnf(i_0_16756, plain, (mul(inv(mul(c005,c005)),mul(c004,mul(c005,c005)))=c004)).
%
%cnf(i_0_13738, plain, (mul(inv(mul(c003,c003)),c007)=mul(c007,inv(mul(c003,c003))))).
%
%cnf(i_0_13879, plain, (mul(inv(mul(c003,c003)),c006)=mul(c006,inv(mul(c003,c003))))).
%
%cnf(i_0_13976, plain, (mul(inv(mul(c004,c004)),c005)=mul(c005,inv(mul(c004,c004))))).
%
%cnf(i_0_829, plain, (mul(inv(c002),mul(c005,mul(c002,X1)))=mul(c005,mul(c008,X1)))).
%%%%%
%cnf(i_0_14284, plain, (mul(inv(mul(c003,c011)),mul(c011,X1))=mul(inv(c003),X1))).
%
%cnf(i_0_14286, plain, (mul(c003,mul(inv(mul(c003,c011)),X1))=mul(inv(c011),X1))).
%
%cnf(i_0_14287, plain, (mul(inv(mul(c011,X1)),mul(c003,c011))=mul(inv(X1),c003))).
%
%cnf(i_0_14288, plain, (mul(c003,inv(mul(X1,mul(c003,c011))))=inv(mul(X1,c011)))).
%
%cnf(i_0_14289, plain, (mul(c003,mul(c008,inv(mul(c003,c011))))=mul(c008,inv(c011)))).
%
%cnf(i_0_14290, plain, (mul(c003,mul(c007,inv(mul(c003,c011))))=mul(c007,inv(c011)))).
%
%cnf(i_0_835, plain, (mul(inv(mul(c005,c002)),mul(c002,inv(X1)))=inv(mul(X1,mul(c005,c008))))).
%
%cnf(i_0_14291, plain, (mul(c003,mul(c006,inv(mul(c003,c011))))=mul(c006,inv(c011)))).
%
%cnf(i_0_14292, plain, (mul(c001,mul(c003,mul(c006,c011)))=mul(c006,mul(c001,c003)))).
%
%cnf(i_0_14293, plain, (mul(inv(mul(c002,mul(c003,c011))),c011)=inv(mul(c002,c003)))).
%
%cnf(i_0_17276, plain, (mul(c002,mul(c003,mul(c011,inv(mul(c002,c003)))))=c011)).
%%
%cnf(i_0_14294, plain, (mul(inv(mul(c001,mul(c003,c011))),c011)=inv(mul(c001,c003)))).
%
%cnf(i_0_17314, plain, (mul(c001,mul(c003,mul(c011,inv(mul(c001,c003)))))=c011)).
%%
%cnf(i_0_14295, plain, (mul(inv(mul(c002,c011)),mul(c003,c011))=mul(inv(c002),c003))).
%
%cnf(i_0_14296, plain, (mul(inv(mul(c001,c011)),mul(c003,c011))=mul(inv(c001),c003))).
%
%cnf(i_0_836, plain, (mul(inv(mul(c002,X1)),mul(c005,c002))=mul(inv(X1),mul(c005,c008)))).
%
%cnf(i_0_14297, plain, (mul(inv(mul(c003,c011)),mul(c001,c011))=mul(inv(c003),c001))).
%
%cnf(i_0_14298, plain, (mul(inv(mul(c003,c011)),mul(c002,c011))=mul(inv(c003),c002))).
%
%cnf(i_0_14299, plain, (mul(inv(c001),mul(c003,c011))=mul(c011,mul(inv(c001),c003)))).
%
%cnf(i_0_14300, plain, (mul(inv(c002),mul(c003,c011))=mul(c011,mul(inv(c002),c003)))).
%
%cnf(i_0_14330, plain, (mul(c003,mul(c011,inv(mul(X1,c003))))=mul(c011,inv(X1)))).
%%
%cnf(i_0_14340, plain, (mul(inv(c011),mul(c003,X1))=mul(c003,mul(inv(c011),X1)))).
%%%%
%cnf(i_0_837, plain, (mul(inv(c003),mul(c004,mul(c003,X1)))=mul(c004,mul(c009,X1)))).
%%%%
%cnf(i_0_14382, plain, (mul(inv(mul(c003,mul(c011,X1))),c011)=inv(mul(c003,X1)))).
%%%%%
%cnf(i_0_14452, plain, (mul(c003,inv(mul(c003,mul(c011,c007))))=inv(mul(c011,c007)))).
%%
%cnf(i_0_843, plain, (mul(inv(mul(c004,c003)),mul(c003,inv(X1)))=inv(mul(X1,mul(c004,c009))))).
%%%
%cnf(i_0_14457, plain, (mul(c003,inv(mul(c003,mul(c011,c006))))=inv(mul(c011,c006)))).
%
%cnf(i_0_14458, plain, (mul(c003,inv(mul(c003,mul(c011,c008))))=inv(mul(c011,c008)))).
%
%cnf(i_0_14459, plain, (mul(inv(c003),mul(c011,X1))=mul(c011,mul(inv(c003),X1)))).
%%%
%cnf(i_0_1030, plain, (mul(c001,mul(c003,mul(c011,c004)))=mul(c003,mul(c001,c011)))).
%
%cnf(i_0_18080, plain, (mul(inv(mul(c011,c004)),c004)=inv(c011))).
%
%cnf(i_0_18088, plain, (mul(c011,c004)=mul(c004,c011))).
%
%cnf(i_0_844, plain, (mul(inv(mul(c003,X1)),mul(c004,c003))=mul(inv(X1),mul(c004,c009)))).
%
%cnf(i_0_18086, plain, (mul(c011,mul(c004,inv(c011)))=c004)).
%%%
%cnf(i_0_18101, plain, (mul(inv(c011),mul(c004,c011))=c004)).
%
%cnf(i_0_18264, plain, (mul(c004,mul(c011,inv(c004)))=c011)).
%%
%cnf(i_0_18098, plain, (mul(inv(c011),c004)=mul(c004,inv(c011)))).
%
%cnf(i_0_18100, plain, (mul(inv(mul(c004,c011)),c011)=inv(c004))).
%
%cnf(i_0_18103, plain, (mul(c004,inv(mul(c004,c011)))=inv(c011))).
%
%cnf(i_0_18237, plain, (mul(inv(c004),c011)=mul(c011,inv(c004)))).
%
%cnf(i_0_845, plain, (mul(inv(c003),mul(c005,mul(c003,X1)))=mul(c005,mul(c010,X1)))).
%%%%%%%%%%%
%cnf(i_0_851, plain, (mul(inv(mul(c005,c003)),mul(c003,inv(X1)))=inv(mul(X1,mul(c005,c010))))).
%%
%cnf(i_0_18089, plain, (mul(c011,mul(c004,X1))=mul(c004,mul(c011,X1)))).
%%%%%
%cnf(i_0_18260, plain, (mul(inv(c011),mul(c004,mul(c011,X1)))=mul(c004,X1))).
%
%cnf(i_0_18265, plain, (mul(c004,mul(c011,mul(inv(c004),X1)))=mul(c011,X1))).
%%
%cnf(i_0_18285, plain, (mul(c004,mul(c005,mul(c011,inv(c004))))=mul(c005,c011))).
%
%cnf(i_0_852, plain, (mul(inv(mul(c003,X1)),mul(c005,c003))=mul(inv(X1),mul(c005,c010)))).
%%%%%%%
%cnf(i_0_18548, plain, (mul(c004,mul(c011,mul(c011,inv(c004))))=mul(c011,c011))).
%
%cnf(i_0_18553, plain, (mul(c004,mul(c011,mul(c005,inv(c004))))=mul(c011,c005))).
%%
%cnf(i_0_18583, plain, (mul(inv(c011),mul(c004,mul(c004,c011)))=mul(c004,c004))).
%
%cnf(i_0_853, plain, (mul(inv(c001),mul(c006,mul(c001,X1)))=mul(c006,mul(c011,X1)))).
%
%cnf(i_0_18584, plain, (mul(inv(c011),mul(c004,mul(c003,c011)))=mul(c004,c003))).
%
%cnf(i_0_18585, plain, (mul(inv(c011),mul(c004,mul(c001,c011)))=mul(c004,c001))).
%
%cnf(i_0_18586, plain, (mul(inv(c011),mul(c004,mul(c002,c011)))=mul(c004,c002))).
%%%
%cnf(i_0_18807, plain, (mul(c004,mul(c004,mul(c011,inv(mul(c004,c004)))))=c011)).
%
%cnf(i_0_1054, plain, (mul(c002,mul(c003,mul(c011,c005)))=mul(c003,mul(c002,c011)))).
%
%cnf(i_0_18947, plain, (mul(inv(mul(c011,c005)),c005)=inv(c011))).
%
%cnf(i_0_18956, plain, (mul(c011,c005)=mul(c005,c011))).
%
%cnf(i_0_18954, plain, (mul(c011,mul(c005,inv(c011)))=c005)).
%
%cnf(i_0_859, plain, (mul(inv(mul(c006,c001)),mul(c001,inv(X1)))=inv(mul(X1,mul(c006,c011))))).
%%%
%cnf(i_0_18968, plain, (mul(inv(c011),mul(c005,c011))=c005)).
%
%cnf(i_0_19056, plain, (mul(c005,mul(c011,inv(c005)))=c011)).
%%
%cnf(i_0_18965, plain, (mul(inv(c011),c005)=mul(c005,inv(c011)))).
%
%cnf(i_0_18967, plain, (mul(inv(mul(c005,c011)),c011)=inv(c005))).
%
%cnf(i_0_18970, plain, (mul(c005,inv(mul(c005,c011)))=inv(c011))).
%
%cnf(i_0_18991, plain, (mul(inv(c005),c011)=mul(c011,inv(c005)))).
%%
%cnf(i_0_860, plain, (mul(inv(mul(c001,X1)),mul(c006,c001))=mul(inv(X1),mul(c006,c011)))).
%%%%%%%%%%%
%cnf(i_0_861, plain, (mul(inv(c002),mul(c006,mul(c002,X1)))=mul(c006,mul(c012,X1)))).
%
%cnf(i_0_18957, plain, (mul(c011,mul(c005,X1))=mul(c005,mul(c011,X1)))).
%%%%%
%cnf(i_0_18987, plain, (mul(inv(c011),mul(c004,mul(c005,c011)))=mul(c004,c005))).
%
%cnf(i_0_19052, plain, (mul(inv(c011),mul(c005,mul(c011,X1)))=mul(c005,X1))).
%
%cnf(i_0_19057, plain, (mul(c005,mul(c011,mul(inv(c005),X1)))=mul(c011,X1))).
%%%
%cnf(i_0_867, plain, (mul(inv(mul(c006,c002)),mul(c002,inv(X1)))=inv(mul(X1,mul(c006,c012))))).
%%%%
%cnf(i_0_19387, plain, (mul(c005,mul(c011,mul(c011,inv(c005))))=mul(c011,c011))).
%
%cnf(i_0_19398, plain, (mul(c004,mul(c005,mul(c011,inv(mul(c004,c005)))))=c011)).
%%
%cnf(i_0_19429, plain, (mul(inv(c011),mul(c005,mul(c005,c011)))=mul(c005,c005))).
%
%cnf(i_0_19431, plain, (mul(inv(c011),mul(c005,mul(c003,c011)))=mul(c005,c003))).
%
%cnf(i_0_19432, plain, (mul(inv(c011),mul(c005,mul(c001,c011)))=mul(c005,c001))).
%
%cnf(i_0_19433, plain, (mul(inv(c011),mul(c005,mul(c002,c011)))=mul(c005,c002))).
%
%cnf(i_0_868, plain, (mul(inv(mul(c002,X1)),mul(c006,c002))=mul(inv(X1),mul(c006,c012)))).
%%
%cnf(i_0_19595, plain, (mul(c005,mul(c005,mul(c011,inv(mul(c005,c005)))))=c011)).
%%%%%%
%cnf(i_0_14543, plain, (mul(c003,mul(c011,inv(mul(c003,c008))))=mul(c011,inv(c008)))).
%
%cnf(i_0_14544, plain, (mul(c003,mul(c011,inv(mul(c003,c007))))=mul(c011,inv(c007)))).
%
%cnf(i_0_14545, plain, (mul(c003,mul(c011,inv(mul(c003,c006))))=mul(c011,inv(c006)))).
%
%cnf(i_0_892, plain, (mul(inv(c002),mul(c007,mul(c002,X1)))=mul(c007,mul(c013,X1)))).
%
%cnf(i_0_14594, plain, (mul(c003,mul(c005,mul(c011,c010)))=mul(c005,mul(c003,c011)))).
%
%cnf(i_0_20065, plain, (mul(inv(mul(c011,c010)),c010)=inv(c011))).
%
%cnf(i_0_20073, plain, (mul(c010,c011)=mul(c011,c010))).
%
%cnf(i_0_20071, plain, (mul(c011,mul(c010,inv(c011)))=c010)).
%
%cnf(i_0_20077, plain, (mul(inv(c010),mul(c011,c010))=c011)).
%%%
%cnf(i_0_20070, plain, (mul(c011,inv(mul(c011,c010)))=inv(c010))).
%
%cnf(i_0_20082, plain, (mul(inv(c011),c010)=mul(c010,inv(c011)))).
%
%cnf(i_0_20162, plain, (mul(c010,mul(c011,inv(c010)))=c011)).
%
%cnf(i_0_898, plain, (mul(inv(mul(c007,c002)),mul(c002,inv(X1)))=inv(mul(X1,mul(c007,c013))))).
%%
%cnf(i_0_20093, plain, (mul(inv(c010),c011)=mul(c011,inv(c010)))).
%%%%%%%
%cnf(i_0_20074, plain, (mul(c010,mul(c011,X1))=mul(c011,mul(c010,X1)))).
%%
%cnf(i_0_899, plain, (mul(inv(mul(c002,X1)),mul(c007,c002))=mul(inv(X1),mul(c007,c013)))).
%%
%cnf(i_0_20148, plain, (mul(c010,mul(c001,c011))=mul(c011,mul(c010,c001)))).
%
%cnf(i_0_20149, plain, (mul(c010,mul(c002,c011))=mul(c011,mul(c010,c002)))).
%
%cnf(i_0_20153, plain, (mul(c010,mul(c003,c011))=mul(c011,mul(c010,c003)))).
%
%cnf(i_0_20282, plain, (mul(c010,mul(c005,c011))=mul(c011,mul(c010,c005)))).
%
%cnf(i_0_20283, plain, (mul(c010,mul(c004,c011))=mul(c011,mul(c010,c004)))).
%%%%
%cnf(i_0_20092, plain, (mul(c011,mul(c010,mul(inv(c011),X1)))=mul(c010,X1))).
%
%cnf(i_0_900, plain, (mul(inv(c002),mul(c008,mul(c002,X1)))=mul(c008,mul(c014,X1)))).
%
%cnf(i_0_20118, plain, (mul(inv(c010),mul(c011,mul(c010,X1)))=mul(c011,X1))).
%%%%%%
%cnf(i_0_20289, plain, (mul(c011,mul(c010,mul(c010,inv(c011))))=mul(c010,c010))).
%%%%
%cnf(i_0_906, plain, (mul(inv(mul(c008,c002)),mul(c002,inv(X1)))=inv(mul(X1,mul(c008,c014))))).
%%%%
%cnf(i_0_20539, plain, (mul(c011,mul(c010,mul(c005,inv(c011))))=mul(c010,c005))).
%
%cnf(i_0_20540, plain, (mul(c011,mul(c010,mul(c004,inv(c011))))=mul(c010,c004))).
%
%cnf(i_0_20541, plain, (mul(c011,mul(c010,mul(c003,inv(c011))))=mul(c010,c003))).
%
%cnf(i_0_20542, plain, (mul(c011,mul(c010,mul(c001,inv(c011))))=mul(c010,c001))).
%
%cnf(i_0_20543, plain, (mul(c011,mul(c010,mul(c002,inv(c011))))=mul(c010,c002))).
%
%cnf(i_0_20755, plain, (mul(inv(c010),mul(c011,mul(c011,c010)))=mul(c011,c011))).
%
%cnf(i_0_20998, plain, (mul(c011,mul(c011,mul(c010,inv(mul(c011,c011)))))=c010)).
%
%cnf(i_0_907, plain, (mul(inv(mul(c002,X1)),mul(c008,c002))=mul(inv(X1),mul(c008,c014)))).
%
%cnf(i_0_14597, plain, (mul(c003,mul(c004,mul(c011,c009)))=mul(c004,mul(c003,c011)))).
%
%cnf(i_0_21208, plain, (mul(inv(mul(c011,c009)),c009)=inv(c011))).
%
%cnf(i_0_21217, plain, (mul(c009,c011)=mul(c011,c009))).
%
%cnf(i_0_21215, plain, (mul(c011,mul(c009,inv(c011)))=c009)).
%
%cnf(i_0_21221, plain, (mul(inv(c009),mul(c011,c009))=c011)).
%%%
%cnf(i_0_21214, plain, (mul(c011,inv(mul(c011,c009)))=inv(c009))).
%
%cnf(i_0_21226, plain, (mul(inv(c011),c009)=mul(c009,inv(c011)))).
%
%cnf(i_0_21308, plain, (mul(c009,mul(c011,inv(c009)))=c011)).
%
%cnf(i_0_1127, plain, (mul(inv(mul(c005,c003)),mul(c003,X1))=mul(inv(mul(c005,c010)),X1))).
%%
%cnf(i_0_21237, plain, (mul(inv(c009),c011)=mul(c011,inv(c009)))).
%%%%%%%
%cnf(i_0_21218, plain, (mul(c009,mul(c011,X1))=mul(c011,mul(c009,X1)))).
%%%%
%cnf(i_0_21293, plain, (mul(c009,mul(c001,c011))=mul(c011,mul(c009,c001)))).
%
%cnf(i_0_21294, plain, (mul(c009,mul(c002,c011))=mul(c011,mul(c009,c002)))).
%
%cnf(i_0_21298, plain, (mul(c009,mul(c003,c011))=mul(c011,mul(c009,c003)))).
%
%cnf(i_0_21483, plain, (mul(c009,mul(c005,c011))=mul(c011,mul(c009,c005)))).
%
%cnf(i_0_21484, plain, (mul(c009,mul(c004,c011))=mul(c011,mul(c009,c004)))).
%%%%
%cnf(i_0_21236, plain, (mul(c011,mul(c009,mul(inv(c011),X1)))=mul(c009,X1))).
%
%cnf(i_0_1134, plain, (mul(inv(mul(c005,mul(c003,X1))),c003)=inv(mul(c005,mul(c010,X1))))).
%
%cnf(i_0_21262, plain, (mul(c011,mul(c010,mul(c009,inv(c011))))=mul(c010,c009))).
%
%cnf(i_0_21263, plain, (mul(inv(c009),mul(c011,mul(c009,X1)))=mul(c011,X1))).
%%%%%%%
%cnf(i_0_21492, plain, (mul(c011,mul(c009,mul(c010,inv(c011))))=mul(c009,c010))).
%
%cnf(i_0_21500, plain, (mul(c011,mul(c009,mul(c009,inv(c011))))=mul(c009,c009))).
%
%cnf(i_0_1135, plain, (mul(inv(mul(c004,c003)),mul(c003,X1))=mul(inv(mul(c004,c009)),X1))).
%%%%%%%%
%cnf(i_0_21596, plain, (mul(c011,mul(c009,mul(c005,inv(c011))))=mul(c009,c005))).
%
%cnf(i_0_21597, plain, (mul(c011,mul(c009,mul(c004,inv(c011))))=mul(c009,c004))).
%
%cnf(i_0_21598, plain, (mul(c011,mul(c009,mul(c003,inv(c011))))=mul(c009,c003))).
%%
%cnf(i_0_21599, plain, (mul(c011,mul(c009,mul(c001,inv(c011))))=mul(c009,c001))).
%
%cnf(i_0_21600, plain, (mul(c011,mul(c009,mul(c002,inv(c011))))=mul(c009,c002))).
%
%cnf(i_0_21805, plain, (mul(inv(c009),mul(c011,mul(c011,c009)))=mul(c011,c011))).
%
%cnf(i_0_22135, plain, (mul(c011,mul(c011,mul(c009,inv(mul(c011,c011)))))=c009)).
%%%%%%
%cnf(i_0_14760, plain, (mul(inv(mul(c008,c011)),c003)=mul(c003,inv(mul(c008,c011))))).
%
%cnf(i_0_1142, plain, (mul(inv(mul(c004,mul(c003,X1))),c003)=inv(mul(c004,mul(c009,X1))))).
%
%cnf(i_0_14768, plain, (mul(c003,inv(mul(c003,mul(c008,c011))))=inv(mul(c008,c011)))).
%
%cnf(i_0_14779, plain, (mul(inv(mul(c007,c011)),c003)=mul(c003,inv(mul(c007,c011))))).
%
%cnf(i_0_14787, plain, (mul(c003,inv(mul(c003,mul(c007,c011))))=inv(mul(c007,c011)))).
%
%cnf(i_0_14798, plain, (mul(inv(mul(c006,c011)),c003)=mul(c003,inv(mul(c006,c011))))).
%
%cnf(i_0_14806, plain, (mul(c003,inv(mul(c003,mul(c006,c011))))=inv(mul(c006,c011)))).
%
%cnf(i_0_14973, plain, (mul(inv(mul(c011,c011)),c003)=mul(c003,inv(mul(c011,c011))))).
%%
%cnf(i_0_14981, plain, (mul(c003,inv(mul(c003,mul(c011,c011))))=inv(mul(c011,c011)))).
%
%cnf(i_0_14992, plain, (mul(inv(mul(c011,c008)),c003)=mul(c003,inv(mul(c011,c008))))).
%%
%cnf(i_0_1143, plain, (mul(inv(mul(c006,c001)),mul(c001,X1))=mul(inv(mul(c006,c011)),X1))).
%
%cnf(i_0_22544, plain, (mul(inv(mul(c006,c011)),mul(c003,mul(c006,c011)))=c003)).
%%
%cnf(i_0_15011, plain, (mul(inv(mul(c011,c007)),c003)=mul(c003,inv(mul(c011,c007))))).
%%%
%cnf(i_0_15030, plain, (mul(inv(mul(c011,c006)),c003)=mul(c003,inv(mul(c011,c006))))).
%%%%%%%%%%%%%%%%
%cnf(i_0_1150, plain, (mul(inv(mul(c006,mul(c001,X1))),c001)=inv(mul(c006,mul(c011,X1))))).
%%%%%%%%%%%
%cnf(i_0_1151, plain, (mul(inv(mul(c004,c001)),mul(c001,X1))=mul(inv(mul(c004,c006)),X1))).
%%%%%%%
%cnf(i_0_17352, plain, (mul(inv(c003),mul(c002,c011))=mul(c011,mul(inv(c003),c002)))).
%%%
%cnf(i_0_17369, plain, (mul(inv(c003),mul(c001,c011))=mul(c011,mul(inv(c003),c001)))).
%%%%%%%%%%%%
%cnf(i_0_1158, plain, (mul(inv(mul(c004,mul(c001,X1))),c001)=inv(mul(c004,mul(c006,X1))))).
%%%%%%%%%
%cnf(i_0_17893, plain, (mul(inv(mul(c003,mul(c003,c011))),c011)=inv(mul(c003,c003)))).
%
%cnf(i_0_17894, plain, (mul(inv(mul(c003,mul(c001,c011))),c011)=inv(mul(c003,c001)))).
%
%cnf(i_0_1159, plain, (mul(inv(mul(c003,c001)),mul(c001,X1))=mul(inv(mul(c003,c004)),X1))).
%
%cnf(i_0_17895, plain, (mul(inv(mul(c003,mul(c002,c011))),c011)=inv(mul(c003,c002)))).
%
%cnf(i_0_17915, plain, (mul(inv(mul(c003,mul(c011,c007))),mul(c011,c007))=inv(c003))).
%
%cnf(i_0_22922, plain, (mul(inv(mul(c011,c007)),mul(c003,mul(c011,c007)))=c003)).
%
%cnf(i_0_17989, plain, (mul(inv(mul(c003,mul(c011,c006))),mul(c011,c006))=inv(c003))).
%
%cnf(i_0_22952, plain, (mul(inv(mul(c011,c006)),mul(c003,mul(c011,c006)))=c003)).
%
%cnf(i_0_18011, plain, (mul(inv(mul(c003,mul(c011,c008))),mul(c011,c008))=inv(c003))).
%
%cnf(i_0_22982, plain, (mul(inv(mul(c011,c008)),mul(c003,mul(c011,c008)))=c003)).
%
%cnf(i_0_18051, plain, (mul(inv(mul(c001,c003)),c011)=mul(c011,inv(mul(c001,c003))))).
%
%cnf(i_0_18052, plain, (mul(inv(mul(c002,c003)),c011)=mul(c011,inv(mul(c002,c003))))).
%%%%%%%%
%cnf(i_0_18102, plain, (mul(inv(mul(c004,c011)),mul(c011,X1))=mul(inv(c004),X1))).
%
%cnf(i_0_18104, plain, (mul(c004,mul(inv(mul(c004,c011)),X1))=mul(inv(c011),X1))).
%
%cnf(i_0_18105, plain, (mul(inv(mul(c011,X1)),mul(c004,c011))=mul(inv(X1),c004))).
%
%cnf(i_0_18106, plain, (mul(c004,inv(mul(X1,mul(c004,c011))))=inv(mul(X1,c011)))).
%
%cnf(i_0_18107, plain, (mul(c004,mul(c005,inv(mul(c004,c011))))=mul(c005,inv(c011)))).
%
%cnf(i_0_1166, plain, (mul(inv(mul(c003,mul(c001,X1))),c001)=inv(mul(c003,mul(c004,X1))))).
%
%cnf(i_0_18108, plain, (mul(c001,mul(c006,mul(c004,c011)))=mul(c006,mul(c001,c004)))).
%
%cnf(i_0_18109, plain, (mul(inv(mul(c002,mul(c004,c011))),c011)=inv(mul(c002,c004)))).
%
%cnf(i_0_23334, plain, (mul(c002,mul(c004,mul(c011,inv(mul(c002,c004)))))=c011)).
%%
%cnf(i_0_18110, plain, (mul(inv(mul(c001,mul(c004,c011))),c011)=inv(mul(c001,c004)))).
%
%cnf(i_0_23378, plain, (mul(c001,mul(c004,mul(c011,inv(mul(c001,c004)))))=c011)).
%%
%cnf(i_0_18111, plain, (mul(inv(mul(c002,c011)),mul(c004,c011))=mul(inv(c002),c004))).
%
%cnf(i_0_18112, plain, (mul(inv(mul(c001,c011)),mul(c004,c011))=mul(inv(c001),c004))).
%
%cnf(i_0_18113, plain, (mul(inv(mul(c004,c011)),mul(c001,c011))=mul(inv(c004),c001))).
%
%cnf(i_0_1167, plain, (mul(inv(mul(c002,c001)),mul(c001,X1))=mul(inv(mul(c002,c003)),X1))).
%
%cnf(i_0_18114, plain, (mul(inv(mul(c004,c011)),mul(c002,c011))=mul(inv(c004),c002))).
%
%cnf(i_0_18115, plain, (mul(c011,mul(inv(c001),c004))=mul(c004,mul(inv(c001),c006)))).
%
%cnf(i_0_23570, plain, (mul(inv(mul(c001,c011)),c006)=mul(c006,inv(c001)))).
%
%cnf(i_0_23590, plain, (mul(inv(c011),c006)=mul(c006,inv(c011)))).
%
%cnf(i_0_23593, plain, (mul(c011,mul(c006,inv(c011)))=c006)).
%
%cnf(i_0_23595, plain, (mul(c006,mul(c011,inv(c006)))=c011)).
%%
%cnf(i_0_23592, plain, (mul(c011,inv(mul(c011,c006)))=inv(c006))).
%
%cnf(i_0_23654, plain, (mul(c011,c006)=mul(c006,c011))).
%
%cnf(i_0_23685, plain, (mul(inv(c011),mul(c006,c011))=c006)).
%%
%cnf(i_0_23599, plain, (mul(inv(c006),c011)=mul(c011,inv(c006)))).
%%
%cnf(i_0_23610, plain, (mul(c006,inv(mul(c006,c011)))=inv(c011))).
%%%%%%%%
%cnf(i_0_1174, plain, (mul(inv(mul(c002,mul(c001,X1))),c001)=inv(mul(c002,mul(c003,X1))))).
%%
%cnf(i_0_23684, plain, (mul(inv(mul(c006,c011)),c011)=inv(c006))).
%%%%%%
%cnf(i_0_23578, plain, (mul(c001,mul(c011,mul(c006,inv(c001))))=c006)).
%
%cnf(i_0_23580, plain, (mul(c006,mul(c001,inv(c006)))=mul(c001,c011))).
%%
%cnf(i_0_1175, plain, (mul(inv(mul(c008,c002)),mul(c002,X1))=mul(inv(mul(c008,c014)),X1))).
%%%
%cnf(i_0_23571, plain, (mul(inv(c006),mul(c001,c011))=mul(c001,inv(c006)))).
%%%
%cnf(i_0_23589, plain, (mul(c011,mul(c006,inv(c001)))=mul(inv(c001),c006))).
%%%
%cnf(i_0_23656, plain, (mul(c011,mul(c006,X1))=mul(c006,mul(c011,X1)))).
%%%%%%%%
%cnf(i_0_23693, plain, (mul(inv(mul(c006,c001)),c011)=inv(mul(c001,c006)))).
%
%cnf(i_0_24140, plain, (mul(inv(c011),mul(c006,c001))=mul(c001,c006))).
%
%cnf(i_0_23708, plain, (mul(c010,mul(c006,c011))=mul(c011,mul(c010,c006)))).
%
%cnf(i_0_23709, plain, (mul(c009,mul(c006,c011))=mul(c011,mul(c009,c006)))).
%%
%cnf(i_0_1182, plain, (mul(inv(mul(c008,mul(c002,X1))),c002)=inv(mul(c008,mul(c014,X1))))).
%%%%%
%cnf(i_0_23870, plain, (mul(c006,inv(mul(c006,c001)))=inv(mul(c001,c011)))).
%%%%
%cnf(i_0_23596, plain, (mul(c006,mul(c011,mul(inv(c006),X1)))=mul(c011,X1))).
%
%cnf(i_0_23604, plain, (mul(c011,mul(c010,mul(c006,inv(c011))))=mul(c010,c006))).
%
%cnf(i_0_1183, plain, (mul(inv(mul(c007,c002)),mul(c002,X1))=mul(inv(mul(c007,c013)),X1))).
%
%cnf(i_0_23605, plain, (mul(c011,mul(c009,mul(c006,inv(c011))))=mul(c009,c006))).
%%%
%cnf(i_0_23704, plain, (mul(inv(c011),mul(c004,mul(c006,c011)))=mul(c004,c006))).
%
%cnf(i_0_23707, plain, (mul(inv(c011),mul(c005,mul(c006,c011)))=mul(c005,c006))).
%
%cnf(i_0_23713, plain, (mul(inv(c011),mul(c006,mul(c011,X1)))=mul(c006,X1))).
%%%%%%
%cnf(i_0_24127, plain, (mul(c006,mul(c011,mul(c011,inv(c006))))=mul(c011,c011))).
%%
%cnf(i_0_24631, plain, (mul(c004,mul(c006,mul(c011,inv(mul(c004,c006)))))=c011)).
%
%cnf(i_0_24647, plain, (mul(c005,mul(c006,mul(c011,inv(mul(c005,c006)))))=c011)).
%
%cnf(i_0_24682, plain, (mul(inv(c011),mul(c006,mul(c006,c011)))=mul(c006,c006))).
%
%cnf(i_0_24683, plain, (mul(inv(c011),mul(c006,mul(c005,c011)))=mul(c006,c005))).
%
%cnf(i_0_24684, plain, (mul(inv(c011),mul(c006,mul(c004,c011)))=mul(c006,c004))).
%
%cnf(i_0_24686, plain, (mul(inv(c011),mul(c006,mul(c001,c011)))=mul(c006,c001))).
%
%cnf(i_0_24687, plain, (mul(inv(c011),mul(c006,mul(c002,c011)))=mul(c006,c002))).
%
%cnf(i_0_24778, plain, (mul(c006,mul(c006,mul(c011,inv(mul(c006,c006)))))=c011)).
%
%cnf(i_0_1190, plain, (mul(inv(mul(c007,mul(c002,X1))),c002)=inv(mul(c007,mul(c013,X1))))).
%
%cnf(i_0_24794, plain, (mul(c006,mul(c005,mul(c011,inv(mul(c006,c005)))))=c011)).
%
%cnf(i_0_24810, plain, (mul(c006,mul(c004,mul(c011,inv(mul(c006,c004)))))=c011)).
%
%cnf(i_0_18116, plain, (mul(inv(c002),mul(c004,c011))=mul(c011,mul(inv(c002),c004)))).
%
%cnf(i_0_18117, plain, (mul(inv(mul(c003,c011)),mul(c004,c011))=mul(inv(c003),c004))).
%
%cnf(i_0_18118, plain, (mul(inv(mul(c004,c011)),mul(c003,c011))=mul(inv(c004),c003))).
%
%cnf(i_0_18119, plain, (mul(inv(mul(c003,mul(c004,c011))),c011)=inv(mul(c003,c004)))).
%
%cnf(i_0_25111, plain, (mul(c003,mul(c004,mul(c011,inv(mul(c003,c004)))))=c011)).
%%
%cnf(i_0_18120, plain, (mul(inv(c003),mul(c004,c011))=mul(c011,mul(inv(c003),c004)))).
%%
%cnf(i_0_1191, plain, (mul(inv(mul(c006,c002)),mul(c002,X1))=mul(inv(mul(c006,c012)),X1))).
%
%cnf(i_0_18267, plain, (mul(c004,mul(c011,inv(mul(X1,c004))))=mul(c011,inv(X1)))).
%%
%cnf(i_0_18277, plain, (mul(inv(c011),mul(c004,X1))=mul(c004,mul(inv(c011),X1)))).
%%%%%%%
%cnf(i_0_18313, plain, (mul(inv(mul(c004,mul(c011,X1))),c011)=inv(mul(c004,X1)))).
%%%%%%%
%cnf(i_0_18329, plain, (mul(c004,inv(mul(c004,mul(c005,c011))))=inv(mul(c005,c011)))).
%
%cnf(i_0_18330, plain, (mul(inv(c004),mul(c011,X1))=mul(c011,mul(inv(c004),X1)))).
%%%%
%cnf(i_0_1198, plain, (mul(inv(mul(c006,mul(c002,X1))),c002)=inv(mul(c006,mul(c012,X1))))).
%
%cnf(i_0_1053, plain, (mul(c002,mul(c004,mul(c011,c007)))=mul(c004,mul(c002,c011)))).
%
%cnf(i_0_25738, plain, (mul(inv(mul(c011,c007)),c007)=inv(c011))).
%
%cnf(i_0_25761, plain, (mul(c011,c007)=mul(c007,c011))).
%
%cnf(i_0_25759, plain, (mul(c011,mul(c007,inv(c011)))=c007)).
%%%
%cnf(i_0_25773, plain, (mul(inv(c011),mul(c007,c011))=c007)).
%
%cnf(i_0_25840, plain, (mul(c007,mul(c011,inv(c007)))=c011)).
%%
%cnf(i_0_25770, plain, (mul(inv(c011),c007)=mul(c007,inv(c011)))).
%
%cnf(i_0_1199, plain, (mul(inv(mul(c005,c002)),mul(c002,X1))=mul(inv(mul(c005,c008)),X1))).
%
%cnf(i_0_25772, plain, (mul(inv(mul(c007,c011)),c011)=inv(c007))).
%
%cnf(i_0_25775, plain, (mul(c007,inv(mul(c007,c011)))=inv(c011))).
%
%cnf(i_0_25805, plain, (mul(inv(c007),c011)=mul(c011,inv(c007)))).
%%%%%%%%%%%%%
%cnf(i_0_25762, plain, (mul(c011,mul(c007,X1))=mul(c007,mul(c011,X1)))).
%%
%cnf(i_0_25797, plain, (mul(c010,mul(c007,c011))=mul(c011,mul(c010,c007)))).
%
%cnf(i_0_25798, plain, (mul(c009,mul(c007,c011))=mul(c011,mul(c009,c007)))).
%%%
%cnf(i_0_1206, plain, (mul(inv(mul(c005,mul(c002,X1))),c002)=inv(mul(c005,mul(c008,X1))))).
%%%%
%cnf(i_0_25796, plain, (mul(inv(c011),mul(c005,mul(c007,c011)))=mul(c005,c007))).
%
%cnf(i_0_25799, plain, (mul(inv(c011),mul(c006,mul(c007,c011)))=mul(c006,c007))).
%
%cnf(i_0_25802, plain, (mul(inv(mul(c007,c011)),mul(c003,mul(c007,c011)))=c003)).
%
%cnf(i_0_25836, plain, (mul(inv(c011),mul(c007,mul(c011,X1)))=mul(c007,X1))).
%
%cnf(i_0_25841, plain, (mul(c007,mul(c011,mul(inv(c007),X1)))=mul(c011,X1))).
%%%
%cnf(i_0_1207, plain, (mul(inv(mul(c004,c002)),mul(c002,X1))=mul(inv(mul(c004,c007)),X1))).
%
%cnf(i_0_25881, plain, (mul(c011,mul(c010,mul(c007,inv(c011))))=mul(c010,c007))).
%
%cnf(i_0_25882, plain, (mul(c011,mul(c009,mul(c007,inv(c011))))=mul(c009,c007))).
%%%%
%cnf(i_0_26129, plain, (mul(c007,mul(c011,mul(c011,inv(c007))))=mul(c011,c011))).
%
%cnf(i_0_26311, plain, (mul(c005,mul(c007,mul(c011,inv(mul(c005,c007)))))=c011)).
%
%cnf(i_0_26327, plain, (mul(c006,mul(c007,mul(c011,inv(mul(c006,c007)))))=c011)).
%%
%cnf(i_0_26377, plain, (mul(inv(c011),mul(c007,mul(c007,c011)))=mul(c007,c007))).
%%
%cnf(i_0_26378, plain, (mul(inv(c011),mul(c007,mul(c006,c011)))=mul(c007,c006))).
%
%cnf(i_0_26379, plain, (mul(inv(c011),mul(c007,mul(c005,c011)))=mul(c007,c005))).
%
%cnf(i_0_26380, plain, (mul(inv(c011),mul(c007,mul(c004,c011)))=mul(c007,c004))).
%
%cnf(i_0_26382, plain, (mul(inv(c011),mul(c007,mul(c001,c011)))=mul(c007,c001))).
%
%cnf(i_0_26383, plain, (mul(inv(c011),mul(c007,mul(c002,c011)))=mul(c007,c002))).
%%
%cnf(i_0_26747, plain, (mul(c007,mul(c007,mul(c011,inv(mul(c007,c007)))))=c011)).
%
%cnf(i_0_26763, plain, (mul(c007,mul(c006,mul(c011,inv(mul(c007,c006)))))=c011)).
%
%cnf(i_0_26779, plain, (mul(c007,mul(c005,mul(c011,inv(mul(c007,c005)))))=c011)).
%%
%cnf(i_0_1214, plain, (mul(inv(mul(c004,mul(c002,X1))),c002)=inv(mul(c004,mul(c007,X1))))).
%%%
%cnf(i_0_18542, plain, (mul(c004,mul(c011,inv(mul(c004,c005))))=mul(c011,inv(c005)))).
%%%
%cnf(i_0_18646, plain, (mul(inv(mul(c005,c011)),c004)=mul(c004,inv(mul(c005,c011))))).
%%%
%cnf(i_0_18774, plain, (mul(inv(mul(c011,c011)),c004)=mul(c004,inv(mul(c011,c011))))).
%%
%cnf(i_0_1215, plain, (mul(inv(mul(c003,c002)),mul(c002,X1))=mul(inv(mul(c003,c005)),X1))).
%
%cnf(i_0_18782, plain, (mul(c004,inv(mul(c004,mul(c011,c011))))=inv(mul(c011,c011)))).
%%%%%
%cnf(i_0_18969, plain, (mul(inv(mul(c005,c011)),mul(c011,X1))=mul(inv(c005),X1))).
%
%cnf(i_0_18971, plain, (mul(c005,mul(inv(mul(c005,c011)),X1))=mul(inv(c011),X1))).
%
%cnf(i_0_18972, plain, (mul(inv(mul(c011,X1)),mul(c005,c011))=mul(inv(X1),c005))).
%
%cnf(i_0_18973, plain, (mul(c005,inv(mul(X1,mul(c005,c011))))=inv(mul(X1,c011)))).
%
%cnf(i_0_18974, plain, (mul(c001,mul(c006,mul(c005,c011)))=mul(c006,mul(c001,c005)))).
%%
%cnf(i_0_18975, plain, (mul(inv(mul(c002,mul(c005,c011))),c011)=inv(mul(c002,c005)))).
%
%cnf(i_0_27519, plain, (mul(c002,mul(c005,mul(c011,inv(mul(c002,c005)))))=c011)).
%%
%cnf(i_0_18976, plain, (mul(inv(mul(c001,mul(c005,c011))),c011)=inv(mul(c001,c005)))).
%
%cnf(i_0_27574, plain, (mul(c001,mul(c005,mul(c011,inv(mul(c001,c005)))))=c011)).
%%
%cnf(i_0_18977, plain, (mul(inv(mul(c002,c011)),mul(c005,c011))=mul(inv(c002),c005))).
%
%cnf(i_0_18978, plain, (mul(inv(mul(c001,c011)),mul(c005,c011))=mul(inv(c001),c005))).
%
%cnf(i_0_18979, plain, (mul(inv(mul(c005,c011)),mul(c001,c011))=mul(inv(c005),c001))).
%
%cnf(i_0_18980, plain, (mul(inv(mul(c005,c011)),mul(c002,c011))=mul(inv(c005),c002))).
%
%cnf(i_0_1222, plain, (mul(inv(mul(c003,mul(c002,X1))),c002)=inv(mul(c003,mul(c005,X1))))).
%
%cnf(i_0_18981, plain, (mul(inv(c001),mul(c005,c011))=mul(c011,mul(inv(c001),c005)))).
%
%cnf(i_0_18982, plain, (mul(inv(c002),mul(c005,c011))=mul(c011,mul(inv(c002),c005)))).
%
%cnf(i_0_18983, plain, (mul(inv(mul(c003,c011)),mul(c005,c011))=mul(inv(c003),c005))).
%
%cnf(i_0_18984, plain, (mul(inv(mul(c005,c011)),mul(c003,c011))=mul(inv(c005),c003))).
%
%cnf(i_0_18985, plain, (mul(inv(mul(c003,mul(c005,c011))),c011)=inv(mul(c003,c005)))).
%
%cnf(i_0_27910, plain, (mul(c003,mul(c005,mul(c011,inv(mul(c003,c005)))))=c011)).
%%
%cnf(i_0_18986, plain, (mul(inv(c003),mul(c005,c011))=mul(c011,mul(inv(c003),c005)))).
%
%cnf(i_0_19059, plain, (mul(c005,mul(c011,inv(mul(X1,c005))))=mul(c011,inv(X1)))).
%%
%cnf(i_0_1228, plain, (mul(c005,mul(c003,mul(inv(c010),X1)))=mul(c003,mul(c005,X1)))).
%
%cnf(i_0_19069, plain, (mul(inv(c011),mul(c005,X1))=mul(c005,mul(inv(c011),X1)))).
%%%
%cnf(i_0_19080, plain, (mul(inv(mul(c004,c011)),c005)=mul(c005,inv(mul(c004,c011))))).
%%%%%%
%cnf(i_0_19106, plain, (mul(inv(mul(c005,mul(c011,X1))),c011)=inv(mul(c005,X1)))).
%
%cnf(i_0_1239, plain, (mul(c004,mul(c003,mul(inv(c009),X1)))=mul(c003,mul(c004,X1)))).
%%%%%%%
%cnf(i_0_19125, plain, (mul(inv(c005),mul(c011,X1))=mul(c011,mul(inv(c005),X1)))).
%%%
%cnf(i_0_19186, plain, (mul(inv(mul(c003,mul(c006,c011))),mul(c006,c011))=inv(c003))).
%
%cnf(i_0_1244, plain, (mul(c004,mul(c005,mul(c003,inv(c009))))=mul(c005,mul(c003,c004)))).
%
%cnf(i_0_1052, plain, (mul(c002,mul(c005,mul(c011,c008)))=mul(c005,mul(c002,c011)))).
%
%cnf(i_0_28374, plain, (mul(inv(c008),mul(c011,c008))=c011)).
%
%cnf(i_0_28382, plain, (mul(c011,c008)=mul(c008,c011))).
%
%cnf(i_0_28396, plain, (mul(inv(c011),mul(c008,c011))=c008)).
%
%cnf(i_0_28434, plain, (mul(c008,mul(c011,inv(c008)))=c011)).
%%
%cnf(i_0_28395, plain, (mul(inv(mul(c008,c011)),c011)=inv(c008))).
%
%cnf(i_0_28398, plain, (mul(c008,inv(mul(c008,c011)))=inv(c011))).
%
%cnf(i_0_28438, plain, (mul(inv(c008),c011)=mul(c011,inv(c008)))).
%
%cnf(i_0_28496, plain, (mul(c011,mul(c008,inv(c011)))=c008)).
%
%cnf(i_0_1250, plain, (mul(c006,mul(c001,mul(inv(c011),X1)))=mul(c001,mul(c006,X1)))).
%%
%cnf(i_0_28447, plain, (mul(inv(c011),c008)=mul(c008,inv(c011)))).
%%%%%%%%
%cnf(i_0_28394, plain, (mul(c011,mul(c008,X1))=mul(c008,mul(c011,X1)))).
%
%cnf(i_0_1261, plain, (mul(c004,mul(c001,mul(inv(c006),X1)))=mul(c001,mul(c004,X1)))).
%
%cnf(i_0_28423, plain, (mul(c010,mul(c008,c011))=mul(c011,mul(c010,c008)))).
%
%cnf(i_0_28424, plain, (mul(c009,mul(c008,c011))=mul(c011,mul(c009,c008)))).
%%%%%%
%cnf(i_0_28425, plain, (mul(inv(c011),mul(c006,mul(c008,c011)))=mul(c006,c008))).
%
%cnf(i_0_28426, plain, (mul(inv(c011),mul(c007,mul(c008,c011)))=mul(c007,c008))).
%
%cnf(i_0_28429, plain, (mul(inv(mul(c008,c011)),mul(c003,mul(c008,c011)))=c003)).
%
%cnf(i_0_1266, plain, (mul(c004,mul(c005,mul(c001,inv(c006))))=mul(c005,mul(c001,c004)))).
%
%cnf(i_0_28430, plain, (mul(inv(c011),mul(c008,mul(c011,X1)))=mul(c008,X1))).
%
%cnf(i_0_28435, plain, (mul(c008,mul(c011,mul(inv(c008),X1)))=mul(c011,X1))).
%%%%
%cnf(i_0_28634, plain, (mul(c011,mul(c010,mul(c008,inv(c011))))=mul(c010,c008))).
%
%cnf(i_0_28635, plain, (mul(c011,mul(c009,mul(c008,inv(c011))))=mul(c009,c008))).
%%%
%cnf(i_0_28684, plain, (mul(c008,mul(c011,mul(c011,inv(c008))))=mul(c011,c011))).
%
%cnf(i_0_1772, plain, (mul(c003,mul(c001,mul(inv(c004),X1)))=mul(c001,mul(c003,X1)))).
%
%cnf(i_0_28765, plain, (mul(c006,mul(c008,mul(c011,inv(mul(c006,c008)))))=c011)).
%
%cnf(i_0_28782, plain, (mul(c007,mul(c008,mul(c011,inv(mul(c007,c008)))))=c011)).
%%
%cnf(i_0_28850, plain, (mul(inv(c011),mul(c008,mul(c008,c011)))=mul(c008,c008))).
%
%cnf(i_0_28851, plain, (mul(inv(c011),mul(c008,mul(c007,c011)))=mul(c008,c007))).
%
%cnf(i_0_28852, plain, (mul(inv(c011),mul(c008,mul(c006,c011)))=mul(c008,c006))).
%
%cnf(i_0_28853, plain, (mul(inv(c011),mul(c008,mul(c005,c011)))=mul(c008,c005))).
%
%cnf(i_0_28854, plain, (mul(inv(c011),mul(c008,mul(c004,c011)))=mul(c008,c004))).
%
%cnf(i_0_28856, plain, (mul(inv(c011),mul(c008,mul(c001,c011)))=mul(c008,c001))).
%
%cnf(i_0_28857, plain, (mul(inv(c011),mul(c008,mul(c002,c011)))=mul(c008,c002))).
%
%cnf(i_0_1780, plain, (mul(c003,mul(c008,mul(c001,inv(c004))))=mul(c008,mul(c001,c003)))).
%%
%cnf(i_0_29139, plain, (mul(c008,mul(c008,mul(c011,inv(mul(c008,c008)))))=c011)).
%
%cnf(i_0_29156, plain, (mul(c008,mul(c007,mul(c011,inv(mul(c008,c007)))))=c011)).
%
%cnf(i_0_29173, plain, (mul(c008,mul(c006,mul(c011,inv(mul(c008,c006)))))=c011)).
%%%%%
%cnf(i_0_19560, plain, (mul(inv(mul(c011,c011)),c005)=mul(c005,inv(mul(c011,c011))))).
%%
%cnf(i_0_1781, plain, (mul(c003,mul(c007,mul(c001,inv(c004))))=mul(c007,mul(c001,c003)))).
%
%cnf(i_0_19568, plain, (mul(c005,inv(mul(c005,mul(c011,c011))))=inv(mul(c011,c011)))).
%
%cnf(i_0_20069, plain, (mul(inv(mul(c011,c010)),mul(c010,X1))=mul(inv(c011),X1))).
%
%cnf(i_0_20072, plain, (mul(c011,mul(inv(mul(c011,c010)),X1))=mul(inv(c010),X1))).
%%
%cnf(i_0_20080, plain, (mul(inv(mul(c011,mul(c010,X1))),c010)=inv(mul(c011,X1)))).
%%%
%cnf(i_0_20089, plain, (mul(inv(mul(c010,X1)),mul(c011,c010))=mul(inv(X1),c011))).
%
%cnf(i_0_20090, plain, (mul(c011,inv(mul(X1,mul(c011,c010))))=inv(mul(X1,c010)))).
%
%cnf(i_0_20095, plain, (mul(inv(c010),mul(c011,X1))=mul(c011,mul(inv(c010),X1)))).
%
%cnf(i_0_1782, plain, (mul(c003,mul(c006,mul(c001,inv(c004))))=mul(c006,mul(c001,c003)))).
%%
%cnf(i_0_20104, plain, (mul(inv(mul(c002,c010)),c011)=mul(c011,inv(mul(c002,c010))))).
%
%cnf(i_0_20105, plain, (mul(inv(mul(c001,c010)),c011)=mul(c011,inv(mul(c001,c010))))).
%
%cnf(i_0_20108, plain, (mul(inv(c010),mul(c001,c011))=mul(c011,mul(inv(c010),c001)))).
%
%cnf(i_0_20109, plain, (mul(inv(c010),mul(c002,c011))=mul(c011,mul(inv(c010),c002)))).
%
%cnf(i_0_20113, plain, (mul(inv(c010),mul(c003,c011))=mul(c011,mul(inv(c010),c003)))).
%
%cnf(i_0_20114, plain, (mul(inv(mul(c003,c010)),c011)=mul(c011,inv(mul(c003,c010))))).
%%%%
%cnf(i_0_1783, plain, (mul(c002,mul(c001,mul(inv(c003),X1)))=mul(c001,mul(c002,X1)))).
%
%cnf(i_0_20141, plain, (mul(c011,mul(c010,inv(mul(X1,c011))))=mul(c010,inv(X1)))).
%%%%%
%cnf(i_0_20150, plain, (mul(c011,inv(mul(c011,mul(c010,c001))))=inv(mul(c010,c001)))).
%
%cnf(i_0_20151, plain, (mul(c011,inv(mul(c011,mul(c010,c002))))=inv(mul(c010,c002)))).
%%%
%cnf(i_0_20155, plain, (mul(c011,inv(mul(c011,mul(c010,c003))))=inv(mul(c010,c003)))).
%
%cnf(i_0_1791, plain, (mul(c002,mul(c014,mul(c001,inv(c003))))=mul(c014,mul(c001,c002)))).
%
%cnf(i_0_20158, plain, (mul(inv(c011),mul(c010,X1))=mul(c010,mul(inv(c011),X1)))).
%%%%%%%%%%
%cnf(i_0_1792, plain, (mul(c002,mul(c013,mul(c001,inv(c003))))=mul(c013,mul(c001,c002)))).
%%%%%%%%
%cnf(i_0_20489, plain, (mul(c005,mul(c011,inv(mul(c011,mul(c010,c005)))))=inv(c010))).
%
%cnf(i_0_20493, plain, (mul(c011,inv(mul(c011,mul(c010,c005))))=inv(mul(c010,c005)))).
%%
%cnf(i_0_1793, plain, (mul(c002,mul(c012,mul(c001,inv(c003))))=mul(c012,mul(c001,c002)))).
%
%cnf(i_0_20499, plain, (mul(c004,mul(c011,inv(mul(c011,mul(c010,c004)))))=inv(c010))).
%
%cnf(i_0_20503, plain, (mul(c011,inv(mul(c011,mul(c010,c004))))=inv(mul(c010,c004)))).
%%%
%cnf(i_0_20767, plain, (mul(inv(mul(c010,c010)),c011)=mul(c011,inv(mul(c010,c010))))).
%%
%cnf(i_0_20775, plain, (mul(c011,inv(mul(c011,mul(c010,c010))))=inv(mul(c010,c010)))).
%
%cnf(i_0_20860, plain, (mul(inv(mul(c010,c005)),c011)=mul(c011,inv(mul(c010,c005))))).
%%%
%cnf(i_0_1794, plain, (mul(c002,mul(c001,mul(c011,inv(c003))))=mul(c001,mul(c002,c011)))).
%
%cnf(i_0_20887, plain, (mul(inv(mul(c010,c004)),c011)=mul(c011,inv(mul(c010,c004))))).
%%%
%cnf(i_0_20914, plain, (mul(inv(mul(c010,c003)),c011)=mul(c011,inv(mul(c010,c003))))).
%%%
%cnf(i_0_20941, plain, (mul(inv(mul(c010,c001)),c011)=mul(c011,inv(mul(c010,c001))))).
%%%
%cnf(i_0_20968, plain, (mul(inv(mul(c010,c002)),c011)=mul(c011,inv(mul(c010,c002))))).
%
%cnf(i_0_1795, plain, (mul(c008,mul(c002,mul(inv(c014),X1)))=mul(c002,mul(c008,X1)))).
%%%
%cnf(i_0_21213, plain, (mul(inv(mul(c011,c009)),mul(c009,X1))=mul(inv(c011),X1))).
%
%cnf(i_0_21216, plain, (mul(c011,mul(inv(mul(c011,c009)),X1))=mul(inv(c009),X1))).
%%
%cnf(i_0_21224, plain, (mul(inv(mul(c011,mul(c009,X1))),c009)=inv(mul(c011,X1)))).
%%%
%cnf(i_0_21233, plain, (mul(inv(mul(c009,X1)),mul(c011,c009))=mul(inv(X1),c011))).
%
%cnf(i_0_21234, plain, (mul(c011,inv(mul(X1,mul(c011,c009))))=inv(mul(X1,c009)))).
%
%cnf(i_0_1803, plain, (mul(c007,mul(c002,mul(inv(c013),X1)))=mul(c002,mul(c007,X1)))).
%
%cnf(i_0_21239, plain, (mul(inv(c009),mul(c011,X1))=mul(c011,mul(inv(c009),X1)))).
%%
%cnf(i_0_21248, plain, (mul(inv(mul(c002,c009)),c011)=mul(c011,inv(mul(c002,c009))))).
%
%cnf(i_0_21249, plain, (mul(inv(mul(c001,c009)),c011)=mul(c011,inv(mul(c001,c009))))).
%
%cnf(i_0_21252, plain, (mul(inv(c009),mul(c001,c011))=mul(c011,mul(inv(c009),c001)))).
%
%cnf(i_0_21253, plain, (mul(inv(c009),mul(c002,c011))=mul(c011,mul(inv(c009),c002)))).
%
%cnf(i_0_21257, plain, (mul(inv(c009),mul(c003,c011))=mul(c011,mul(inv(c009),c003)))).
%
%cnf(i_0_21258, plain, (mul(inv(mul(c003,c009)),c011)=mul(c011,inv(mul(c003,c009))))).
%%%
%cnf(i_0_1811, plain, (mul(c006,mul(c002,mul(inv(c012),X1)))=mul(c002,mul(c006,X1)))).
%%
%cnf(i_0_21286, plain, (mul(c011,mul(c009,inv(mul(X1,c011))))=mul(c009,inv(X1)))).
%%%%%
%cnf(i_0_21295, plain, (mul(c011,inv(mul(c011,mul(c009,c001))))=inv(mul(c009,c001)))).
%
%cnf(i_0_21296, plain, (mul(c011,inv(mul(c011,mul(c009,c002))))=inv(mul(c009,c002)))).
%%%
%cnf(i_0_1819, plain, (mul(c005,mul(c002,mul(inv(c008),X1)))=mul(c002,mul(c005,X1)))).
%
%cnf(i_0_21300, plain, (mul(c011,inv(mul(c011,mul(c009,c003))))=inv(mul(c009,c003)))).
%
%cnf(i_0_21303, plain, (mul(c011,mul(c010,inv(mul(c011,c009))))=mul(c010,inv(c009)))).
%
%cnf(i_0_21304, plain, (mul(inv(c011),mul(c009,X1))=mul(c009,mul(inv(c011),X1)))).
%%%%%%%
%cnf(i_0_21489, plain, (mul(c011,mul(c009,inv(mul(c011,c010))))=mul(c009,inv(c010)))).
%
%cnf(i_0_1827, plain, (mul(c004,mul(c002,mul(inv(c007),X1)))=mul(c002,mul(c004,X1)))).
%%%%%%%%%%%
%cnf(i_0_1835, plain, (mul(c004,mul(c005,mul(c002,inv(c007))))=mul(c005,mul(c002,c004)))).
%
%cnf(i_0_21544, plain, (mul(c005,mul(c011,inv(mul(c011,mul(c009,c005)))))=inv(c009))).
%
%cnf(i_0_21548, plain, (mul(c011,inv(mul(c011,mul(c009,c005))))=inv(mul(c009,c005)))).
%%
%cnf(i_0_21554, plain, (mul(c004,mul(c011,inv(mul(c011,mul(c009,c004)))))=inv(c009))).
%
%cnf(i_0_21558, plain, (mul(c011,inv(mul(c011,mul(c009,c004))))=inv(mul(c009,c004)))).
%%%
%cnf(i_0_21757, plain, (mul(inv(mul(c010,c009)),c011)=mul(c011,inv(mul(c010,c009))))).
%%
%cnf(i_0_21765, plain, (mul(c011,inv(mul(c011,mul(c010,c009))))=inv(mul(c010,c009)))).
%
%cnf(i_0_1836, plain, (mul(c003,mul(c002,mul(inv(c005),X1)))=mul(c002,mul(c003,X1)))).
%
%cnf(i_0_21816, plain, (mul(inv(mul(c009,c010)),c011)=mul(c011,inv(mul(c009,c010))))).
%%
%cnf(i_0_21824, plain, (mul(c011,inv(mul(c011,mul(c009,c010))))=inv(mul(c009,c010)))).
%
%cnf(i_0_21844, plain, (mul(inv(mul(c009,c009)),c011)=mul(c011,inv(mul(c009,c009))))).
%%
%cnf(i_0_21852, plain, (mul(c011,inv(mul(c011,mul(c009,c009))))=inv(mul(c009,c009)))).
%
%cnf(i_0_21992, plain, (mul(inv(mul(c009,c005)),c011)=mul(c011,inv(mul(c009,c005))))).
%%%
%cnf(i_0_22020, plain, (mul(inv(mul(c009,c004)),c011)=mul(c011,inv(mul(c009,c004))))).
%
%cnf(i_0_1844, plain, (mul(c003,mul(c008,mul(c002,inv(c005))))=mul(c008,mul(c002,c003)))).
%%%
%cnf(i_0_22048, plain, (mul(inv(mul(c009,c003)),c011)=mul(c011,inv(mul(c009,c003))))).
%%%
%cnf(i_0_22076, plain, (mul(inv(mul(c009,c001)),c011)=mul(c011,inv(mul(c009,c001))))).
%%%
%cnf(i_0_22104, plain, (mul(inv(mul(c009,c002)),c011)=mul(c011,inv(mul(c009,c002))))).
%%
%cnf(i_0_1845, plain, (mul(c003,mul(c007,mul(c002,inv(c005))))=mul(c007,mul(c002,c003)))).
%%
%cnf(i_0_22311, plain, (mul(inv(mul(c003,mul(c008,c011))),mul(c008,c011))=inv(c003))).
%
%cnf(i_0_22357, plain, (mul(inv(mul(c003,mul(c007,c011))),mul(c007,c011))=inv(c003))).
%%
%cnf(i_0_22449, plain, (mul(inv(mul(c003,mul(c011,c011))),mul(c011,c011))=inv(c003))).
%
%cnf(i_0_32159, plain, (mul(inv(mul(c011,c011)),mul(c003,mul(c011,c011)))=c003)).
%%
%cnf(i_0_22781, plain, (mul(c006,mul(inv(mul(c004,c011)),c001))=mul(c001,inv(c004)))).
%%%
%cnf(i_0_1846, plain, (mul(c003,mul(c006,mul(c002,inv(c005))))=mul(c006,mul(c002,c003)))).
%%%
%cnf(i_0_23058, plain, (mul(inv(mul(c004,c011)),mul(c005,c011))=mul(c005,inv(c004)))).
%%%%%%%%
%cnf(i_0_2218, plain, (mul(c002,mul(c003,mul(inv(c001),X1)))=mul(inv(c001),mul(c002,X1)))).
%%%
%cnf(i_0_23164, plain, (mul(inv(mul(c005,c011)),mul(c004,c011))=mul(c004,inv(c005)))).
%%%%%
%cnf(i_0_23174, plain, (mul(inv(c010),mul(c004,c011))=mul(c011,mul(inv(c010),c004)))).
%
%cnf(i_0_23183, plain, (mul(inv(c009),mul(c004,c011))=mul(c011,mul(inv(c009),c004)))).
%%
%cnf(i_0_2227, plain, (mul(c002,mul(c014,mul(c003,inv(c001))))=mul(c014,mul(inv(c001),c002)))).
%%%%%%%
%cnf(i_0_23424, plain, (mul(inv(c004),mul(c002,c011))=mul(c011,mul(inv(c004),c002)))).
%%%
%cnf(i_0_23441, plain, (mul(inv(c004),mul(c001,c011))=mul(c011,mul(inv(c004),c001)))).
%
%cnf(i_0_2228, plain, (mul(c002,mul(c013,mul(c003,inv(c001))))=mul(c013,mul(inv(c001),c002)))).
%%%%%%%
%cnf(i_0_23591, plain, (mul(inv(c011),mul(c006,X1))=mul(c006,mul(inv(c011),X1)))).
%%
%cnf(i_0_23598, plain, (mul(c006,mul(c011,inv(mul(X1,c006))))=mul(c011,inv(X1)))).
%%
%cnf(i_0_2229, plain, (mul(c002,mul(c012,mul(c003,inv(c001))))=mul(c012,mul(inv(c001),c002)))).
%%%
%cnf(i_0_23646, plain, (mul(c006,inv(mul(X1,mul(c006,c011))))=inv(mul(X1,c011)))).
%
%cnf(i_0_23647, plain, (mul(inv(mul(c003,c006)),c011)=mul(c011,inv(mul(c003,c006))))).
%
%cnf(i_0_23650, plain, (mul(inv(mul(c003,c011)),c006)=mul(c006,inv(mul(c003,c011))))).
%%%%%%
%cnf(i_0_2230, plain, (mul(c002,mul(c003,mul(c011,inv(c001))))=mul(c011,mul(inv(c001),c002)))).
%%%%%%%%%%%
%cnf(i_0_2231, plain, (mul(c001,mul(inv(mul(c002,c003)),X1))=mul(inv(c002),mul(c001,X1)))).
%%%
%cnf(i_0_23686, plain, (mul(inv(mul(c006,c011)),mul(c011,X1))=mul(inv(c006),X1))).
%
%cnf(i_0_23688, plain, (mul(c006,mul(inv(mul(c006,c011)),X1))=mul(inv(c011),X1))).
%
%cnf(i_0_23689, plain, (mul(inv(mul(c011,X1)),mul(c006,c011))=mul(inv(X1),c006))).
%%
%cnf(i_0_23691, plain, (mul(c001,mul(c006,mul(c006,c011)))=mul(c006,mul(c001,c006)))).
%
%cnf(i_0_23692, plain, (mul(inv(mul(c002,mul(c006,c011))),c011)=inv(mul(c002,c006)))).
%
%cnf(i_0_23694, plain, (mul(inv(mul(c002,c011)),mul(c006,c011))=mul(inv(c002),c006))).
%
%cnf(i_0_23695, plain, (mul(inv(mul(c001,c011)),mul(c006,c011))=mul(inv(c001),c006))).
%
%cnf(i_0_2239, plain, (mul(inv(c001),mul(c002,inv(X1)))=mul(c002,mul(c003,inv(mul(X1,c001)))))).
%
%cnf(i_0_23696, plain, (mul(inv(mul(c006,c011)),mul(c001,c011))=mul(inv(c006),c001))).
%
%cnf(i_0_23697, plain, (mul(inv(mul(c006,c011)),mul(c002,c011))=mul(inv(c006),c002))).
%
%cnf(i_0_23698, plain, (mul(inv(c001),mul(c006,c011))=mul(c011,mul(inv(c001),c006)))).
%
%cnf(i_0_23699, plain, (mul(inv(c002),mul(c006,c011))=mul(c011,mul(inv(c002),c006)))).
%
%cnf(i_0_23700, plain, (mul(inv(mul(c003,c011)),mul(c006,c011))=mul(c006,inv(c003)))).
%
%cnf(i_0_23701, plain, (mul(inv(mul(c006,c011)),mul(c003,c011))=mul(c003,inv(c006)))).
%
%cnf(i_0_23702, plain, (mul(inv(mul(c003,mul(c006,c011))),c011)=inv(mul(c003,c006)))).
%%
%cnf(i_0_23705, plain, (mul(inv(mul(c004,c011)),mul(c006,c011))=mul(inv(c004),c006))).
%
%cnf(i_0_23706, plain, (mul(inv(mul(c006,c011)),mul(c004,c011))=mul(inv(c006),c004))).
%
%cnf(i_0_2240, plain, (mul(c001,mul(c011,inv(mul(c002,c003))))=mul(c011,mul(inv(c002),c001)))).
%
%cnf(i_0_23729, plain, (mul(inv(c006),mul(c011,X1))=mul(c011,mul(inv(c006),X1)))).
%%%%%%%
%cnf(i_0_23754, plain, (mul(c001,mul(c004,inv(c011)))=mul(c004,mul(inv(c006),c001)))).
%%%
%cnf(i_0_2241, plain, (mul(c003,mul(c004,mul(inv(c001),X1)))=mul(inv(c001),mul(c003,X1)))).
%%%%
%cnf(i_0_23829, plain, (mul(inv(mul(c006,mul(c011,X1))),c011)=inv(mul(c006,X1)))).
%
%cnf(i_0_1051, plain, (mul(c002,mul(c006,mul(c011,c012)))=mul(c006,mul(c002,c011)))).
%
%cnf(i_0_33716, plain, (mul(inv(c012),mul(c011,c012))=c011)).
%
%cnf(i_0_33726, plain, (mul(c012,c011)=mul(c011,c012))).
%%
%cnf(i_0_33728, plain, (mul(c011,mul(c012,inv(c011)))=c012)).
%
%cnf(i_0_33709, plain, (mul(inv(mul(c011,c012)),c012)=inv(c011))).
%
%cnf(i_0_2250, plain, (mul(c003,mul(c008,mul(c004,inv(c001))))=mul(c008,mul(inv(c001),c003)))).
%%
%cnf(i_0_33732, plain, (mul(inv(c011),c012)=mul(c012,inv(c011)))).
%
%cnf(i_0_33844, plain, (mul(c012,mul(c011,inv(c012)))=c011)).
%%%
%cnf(i_0_33743, plain, (mul(c011,inv(mul(c011,c012)))=inv(c012))).
%
%cnf(i_0_33757, plain, (mul(inv(c012),c011)=mul(c011,inv(c012)))).
%%%%
%cnf(i_0_2251, plain, (mul(c003,mul(c007,mul(c004,inv(c001))))=mul(c007,mul(inv(c001),c003)))).
%%%%%%%
%cnf(i_0_33739, plain, (mul(c012,mul(c011,X1))=mul(c011,mul(c012,X1)))).
%%%
%cnf(i_0_33888, plain, (mul(c012,mul(c001,c011))=mul(c011,mul(c012,c001)))).
%
%cnf(i_0_2252, plain, (mul(c003,mul(c006,mul(c004,inv(c001))))=mul(c006,mul(inv(c001),c003)))).
%
%cnf(i_0_33894, plain, (mul(c012,mul(c003,c011))=mul(c011,mul(c012,c003)))).
%
%cnf(i_0_33898, plain, (mul(c012,mul(c004,c011))=mul(c011,mul(c012,c004)))).
%
%cnf(i_0_33902, plain, (mul(c012,mul(c005,c011))=mul(c011,mul(c012,c005)))).
%
%cnf(i_0_33910, plain, (mul(c012,mul(c006,c011))=mul(c011,mul(c012,c006)))).
%
%cnf(i_0_33984, plain, (mul(c012,mul(c008,c011))=mul(c011,mul(c012,c008)))).
%
%cnf(i_0_33985, plain, (mul(c012,mul(c007,c011))=mul(c011,mul(c012,c007)))).
%%%%%
%cnf(i_0_2253, plain, (mul(c001,mul(inv(mul(c003,c004)),X1))=mul(inv(c003),mul(c001,X1)))).
%%
%cnf(i_0_33724, plain, (mul(inv(c012),mul(c011,mul(c012,X1)))=mul(c011,X1))).
%
%cnf(i_0_33729, plain, (mul(c011,mul(c012,mul(inv(c011),X1)))=mul(c012,X1))).
%%%
%cnf(i_0_33789, plain, (mul(c011,mul(c010,mul(c012,inv(c011))))=mul(c010,c012))).
%
%cnf(i_0_33791, plain, (mul(c011,mul(c009,mul(c012,inv(c011))))=mul(c009,c012))).
%%%%
%cnf(i_0_2261, plain, (mul(inv(c001),mul(c003,inv(X1)))=mul(c003,mul(c004,inv(mul(X1,c001)))))).
%%%%%%
%cnf(i_0_34013, plain, (mul(c011,mul(c012,mul(c012,inv(c011))))=mul(c012,c012))).
%
%cnf(i_0_34014, plain, (mul(c011,mul(c012,mul(c010,inv(c011))))=mul(c012,c010))).
%
%cnf(i_0_34028, plain, (mul(c011,mul(c012,mul(c009,inv(c011))))=mul(c012,c009))).
%%%
%cnf(i_0_2262, plain, (mul(c001,mul(c011,inv(mul(c003,c004))))=mul(c011,mul(inv(c003),c001)))).
%%%%%%%
%cnf(i_0_34273, plain, (mul(inv(c012),mul(c011,mul(c011,c012)))=mul(c011,c011))).
%%%%
%cnf(i_0_2263, plain, (mul(c003,mul(c005,mul(inv(c002),X1)))=mul(inv(c002),mul(c003,X1)))).
%
%cnf(i_0_34340, plain, (mul(c011,mul(c012,mul(c008,inv(c011))))=mul(c012,c008))).
%
%cnf(i_0_34341, plain, (mul(c011,mul(c012,mul(c007,inv(c011))))=mul(c012,c007))).
%
%cnf(i_0_34342, plain, (mul(c011,mul(c012,mul(c006,inv(c011))))=mul(c012,c006))).
%
%cnf(i_0_34343, plain, (mul(c011,mul(c012,mul(c005,inv(c011))))=mul(c012,c005))).
%
%cnf(i_0_34344, plain, (mul(c011,mul(c012,mul(c004,inv(c011))))=mul(c012,c004))).
%
%cnf(i_0_34345, plain, (mul(c011,mul(c012,mul(c003,inv(c011))))=mul(c012,c003))).
%
%cnf(i_0_34346, plain, (mul(c011,mul(c012,mul(c001,inv(c011))))=mul(c012,c001))).
%
%cnf(i_0_34703, plain, (mul(c011,mul(c011,mul(c012,inv(mul(c011,c011)))))=c012)).
%%%
%cnf(i_0_2272, plain, (mul(c003,mul(c008,mul(c005,inv(c002))))=mul(c008,mul(inv(c002),c003)))).
%%
%cnf(i_0_24166, plain, (mul(c006,mul(c011,inv(mul(c011,mul(c010,c006)))))=inv(c010))).
%
%cnf(i_0_24170, plain, (mul(c011,inv(mul(c011,mul(c010,c006))))=inv(mul(c010,c006)))).
%%
%cnf(i_0_24177, plain, (mul(c006,mul(c011,inv(mul(c011,mul(c009,c006)))))=inv(c009))).
%
%cnf(i_0_24181, plain, (mul(c011,inv(mul(c011,mul(c009,c006))))=inv(mul(c009,c006)))).
%%
%cnf(i_0_24350, plain, (mul(c001,mul(c004,inv(mul(c001,c011))))=mul(c004,inv(c006)))).
%%%
%cnf(i_0_2273, plain, (mul(c003,mul(c007,mul(c005,inv(c002))))=mul(c007,mul(inv(c002),c003)))).
%
%cnf(i_0_24409, plain, (mul(inv(mul(c010,c006)),c011)=mul(c011,inv(mul(c010,c006))))).
%%%
%cnf(i_0_24598, plain, (mul(inv(mul(c009,c006)),c011)=mul(c011,inv(mul(c009,c006))))).
%%%
%cnf(i_0_24726, plain, (mul(inv(mul(c011,c011)),c006)=mul(c006,inv(mul(c011,c011))))).
%%
%cnf(i_0_24734, plain, (mul(c006,inv(mul(c006,mul(c011,c011))))=inv(mul(c011,c011)))).
%
%cnf(i_0_25083, plain, (mul(inv(c004),mul(c003,c011))=mul(c011,mul(inv(c004),c003)))).
%
%cnf(i_0_2274, plain, (mul(c003,mul(c006,mul(c005,inv(c002))))=mul(c006,mul(inv(c002),c003)))).
%%%%%%%%%%%
%cnf(i_0_2275, plain, (mul(c002,mul(inv(mul(c003,c005)),X1))=mul(inv(c003),mul(c002,X1)))).
%%
%cnf(i_0_25437, plain, (mul(inv(mul(c004,mul(c006,c011))),c011)=inv(mul(c004,c006)))).
%
%cnf(i_0_25438, plain, (mul(inv(mul(c004,mul(c005,c011))),c011)=inv(mul(c004,c005)))).
%
%cnf(i_0_25439, plain, (mul(inv(mul(c004,mul(c004,c011))),c011)=inv(mul(c004,c004)))).
%
%cnf(i_0_25440, plain, (mul(inv(mul(c004,mul(c003,c011))),c011)=inv(mul(c004,c003)))).
%
%cnf(i_0_25441, plain, (mul(inv(mul(c004,mul(c001,c011))),c011)=inv(mul(c004,c001)))).
%
%cnf(i_0_25442, plain, (mul(inv(mul(c004,mul(c002,c011))),c011)=inv(mul(c004,c002)))).
%
%cnf(i_0_25449, plain, (mul(inv(mul(c004,c010)),c011)=mul(c011,inv(mul(c004,c010))))).
%
%cnf(i_0_25459, plain, (mul(inv(mul(c004,c009)),c011)=mul(c011,inv(mul(c004,c009))))).
%
%cnf(i_0_25489, plain, (mul(inv(mul(c004,mul(c005,c011))),mul(c005,c011))=inv(c004))).
%
%cnf(i_0_2283, plain, (mul(inv(c002),mul(c003,inv(X1)))=mul(c003,mul(c005,inv(mul(X1,c002)))))).
%
%cnf(i_0_35686, plain, (mul(inv(mul(c005,c011)),mul(c004,mul(c005,c011)))=c004)).
%%
%cnf(i_0_25521, plain, (mul(inv(mul(c001,c004)),c011)=mul(c011,inv(mul(c001,c004))))).
%
%cnf(i_0_25522, plain, (mul(inv(mul(c002,c004)),c011)=mul(c011,inv(mul(c002,c004))))).
%
%cnf(i_0_25529, plain, (mul(inv(c004),mul(c006,c011))=mul(c011,mul(inv(c004),c006)))).
%%%%%%
%cnf(i_0_2284, plain, (mul(c002,mul(c014,inv(mul(c003,c005))))=mul(c014,mul(inv(c003),c002)))).
%%%%%%
%cnf(i_0_25774, plain, (mul(inv(mul(c007,c011)),mul(c011,X1))=mul(inv(c007),X1))).
%
%cnf(i_0_25776, plain, (mul(c007,mul(inv(mul(c007,c011)),X1))=mul(inv(c011),X1))).
%
%cnf(i_0_25777, plain, (mul(inv(mul(c011,X1)),mul(c007,c011))=mul(inv(X1),c007))).
%
%cnf(i_0_25778, plain, (mul(c007,inv(mul(X1,mul(c007,c011))))=inv(mul(X1,c011)))).
%
%cnf(i_0_25779, plain, (mul(c001,mul(c006,mul(c007,c011)))=mul(c006,mul(c001,c007)))).
%
%cnf(i_0_2285, plain, (mul(c002,mul(c013,inv(mul(c003,c005))))=mul(c013,mul(inv(c003),c002)))).
%
%cnf(i_0_25780, plain, (mul(inv(mul(c002,mul(c007,c011))),c011)=inv(mul(c002,c007)))).
%
%cnf(i_0_36253, plain, (mul(c002,mul(c007,mul(c011,inv(mul(c002,c007)))))=c011)).
%%
%cnf(i_0_25781, plain, (mul(inv(mul(c001,mul(c007,c011))),c011)=inv(mul(c001,c007)))).
%
%cnf(i_0_36311, plain, (mul(c001,mul(c007,mul(c011,inv(mul(c001,c007)))))=c011)).
%%
%cnf(i_0_25782, plain, (mul(inv(mul(c002,c011)),mul(c007,c011))=mul(inv(c002),c007))).
%
%cnf(i_0_25783, plain, (mul(inv(mul(c001,c011)),mul(c007,c011))=mul(inv(c001),c007))).
%
%cnf(i_0_25784, plain, (mul(inv(mul(c007,c011)),mul(c001,c011))=mul(inv(c007),c001))).
%
%cnf(i_0_25785, plain, (mul(inv(mul(c007,c011)),mul(c002,c011))=mul(inv(c007),c002))).
%
%cnf(i_0_2286, plain, (mul(c002,mul(c012,inv(mul(c003,c005))))=mul(c012,mul(inv(c003),c002)))).
%
%cnf(i_0_25786, plain, (mul(inv(c001),mul(c007,c011))=mul(c011,mul(inv(c001),c007)))).
%
%cnf(i_0_25787, plain, (mul(inv(c002),mul(c007,c011))=mul(c011,mul(inv(c002),c007)))).
%
%cnf(i_0_25788, plain, (mul(inv(mul(c003,c011)),mul(c007,c011))=mul(c007,inv(c003)))).
%
%cnf(i_0_25789, plain, (mul(inv(mul(c007,c011)),mul(c003,c011))=mul(c003,inv(c007)))).
%
%cnf(i_0_25790, plain, (mul(inv(mul(c003,mul(c007,c011))),c011)=inv(mul(c003,c007)))).
%
%cnf(i_0_36539, plain, (mul(c003,mul(c007,mul(c011,inv(mul(c003,c007)))))=c011)).
%%%
%cnf(i_0_25792, plain, (mul(inv(mul(c004,c011)),mul(c007,c011))=mul(inv(c004),c007))).
%
%cnf(i_0_25793, plain, (mul(inv(mul(c007,c011)),mul(c004,c011))=mul(inv(c007),c004))).
%
%cnf(i_0_2287, plain, (mul(c002,mul(c011,inv(mul(c003,c005))))=mul(c011,mul(inv(c003),c002)))).
%
%cnf(i_0_25794, plain, (mul(inv(mul(c004,mul(c007,c011))),c011)=inv(mul(c004,c007)))).
%
%cnf(i_0_36661, plain, (mul(c004,mul(c007,mul(c011,inv(mul(c004,c007)))))=c011)).
%%
%cnf(i_0_25795, plain, (mul(inv(c004),mul(c007,c011))=mul(c011,mul(inv(c004),c007)))).
%
%cnf(i_0_25843, plain, (mul(c007,mul(c011,inv(mul(X1,c007))))=mul(c011,inv(X1)))).
%%
%cnf(i_0_25855, plain, (mul(inv(c011),mul(c007,X1))=mul(c007,mul(inv(c011),X1)))).
%%
%cnf(i_0_25864, plain, (mul(inv(mul(c003,c011)),c007)=mul(c007,inv(mul(c003,c011))))).
%
%cnf(i_0_25865, plain, (mul(inv(mul(c003,c007)),c011)=mul(c011,inv(mul(c003,c007))))).
%
%cnf(i_0_2288, plain, (mul(c004,mul(c006,mul(inv(c001),X1)))=mul(inv(c001),mul(c004,X1)))).
%%%%%%%%
%cnf(i_0_26053, plain, (mul(inv(mul(c007,mul(c011,X1))),c011)=inv(mul(c007,X1)))).
%%%
%cnf(i_0_2297, plain, (mul(c004,mul(c005,mul(c006,inv(c001))))=mul(c005,mul(inv(c001),c004)))).
%%%%%
%cnf(i_0_26072, plain, (mul(inv(c007),mul(c011,X1))=mul(c011,mul(inv(c007),X1)))).
%%%
%cnf(i_0_1050, plain, (mul(c002,mul(c007,mul(c011,c013)))=mul(c007,mul(c002,c011)))).
%
%cnf(i_0_37160, plain, (mul(inv(c013),mul(c011,c013))=c011)).
%
%cnf(i_0_37172, plain, (mul(c013,c011)=mul(c011,c013))).
%
%cnf(i_0_2298, plain, (mul(c001,mul(inv(mul(c004,c006)),X1))=mul(inv(c004),mul(c001,X1)))).
%%
%cnf(i_0_37174, plain, (mul(c011,mul(c013,inv(c011)))=c013)).
%
%cnf(i_0_37157, plain, (mul(inv(mul(c011,c013)),c013)=inv(c011))).
%%
%cnf(i_0_37178, plain, (mul(inv(c011),c013)=mul(c013,inv(c011)))).
%
%cnf(i_0_37329, plain, (mul(c013,mul(c011,inv(c013)))=c011)).
%%%
%cnf(i_0_37189, plain, (mul(c011,inv(mul(c011,c013)))=inv(c013))).
%
%cnf(i_0_37266, plain, (mul(inv(c013),c011)=mul(c011,inv(c013)))).
%
%cnf(i_0_2306, plain, (mul(inv(c001),mul(c004,inv(X1)))=mul(c004,mul(c006,inv(mul(X1,c001)))))).
%%%%%%%%%%
%cnf(i_0_37185, plain, (mul(c013,mul(c011,X1))=mul(c011,mul(c013,X1)))).
%
%cnf(i_0_2307, plain, (mul(c001,mul(c011,inv(mul(c004,c006))))=mul(c011,mul(inv(c004),c001)))).
%%%
%cnf(i_0_37374, plain, (mul(c013,mul(c001,c011))=mul(c011,mul(c013,c001)))).
%
%cnf(i_0_37380, plain, (mul(c013,mul(c003,c011))=mul(c011,mul(c013,c003)))).
%
%cnf(i_0_37384, plain, (mul(c013,mul(c004,c011))=mul(c011,mul(c013,c004)))).
%
%cnf(i_0_37388, plain, (mul(c013,mul(c005,c011))=mul(c011,mul(c013,c005)))).
%
%cnf(i_0_37396, plain, (mul(c013,mul(c006,c011))=mul(c011,mul(c013,c006)))).
%
%cnf(i_0_37399, plain, (mul(c013,mul(c007,c011))=mul(c011,mul(c013,c007)))).
%
%cnf(i_0_37486, plain, (mul(c013,mul(c008,c011))=mul(c011,mul(c013,c008)))).
%%
%cnf(i_0_2308, plain, (mul(c004,mul(c007,mul(inv(c002),X1)))=mul(inv(c002),mul(c004,X1)))).
%%%%%%
%cnf(i_0_37170, plain, (mul(inv(c013),mul(c011,mul(c013,X1)))=mul(c011,X1))).
%
%cnf(i_0_37175, plain, (mul(c011,mul(c013,mul(inv(c011),X1)))=mul(c013,X1))).
%%%
%cnf(i_0_37298, plain, (mul(c011,mul(c010,mul(c013,inv(c011))))=mul(c010,c013))).
%
%cnf(i_0_2317, plain, (mul(c004,mul(c005,mul(c007,inv(c002))))=mul(c005,mul(inv(c002),c004)))).
%
%cnf(i_0_37300, plain, (mul(c011,mul(c009,mul(c013,inv(c011))))=mul(c009,c013))).
%
%cnf(i_0_37310, plain, (mul(c011,mul(c012,mul(c013,inv(c011))))=mul(c012,c013))).
%%%%%%%%%
%cnf(i_0_2318, plain, (mul(c002,mul(inv(mul(c004,c007)),X1))=mul(inv(c004),mul(c002,X1)))).
%%
%cnf(i_0_37518, plain, (mul(c011,mul(c013,mul(c013,inv(c011))))=mul(c013,c013))).
%
%cnf(i_0_37519, plain, (mul(c011,mul(c013,mul(c012,inv(c011))))=mul(c013,c012))).
%
%cnf(i_0_37532, plain, (mul(c011,mul(c013,mul(c010,inv(c011))))=mul(c013,c010))).
%
%cnf(i_0_37547, plain, (mul(c011,mul(c013,mul(c009,inv(c011))))=mul(c013,c009))).
%%%%%%
%cnf(i_0_2326, plain, (mul(inv(c002),mul(c004,inv(X1)))=mul(c004,mul(c007,inv(mul(X1,c002)))))).
%%%%
%cnf(i_0_37809, plain, (mul(inv(c013),mul(c011,mul(c011,c013)))=mul(c011,c011))).
%%%%%
%cnf(i_0_37881, plain, (mul(c011,mul(c013,mul(c008,inv(c011))))=mul(c013,c008))).
%
%cnf(i_0_37882, plain, (mul(c011,mul(c013,mul(c007,inv(c011))))=mul(c013,c007))).
%
%cnf(i_0_2327, plain, (mul(c002,mul(c014,inv(mul(c004,c007))))=mul(c014,mul(inv(c004),c002)))).
%
%cnf(i_0_37883, plain, (mul(c011,mul(c013,mul(c006,inv(c011))))=mul(c013,c006))).
%
%cnf(i_0_37884, plain, (mul(c011,mul(c013,mul(c005,inv(c011))))=mul(c013,c005))).
%
%cnf(i_0_37885, plain, (mul(c011,mul(c013,mul(c004,inv(c011))))=mul(c013,c004))).
%
%cnf(i_0_37886, plain, (mul(c011,mul(c013,mul(c003,inv(c011))))=mul(c013,c003))).
%
%cnf(i_0_37887, plain, (mul(c011,mul(c013,mul(c001,inv(c011))))=mul(c013,c001))).
%
%cnf(i_0_38397, plain, (mul(c011,mul(c011,mul(c013,inv(mul(c011,c011)))))=c013)).
%%%%
%cnf(i_0_26136, plain, (mul(c007,mul(c011,inv(mul(c011,mul(c010,c007)))))=inv(c010))).
%
%cnf(i_0_2328, plain, (mul(c002,mul(c013,inv(mul(c004,c007))))=mul(c013,mul(inv(c004),c002)))).
%
%cnf(i_0_26140, plain, (mul(c011,inv(mul(c011,mul(c010,c007))))=inv(mul(c010,c007)))).
%%
%cnf(i_0_26147, plain, (mul(c007,mul(c011,inv(mul(c011,mul(c009,c007)))))=inv(c009))).
%
%cnf(i_0_26151, plain, (mul(c011,inv(mul(c011,mul(c009,c007))))=inv(mul(c009,c007)))).
%
%cnf(i_0_26188, plain, (mul(c008,mul(inv(mul(c005,c014)),c002))=mul(c002,inv(c005)))).
%%%%
%cnf(i_0_26629, plain, (mul(inv(mul(c010,c007)),c011)=mul(c011,inv(mul(c010,c007))))).
%%
%cnf(i_0_2329, plain, (mul(c002,mul(c012,inv(mul(c004,c007))))=mul(c012,mul(inv(c004),c002)))).
%%
%cnf(i_0_26662, plain, (mul(inv(mul(c009,c007)),c011)=mul(c011,inv(mul(c009,c007))))).
%%%
%cnf(i_0_26695, plain, (mul(inv(mul(c011,c011)),c007)=mul(c007,inv(mul(c011,c011))))).
%%
%cnf(i_0_26703, plain, (mul(c007,inv(mul(c007,mul(c011,c011))))=inv(mul(c011,c011)))).
%
%cnf(i_0_26922, plain, (mul(c007,mul(inv(mul(c004,c013)),c002))=mul(c002,inv(c004)))).
%
%cnf(i_0_27251, plain, (mul(inv(mul(c004,mul(c011,c011))),mul(c011,c011))=inv(c004))).
%
%cnf(i_0_39156, plain, (mul(inv(mul(c011,c011)),mul(c004,mul(c011,c011)))=c004)).
%
%cnf(i_0_2330, plain, (mul(c002,mul(c011,inv(mul(c004,c007))))=mul(c011,mul(inv(c004),c002)))).
%%%%%
%cnf(i_0_27290, plain, (mul(inv(mul(c005,c011)),mul(c007,c011))=mul(inv(c005),c007))).
%
%cnf(i_0_27291, plain, (mul(inv(mul(c005,c011)),mul(c006,c011))=mul(inv(c005),c006))).
%%%%%
%cnf(i_0_2352, plain, (mul(c005,mul(c008,mul(inv(c002),X1)))=mul(inv(c002),mul(c005,X1)))).
%%%%%%%
%cnf(i_0_27410, plain, (mul(inv(mul(c007,c011)),mul(c005,c011))=mul(inv(c007),c005))).
%
%cnf(i_0_27411, plain, (mul(inv(mul(c006,c011)),mul(c005,c011))=mul(inv(c006),c005))).
%%%
%cnf(i_0_2361, plain, (mul(c002,mul(inv(mul(c005,c008)),X1))=mul(inv(c005),mul(c002,X1)))).
%%%%
%cnf(i_0_27423, plain, (mul(inv(c010),mul(c005,c011))=mul(c011,mul(inv(c010),c005)))).
%
%cnf(i_0_27434, plain, (mul(inv(c009),mul(c005,c011))=mul(c011,mul(inv(c009),c005)))).
%%%%%
%cnf(i_0_27622, plain, (mul(inv(c005),mul(c002,c011))=mul(c011,mul(inv(c005),c002)))).
%
%cnf(i_0_2369, plain, (mul(inv(c002),mul(c005,inv(X1)))=mul(c005,mul(c008,inv(mul(X1,c002)))))).
%%%
%cnf(i_0_27639, plain, (mul(inv(c005),mul(c001,c011))=mul(c011,mul(inv(c005),c001)))).
%%%%%%%
%cnf(i_0_27882, plain, (mul(inv(c005),mul(c003,c011))=mul(c011,mul(inv(c005),c003)))).
%
%cnf(i_0_2370, plain, (mul(c002,mul(c014,inv(mul(c005,c008))))=mul(c014,mul(inv(c005),c002)))).
%%%%%%%%
%cnf(i_0_28136, plain, (mul(inv(mul(c005,mul(c007,c011))),c011)=inv(mul(c005,c007)))).
%
%cnf(i_0_28137, plain, (mul(inv(mul(c005,mul(c006,c011))),c011)=inv(mul(c005,c006)))).
%
%cnf(i_0_28138, plain, (mul(inv(mul(c005,mul(c005,c011))),c011)=inv(mul(c005,c005)))).
%
%cnf(i_0_2371, plain, (mul(c002,mul(c013,inv(mul(c005,c008))))=mul(c013,mul(inv(c005),c002)))).
%%
%cnf(i_0_28140, plain, (mul(inv(mul(c005,mul(c003,c011))),c011)=inv(mul(c005,c003)))).
%
%cnf(i_0_28141, plain, (mul(inv(mul(c005,mul(c001,c011))),c011)=inv(mul(c005,c001)))).
%
%cnf(i_0_28142, plain, (mul(inv(mul(c005,mul(c002,c011))),c011)=inv(mul(c005,c002)))).
%
%cnf(i_0_28149, plain, (mul(inv(mul(c005,c010)),c011)=mul(c011,inv(mul(c005,c010))))).
%
%cnf(i_0_28160, plain, (mul(inv(mul(c005,c009)),c011)=mul(c011,inv(mul(c005,c009))))).
%
%cnf(i_0_28256, plain, (mul(inv(mul(c001,c005)),c011)=mul(c011,inv(mul(c001,c005))))).
%
%cnf(i_0_28257, plain, (mul(inv(mul(c002,c005)),c011)=mul(c011,inv(mul(c002,c005))))).
%
%cnf(i_0_28264, plain, (mul(inv(c005),mul(c007,c011))=mul(c011,mul(inv(c005),c007)))).
%
%cnf(i_0_28265, plain, (mul(inv(c005),mul(c006,c011))=mul(c011,mul(inv(c005),c006)))).
%
%cnf(i_0_2372, plain, (mul(c002,mul(c012,inv(mul(c005,c008))))=mul(c012,mul(inv(c005),c002)))).
%%%%%%%%
%cnf(i_0_28397, plain, (mul(inv(mul(c008,c011)),mul(c011,X1))=mul(inv(c008),X1))).
%
%cnf(i_0_28399, plain, (mul(c008,mul(inv(mul(c008,c011)),X1))=mul(inv(c011),X1))).
%
%cnf(i_0_28400, plain, (mul(inv(mul(c011,X1)),mul(c008,c011))=mul(inv(X1),c008))).
%
%cnf(i_0_2373, plain, (mul(c002,mul(c011,inv(mul(c005,c008))))=mul(c011,mul(inv(c005),c002)))).
%
%cnf(i_0_40242, plain, (mul(c005,mul(c008,mul(c011,inv(mul(c005,c008)))))=c011)).
%
%cnf(i_0_28401, plain, (mul(c008,inv(mul(X1,mul(c008,c011))))=inv(mul(X1,c011)))).
%
%cnf(i_0_28402, plain, (mul(c001,mul(c006,mul(c008,c011)))=mul(c006,mul(c001,c008)))).
%
%cnf(i_0_28403, plain, (mul(inv(mul(c002,mul(c008,c011))),c011)=inv(mul(c002,c008)))).
%
%cnf(i_0_40347, plain, (mul(c002,mul(c008,mul(c011,inv(mul(c002,c008)))))=c011)).
%%
%cnf(i_0_28404, plain, (mul(inv(mul(c001,mul(c008,c011))),c011)=inv(mul(c001,c008)))).
%
%cnf(i_0_40405, plain, (mul(c001,mul(c008,mul(c011,inv(mul(c001,c008)))))=c011)).
%%
%cnf(i_0_28405, plain, (mul(inv(mul(c002,c011)),mul(c008,c011))=mul(inv(c002),c008))).
%
%cnf(i_0_2374, plain, (mul(c004,mul(c009,mul(inv(c003),X1)))=mul(inv(c003),mul(c004,X1)))).
%
%cnf(i_0_28406, plain, (mul(inv(mul(c001,c011)),mul(c008,c011))=mul(inv(c001),c008))).
%
%cnf(i_0_28407, plain, (mul(inv(mul(c008,c011)),mul(c001,c011))=mul(inv(c008),c001))).
%
%cnf(i_0_28408, plain, (mul(inv(mul(c008,c011)),mul(c002,c011))=mul(inv(c008),c002))).
%
%cnf(i_0_28409, plain, (mul(inv(c001),mul(c008,c011))=mul(c011,mul(inv(c001),c008)))).
%
%cnf(i_0_28410, plain, (mul(inv(c002),mul(c008,c011))=mul(c011,mul(inv(c002),c008)))).
%
%cnf(i_0_28411, plain, (mul(inv(mul(c003,c011)),mul(c008,c011))=mul(c008,inv(c003)))).
%
%cnf(i_0_28412, plain, (mul(inv(mul(c008,c011)),mul(c003,c011))=mul(c003,inv(c008)))).
%
%cnf(i_0_28413, plain, (mul(inv(mul(c003,mul(c008,c011))),c011)=inv(mul(c003,c008)))).
%
%cnf(i_0_40658, plain, (mul(c003,mul(c008,mul(c011,inv(mul(c003,c008)))))=c011)).
%%
%cnf(i_0_2383, plain, (mul(c004,mul(c005,mul(c009,inv(c003))))=mul(c005,mul(inv(c003),c004)))).
%%
%cnf(i_0_28415, plain, (mul(inv(mul(c004,c011)),mul(c008,c011))=mul(inv(c004),c008))).
%
%cnf(i_0_28416, plain, (mul(inv(mul(c008,c011)),mul(c004,c011))=mul(inv(c008),c004))).
%
%cnf(i_0_28417, plain, (mul(inv(mul(c004,mul(c008,c011))),c011)=inv(mul(c004,c008)))).
%
%cnf(i_0_40752, plain, (mul(c004,mul(c008,mul(c011,inv(mul(c004,c008)))))=c011)).
%%
%cnf(i_0_28418, plain, (mul(inv(c004),mul(c008,c011))=mul(c011,mul(inv(c004),c008)))).
%
%cnf(i_0_28419, plain, (mul(inv(mul(c005,c011)),mul(c008,c011))=mul(inv(c005),c008))).
%
%cnf(i_0_28420, plain, (mul(inv(mul(c008,c011)),mul(c005,c011))=mul(inv(c008),c005))).
%
%cnf(i_0_28421, plain, (mul(inv(mul(c005,mul(c008,c011))),c011)=inv(mul(c005,c008)))).
%
%cnf(i_0_2384, plain, (mul(c003,mul(inv(mul(c004,c009)),X1))=mul(inv(c004),mul(c003,X1)))).
%
%cnf(i_0_28422, plain, (mul(inv(c005),mul(c008,c011))=mul(c011,mul(inv(c005),c008)))).
%
%cnf(i_0_28437, plain, (mul(c008,mul(c011,inv(mul(X1,c008))))=mul(c011,inv(X1)))).
%%
%cnf(i_0_28449, plain, (mul(inv(c011),mul(c008,X1))=mul(c008,mul(inv(c011),X1)))).
%%
%cnf(i_0_28458, plain, (mul(inv(mul(c003,c011)),c008)=mul(c008,inv(mul(c003,c011))))).
%
%cnf(i_0_28459, plain, (mul(inv(mul(c003,c008)),c011)=mul(c011,inv(mul(c003,c008))))).
%%%%
%cnf(i_0_2392, plain, (mul(inv(c003),mul(c004,inv(X1)))=mul(c004,mul(c009,inv(mul(X1,c003)))))).
%%%
%cnf(i_0_28473, plain, (mul(inv(mul(c008,mul(c011,X1))),c011)=inv(mul(c008,X1)))).
%%%%%%%
%cnf(i_0_28492, plain, (mul(inv(c008),mul(c011,X1))=mul(c011,mul(inv(c008),X1)))).
%
%cnf(i_0_2393, plain, (mul(c003,mul(c008,inv(mul(c004,c009))))=mul(c008,mul(inv(c004),c003)))).
%%%%%
%cnf(i_0_1049, plain, (mul(c002,mul(c008,mul(c011,c014)))=mul(c008,mul(c002,c011)))).
%
%cnf(i_0_41410, plain, (mul(inv(c014),mul(c011,c014))=c011)).
%
%cnf(i_0_41423, plain, (mul(c014,c011)=mul(c011,c014))).
%%
%cnf(i_0_41425, plain, (mul(c011,mul(c014,inv(c011)))=c014)).
%
%cnf(i_0_41409, plain, (mul(inv(mul(c011,c014)),c014)=inv(c011))).
%
%cnf(i_0_2394, plain, (mul(c003,mul(c007,inv(mul(c004,c009))))=mul(c007,mul(inv(c004),c003)))).
%%
%cnf(i_0_41429, plain, (mul(inv(c011),c014)=mul(c014,inv(c011)))).
%
%cnf(i_0_41550, plain, (mul(c014,mul(c011,inv(c014)))=c011)).
%%%
%cnf(i_0_41440, plain, (mul(c011,inv(mul(c011,c014)))=inv(c014))).
%
%cnf(i_0_41454, plain, (mul(inv(c014),c011)=mul(c011,inv(c014)))).
%%%%
%cnf(i_0_2395, plain, (mul(c003,mul(c006,inv(mul(c004,c009))))=mul(c006,mul(inv(c004),c003)))).
%%%%%%%
%cnf(i_0_41436, plain, (mul(c014,mul(c011,X1))=mul(c011,mul(c014,X1)))).
%%%
%cnf(i_0_41596, plain, (mul(c014,mul(c001,c011))=mul(c011,mul(c014,c001)))).
%
%cnf(i_0_2396, plain, (mul(c005,mul(c010,mul(inv(c003),X1)))=mul(inv(c003),mul(c005,X1)))).
%
%cnf(i_0_41602, plain, (mul(c014,mul(c003,c011))=mul(c011,mul(c014,c003)))).
%
%cnf(i_0_41606, plain, (mul(c014,mul(c004,c011))=mul(c011,mul(c014,c004)))).
%
%cnf(i_0_41610, plain, (mul(c014,mul(c005,c011))=mul(c011,mul(c014,c005)))).
%
%cnf(i_0_41618, plain, (mul(c014,mul(c006,c011))=mul(c011,mul(c014,c006)))).
%
%cnf(i_0_41621, plain, (mul(c014,mul(c007,c011))=mul(c011,mul(c014,c007)))).
%
%cnf(i_0_41625, plain, (mul(c014,mul(c008,c011))=mul(c011,mul(c014,c008)))).
%%%%%
%cnf(i_0_2405, plain, (mul(c003,mul(inv(mul(c005,c010)),X1))=mul(inv(c005),mul(c003,X1)))).
%%%%
%cnf(i_0_41421, plain, (mul(inv(c014),mul(c011,mul(c014,X1)))=mul(c011,X1))).
%
%cnf(i_0_41426, plain, (mul(c011,mul(c014,mul(inv(c011),X1)))=mul(c014,X1))).
%%%
%cnf(i_0_41486, plain, (mul(c011,mul(c010,mul(c014,inv(c011))))=mul(c010,c014))).
%
%cnf(i_0_41488, plain, (mul(c011,mul(c009,mul(c014,inv(c011))))=mul(c009,c014))).
%
%cnf(i_0_41501, plain, (mul(c011,mul(c012,mul(c014,inv(c011))))=mul(c012,c014))).
%
%cnf(i_0_2413, plain, (mul(inv(c003),mul(c005,inv(X1)))=mul(c005,mul(c010,inv(mul(X1,c003)))))).
%
%cnf(i_0_41502, plain, (mul(c011,mul(c013,mul(c014,inv(c011))))=mul(c013,c014))).
%%%%%%%%%%
%cnf(i_0_2414, plain, (mul(c003,mul(c008,inv(mul(c005,c010))))=mul(c008,mul(inv(c005),c003)))).
%%
%cnf(i_0_41736, plain, (mul(c011,mul(c014,mul(c014,inv(c011))))=mul(c014,c014))).
%
%cnf(i_0_41737, plain, (mul(c011,mul(c014,mul(c013,inv(c011))))=mul(c014,c013))).
%
%cnf(i_0_41750, plain, (mul(c011,mul(c014,mul(c012,inv(c011))))=mul(c014,c012))).
%
%cnf(i_0_41765, plain, (mul(c011,mul(c014,mul(c010,inv(c011))))=mul(c014,c010))).
%
%cnf(i_0_41781, plain, (mul(c011,mul(c014,mul(c009,inv(c011))))=mul(c014,c009))).
%%%%%
%cnf(i_0_2415, plain, (mul(c003,mul(c007,inv(mul(c005,c010))))=mul(c007,mul(inv(c005),c003)))).
%%%%%
%cnf(i_0_42069, plain, (mul(inv(c014),mul(c011,mul(c011,c014)))=mul(c011,c011))).
%%%%%%
%cnf(i_0_2416, plain, (mul(c003,mul(c006,inv(mul(c005,c010))))=mul(c006,mul(inv(c005),c003)))).
%
%cnf(i_0_42146, plain, (mul(c011,mul(c014,mul(c008,inv(c011))))=mul(c014,c008))).
%
%cnf(i_0_42147, plain, (mul(c011,mul(c014,mul(c007,inv(c011))))=mul(c014,c007))).
%
%cnf(i_0_42148, plain, (mul(c011,mul(c014,mul(c006,inv(c011))))=mul(c014,c006))).
%
%cnf(i_0_42149, plain, (mul(c011,mul(c014,mul(c005,inv(c011))))=mul(c014,c005))).
%
%cnf(i_0_42150, plain, (mul(c011,mul(c014,mul(c004,inv(c011))))=mul(c014,c004))).
%
%cnf(i_0_42151, plain, (mul(c011,mul(c014,mul(c003,inv(c011))))=mul(c014,c003))).
%
%cnf(i_0_42152, plain, (mul(c011,mul(c014,mul(c001,inv(c011))))=mul(c014,c001))).
%
%cnf(i_0_42746, plain, (mul(c011,mul(c011,mul(c014,inv(mul(c011,c011)))))=c014)).
%%%
%cnf(i_0_2417, plain, (mul(c006,mul(c011,mul(inv(c001),X1)))=mul(inv(c001),mul(c006,X1)))).
%%
%cnf(i_0_28743, plain, (mul(c008,mul(c011,inv(mul(c011,mul(c010,c008)))))=inv(c010))).
%
%cnf(i_0_28747, plain, (mul(c011,inv(mul(c011,mul(c010,c008))))=inv(mul(c010,c008)))).
%%
%cnf(i_0_28754, plain, (mul(c008,mul(c011,inv(mul(c011,mul(c009,c008)))))=inv(c009))).
%
%cnf(i_0_28758, plain, (mul(c011,inv(mul(c011,mul(c009,c008))))=inv(mul(c009,c008)))).
%%%%
%cnf(i_0_28948, plain, (mul(inv(mul(c010,c008)),c011)=mul(c011,inv(mul(c010,c008))))).
%
%cnf(i_0_2426, plain, (mul(c001,mul(inv(mul(c006,c011)),X1))=mul(inv(c006),mul(c001,X1)))).
%%%
%cnf(i_0_28985, plain, (mul(inv(mul(c009,c008)),c011)=mul(c011,inv(mul(c009,c008))))).
%%%
%cnf(i_0_29022, plain, (mul(inv(mul(c011,c011)),c008)=mul(c008,inv(mul(c011,c011))))).
%%
%cnf(i_0_29030, plain, (mul(c008,inv(mul(c008,mul(c011,c011))))=inv(mul(c011,c011)))).
%
%cnf(i_0_29377, plain, (mul(inv(mul(c005,mul(c011,c011))),mul(c011,c011))=inv(c005))).
%
%cnf(i_0_43550, plain, (mul(inv(mul(c011,c011)),mul(c005,mul(c011,c011)))=c005)).
%
%cnf(i_0_2434, plain, (mul(inv(c001),mul(c006,inv(X1)))=mul(c006,mul(c011,inv(mul(X1,c001)))))).
%%%%%%%%%%%
%cnf(i_0_2436, plain, (mul(c006,mul(c012,mul(inv(c002),X1)))=mul(inv(c002),mul(c006,X1)))).
%%
%cnf(i_0_29526, plain, (mul(inv(mul(c011,mul(c011,c010))),c010)=inv(mul(c011,c011)))).
%%%%%%%%%
%cnf(i_0_2445, plain, (mul(c002,mul(inv(mul(c006,c012)),X1))=mul(inv(c006),mul(c002,X1)))).
%%%%%
%cnf(i_0_29677, plain, (mul(inv(c010),mul(c008,c011))=mul(c011,mul(inv(c010),c008)))).
%
%cnf(i_0_29678, plain, (mul(inv(c010),mul(c007,c011))=mul(c011,mul(inv(c010),c007)))).
%
%cnf(i_0_29679, plain, (mul(inv(c010),mul(c006,c011))=mul(c011,mul(inv(c010),c006)))).
%%%%
%cnf(i_0_2453, plain, (mul(inv(c002),mul(c006,inv(X1)))=mul(c006,mul(c012,inv(mul(X1,c002)))))).
%%%%%%%%%
%cnf(i_0_30027, plain, (mul(c011,mul(c010,mul(c001,c006)))=mul(c010,mul(c006,c001)))).
%
%cnf(i_0_30037, plain, (mul(inv(mul(c011,mul(c010,c001))),mul(c010,c001))=inv(c011))).
%
%cnf(i_0_2454, plain, (mul(c002,mul(c014,inv(mul(c006,c012))))=mul(c014,mul(inv(c006),c002)))).
%
%cnf(i_0_43933, plain, (mul(inv(mul(c010,c001)),mul(c011,mul(c010,c001)))=c011)).
%
%cnf(i_0_30075, plain, (mul(inv(mul(c011,mul(c010,c002))),mul(c010,c002))=inv(c011))).
%
%cnf(i_0_44007, plain, (mul(inv(mul(c010,c002)),mul(c011,mul(c010,c002)))=c011)).
%
%cnf(i_0_30113, plain, (mul(inv(mul(c011,mul(c010,c003))),mul(c010,c003))=inv(c011))).
%
%cnf(i_0_44037, plain, (mul(inv(mul(c010,c003)),mul(c011,mul(c010,c003)))=c011)).
%
%cnf(i_0_30295, plain, (mul(inv(mul(c011,mul(c010,c005))),mul(c010,c005))=inv(c011))).
%
%cnf(i_0_44067, plain, (mul(inv(mul(c010,c005)),mul(c011,mul(c010,c005)))=c011)).
%
%cnf(i_0_30393, plain, (mul(inv(mul(c011,mul(c010,c004))),mul(c010,c004))=inv(c011))).
%
%cnf(i_0_44097, plain, (mul(inv(mul(c010,c004)),mul(c011,mul(c010,c004)))=c011)).
%
%cnf(i_0_30446, plain, (mul(inv(mul(c011,mul(c010,c010))),mul(c010,c010))=inv(c011))).
%
%cnf(i_0_2455, plain, (mul(c002,mul(c013,inv(mul(c006,c012))))=mul(c013,mul(inv(c006),c002)))).
%
%cnf(i_0_44127, plain, (mul(inv(mul(c010,c010)),mul(c011,mul(c010,c010)))=c011)).
%%%%%%%%%%
%cnf(i_0_2457, plain, (mul(c002,mul(c011,inv(mul(c006,c012))))=mul(c011,mul(inv(c006),c002)))).
%%%
%cnf(i_0_30783, plain, (mul(inv(mul(c011,mul(c011,c009))),c009)=inv(mul(c011,c011)))).
%%%%%%%%
%cnf(i_0_2481, plain, (mul(c007,mul(c013,mul(inv(c002),X1)))=mul(inv(c002),mul(c007,X1)))).
%%%%%%
%cnf(i_0_30984, plain, (mul(inv(c009),mul(c008,c011))=mul(c011,mul(inv(c009),c008)))).
%
%cnf(i_0_30985, plain, (mul(inv(c009),mul(c007,c011))=mul(c011,mul(inv(c009),c007)))).
%
%cnf(i_0_30986, plain, (mul(inv(c009),mul(c006,c011))=mul(c011,mul(inv(c009),c006)))).
%%%
%cnf(i_0_2490, plain, (mul(c002,mul(inv(mul(c007,c013)),X1))=mul(inv(c007),mul(c002,X1)))).
%%%%%%%%%%
%cnf(i_0_31282, plain, (mul(c011,mul(c009,mul(c001,c006)))=mul(c009,mul(c006,c001)))).
%
%cnf(i_0_2498, plain, (mul(inv(c002),mul(c007,inv(X1)))=mul(c007,mul(c013,inv(mul(X1,c002)))))).
%
%cnf(i_0_31292, plain, (mul(inv(mul(c011,mul(c009,c001))),mul(c009,c001))=inv(c011))).
%
%cnf(i_0_44560, plain, (mul(inv(mul(c009,c001)),mul(c011,mul(c009,c001)))=c011)).
%
%cnf(i_0_31331, plain, (mul(inv(mul(c011,mul(c009,c002))),mul(c009,c002))=inv(c011))).
%
%cnf(i_0_44590, plain, (mul(inv(mul(c009,c002)),mul(c011,mul(c009,c002)))=c011)).
%
%cnf(i_0_31422, plain, (mul(inv(mul(c011,mul(c009,c003))),mul(c009,c003))=inv(c011))).
%
%cnf(i_0_44620, plain, (mul(inv(mul(c009,c003)),mul(c011,mul(c009,c003)))=c011)).
%%
%cnf(i_0_31664, plain, (mul(inv(mul(c011,mul(c009,c005))),mul(c009,c005))=inv(c011))).
%
%cnf(i_0_44650, plain, (mul(inv(mul(c009,c005)),mul(c011,mul(c009,c005)))=c011)).
%
%cnf(i_0_31720, plain, (mul(inv(mul(c011,mul(c009,c004))),mul(c009,c004))=inv(c011))).
%
%cnf(i_0_2499, plain, (mul(c002,mul(c014,inv(mul(c007,c013))))=mul(c014,mul(inv(c007),c002)))).
%
%cnf(i_0_44680, plain, (mul(inv(mul(c009,c004)),mul(c011,mul(c009,c004)))=c011)).
%
%cnf(i_0_31775, plain, (mul(inv(mul(c011,mul(c010,c009))),mul(c010,c009))=inv(c011))).
%
%cnf(i_0_44754, plain, (mul(inv(mul(c010,c009)),mul(c011,mul(c010,c009)))=c011)).
%
%cnf(i_0_31894, plain, (mul(inv(mul(c011,mul(c009,c010))),mul(c009,c010))=inv(c011))).
%
%cnf(i_0_44784, plain, (mul(inv(mul(c009,c010)),mul(c011,mul(c009,c010)))=c011)).
%
%cnf(i_0_31949, plain, (mul(inv(mul(c011,mul(c009,c009))),mul(c009,c009))=inv(c011))).
%
%cnf(i_0_44814, plain, (mul(inv(mul(c009,c009)),mul(c011,mul(c009,c009)))=c011)).
%
%cnf(i_0_32188, plain, (mul(c001,mul(c004,inv(c001)))=mul(c004,mul(c011,inv(c006))))).
%
%cnf(i_0_32196, plain, (mul(c006,mul(inv(c004),c001))=mul(c001,mul(c011,inv(c004))))).
%%
%cnf(i_0_2501, plain, (mul(c002,mul(c012,inv(mul(c007,c013))))=mul(c012,mul(inv(c007),c002)))).
%%%%%%%%%%%
%cnf(i_0_2502, plain, (mul(c002,mul(c011,inv(mul(c007,c013))))=mul(c011,mul(inv(c007),c002)))).
%%%%
%cnf(i_0_32834, plain, (mul(inv(mul(c006,c011)),mul(c008,c011))=mul(inv(c006),c008))).
%
%cnf(i_0_32835, plain, (mul(inv(mul(c006,c011)),mul(c007,c011))=mul(inv(c006),c007))).
%%%%%%
%cnf(i_0_2503, plain, (mul(c008,mul(c014,mul(inv(c002),X1)))=mul(inv(c002),mul(c008,X1)))).
%%%%%
%cnf(i_0_32983, plain, (mul(inv(mul(c008,c011)),mul(c006,c011))=mul(inv(c008),c006))).
%
%cnf(i_0_32984, plain, (mul(inv(mul(c007,c011)),mul(c006,c011))=mul(inv(c007),c006))).
%%%%%
%cnf(i_0_2512, plain, (mul(c002,mul(inv(mul(c008,c014)),X1))=mul(inv(c008),mul(c002,X1)))).
%%%%%%%
%cnf(i_0_33107, plain, (mul(inv(c006),mul(c002,c011))=mul(c011,mul(inv(c006),c002)))).
%%%%
%cnf(i_0_2520, plain, (mul(inv(c002),mul(c008,inv(X1)))=mul(c008,mul(c014,inv(mul(X1,c002)))))).
%%%%%%
%cnf(i_0_33328, plain, (mul(inv(c006),mul(c004,c011))=mul(c011,mul(inv(c006),c004)))).
%%%%%
%cnf(i_0_2522, plain, (mul(c002,mul(c013,inv(mul(c008,c014))))=mul(c013,mul(inv(c008),c002)))).
%
%cnf(i_0_33406, plain, (mul(inv(mul(c001,c006)),c011)=mul(c011,inv(mul(c001,c006))))).
%
%cnf(i_0_33407, plain, (mul(inv(mul(c002,c006)),c011)=mul(c011,inv(mul(c002,c006))))).
%
%cnf(i_0_33414, plain, (mul(inv(c006),mul(c008,c011))=mul(c011,mul(inv(c006),c008)))).
%
%cnf(i_0_33415, plain, (mul(inv(c006),mul(c007,c011))=mul(c011,mul(inv(c006),c007)))).
%
%cnf(i_0_33417, plain, (mul(inv(c006),mul(c005,c011))=mul(c011,mul(inv(c006),c005)))).
%%%%%
%cnf(i_0_33607, plain, (mul(inv(mul(c006,mul(c008,c011))),c011)=inv(mul(c006,c008)))).
%
%cnf(i_0_2523, plain, (mul(c002,mul(c012,inv(mul(c008,c014))))=mul(c012,mul(inv(c008),c002)))).
%
%cnf(i_0_33608, plain, (mul(inv(mul(c006,mul(c007,c011))),c011)=inv(mul(c006,c007)))).
%
%cnf(i_0_33609, plain, (mul(inv(mul(c006,mul(c006,c011))),c011)=inv(mul(c006,c006)))).
%
%cnf(i_0_33610, plain, (mul(inv(mul(c006,mul(c005,c011))),c011)=inv(mul(c006,c005)))).
%
%cnf(i_0_33611, plain, (mul(inv(mul(c006,mul(c004,c011))),c011)=inv(mul(c006,c004)))).
%
%cnf(i_0_33613, plain, (mul(inv(mul(c006,mul(c001,c011))),c011)=inv(mul(c006,c001)))).
%
%cnf(i_0_33614, plain, (mul(inv(mul(c006,mul(c002,c011))),c011)=inv(mul(c006,c002)))).
%
%cnf(i_0_33635, plain, (mul(inv(mul(c006,c010)),c011)=mul(c011,inv(mul(c006,c010))))).
%
%cnf(i_0_33649, plain, (mul(inv(mul(c006,c009)),c011)=mul(c011,inv(mul(c006,c009))))).
%%%
%cnf(i_0_2524, plain, (mul(c002,mul(c011,inv(mul(c008,c014))))=mul(c011,mul(inv(c008),c002)))).
%%
%cnf(i_0_33731, plain, (mul(c011,mul(c012,inv(mul(X1,c011))))=mul(c012,inv(X1)))).
%
%cnf(i_0_33736, plain, (mul(inv(mul(c012,X1)),mul(c011,c012))=mul(inv(X1),c011))).
%
%cnf(i_0_33742, plain, (mul(inv(mul(c011,c012)),mul(c012,X1))=mul(inv(c011),X1))).
%
%cnf(i_0_33744, plain, (mul(c011,mul(inv(mul(c011,c012)),X1))=mul(inv(c012),X1))).
%%
%cnf(i_0_33746, plain, (mul(c011,inv(mul(X1,mul(c011,c012))))=inv(mul(X1,c012)))).
%
%cnf(i_0_33747, plain, (mul(c011,mul(c010,inv(mul(c011,c012))))=mul(c010,inv(c012)))).
%
%cnf(i_0_33748, plain, (mul(c011,mul(c009,inv(mul(c011,c012))))=mul(c009,inv(c012)))).
%
%cnf(i_0_33750, plain, (mul(inv(mul(c002,mul(c011,c012))),c012)=inv(mul(c002,c011)))).
%
%cnf(i_0_2548, plain, (mul(c010,mul(inv(mul(c005,c003)),X1))=mul(inv(mul(c003,c005)),X1))).
%
%cnf(i_0_33751, plain, (mul(inv(mul(c011,c012)),mul(c002,c012))=mul(c002,inv(c011)))).
%
%cnf(i_0_33752, plain, (mul(inv(mul(c002,c012)),mul(c011,c012))=mul(c011,inv(c002)))).
%%
%cnf(i_0_33759, plain, (mul(inv(c012),mul(c011,X1))=mul(c011,mul(inv(c012),X1)))).
%%
%cnf(i_0_33768, plain, (mul(inv(mul(c002,c012)),c011)=mul(c011,inv(mul(c002,c012))))).
%
%cnf(i_0_33769, plain, (mul(inv(mul(c001,c012)),c011)=mul(c011,inv(mul(c001,c012))))).
%
%cnf(i_0_33770, plain, (mul(inv(mul(c002,c011)),c012)=mul(c012,inv(mul(c002,c011))))).
%
%cnf(i_0_33772, plain, (mul(inv(c012),mul(c001,c011))=mul(c011,mul(inv(c012),c001)))).
%%
%cnf(i_0_2556, plain, (mul(c005,mul(c003,inv(mul(X1,c010))))=mul(c003,mul(c005,inv(X1))))).
%%
%cnf(i_0_33778, plain, (mul(inv(c012),mul(c003,c011))=mul(c011,mul(inv(c012),c003)))).
%
%cnf(i_0_33779, plain, (mul(inv(mul(c003,c012)),c011)=mul(c011,inv(mul(c003,c012))))).
%
%cnf(i_0_33782, plain, (mul(inv(c012),mul(c004,c011))=mul(c011,mul(inv(c012),c004)))).
%
%cnf(i_0_33783, plain, (mul(inv(mul(c004,c012)),c011)=mul(c011,inv(mul(c004,c012))))).
%
%cnf(i_0_33786, plain, (mul(inv(c012),mul(c005,c011))=mul(c011,mul(inv(c012),c005)))).
%
%cnf(i_0_33787, plain, (mul(inv(mul(c005,c012)),c011)=mul(c011,inv(mul(c005,c012))))).
%
%cnf(i_0_33794, plain, (mul(inv(c012),mul(c006,c011))=mul(c011,mul(inv(c012),c006)))).
%
%cnf(i_0_33795, plain, (mul(inv(mul(c006,c012)),c011)=mul(c011,inv(mul(c006,c012))))).
%%
%cnf(i_0_2557, plain, (mul(inv(mul(c003,c005)),mul(c005,X1))=mul(c010,mul(inv(c003),X1)))).
%%%
%cnf(i_0_33809, plain, (mul(inv(mul(c011,mul(c012,X1))),c012)=inv(mul(c011,X1)))).
%
%cnf(i_0_33840, plain, (mul(inv(c011),mul(c012,X1))=mul(c012,mul(inv(c011),X1)))).
%%%%%%%
%cnf(i_0_2566, plain, (mul(inv(c005),mul(c003,mul(c005,inv(X1))))=mul(c003,inv(mul(X1,c010))))).
%%%%
%cnf(i_0_33890, plain, (mul(c011,inv(mul(c011,mul(c012,c001))))=inv(mul(c012,c001)))).
%%
%cnf(i_0_33892, plain, (mul(c011,inv(mul(c011,mul(c012,c006))))=inv(mul(c012,c006)))).
%%%
%cnf(i_0_33896, plain, (mul(c011,inv(mul(c011,mul(c012,c003))))=inv(mul(c012,c003)))).
%%
%cnf(i_0_2567, plain, (mul(inv(X1),mul(c010,inv(c003)))=mul(inv(mul(c003,mul(c005,X1))),c005))).
%%
%cnf(i_0_33900, plain, (mul(c011,inv(mul(c011,mul(c012,c004))))=inv(mul(c012,c004)))).
%%%
%cnf(i_0_33904, plain, (mul(c011,inv(mul(c011,mul(c012,c005))))=inv(mul(c012,c005)))).
%%
%cnf(i_0_33906, plain, (mul(c011,inv(mul(c011,mul(c012,c010))))=inv(mul(c012,c010)))).
%%
%cnf(i_0_33908, plain, (mul(c011,inv(mul(c011,mul(c012,c009))))=inv(mul(c012,c009)))).
%%
%cnf(i_0_2569, plain, (mul(inv(c005),mul(c003,mul(c005,X1)))=mul(c003,mul(inv(c010),X1)))).
%%%%%%%%%
%cnf(i_0_33995, plain, (mul(c011,mul(c012,inv(mul(c011,c010))))=mul(c012,inv(c010)))).
%
%cnf(i_0_34003, plain, (mul(c011,mul(c012,inv(mul(c011,c009))))=mul(c012,inv(c009)))).
%%%%%%%%%%%%
%cnf(i_0_2580, plain, (mul(inv(X1),mul(c003,inv(c010)))=mul(inv(mul(c005,X1)),mul(c003,c005)))).
%%%%%%%
%cnf(i_0_34161, plain, (mul(c008,mul(c011,inv(mul(c011,mul(c012,c008)))))=inv(c012))).
%
%cnf(i_0_34165, plain, (mul(c011,inv(mul(c011,mul(c012,c008))))=inv(mul(c012,c008)))).
%%
%cnf(i_0_34175, plain, (mul(c007,mul(c011,inv(mul(c011,mul(c012,c007)))))=inv(c012))).
%
%cnf(i_0_2605, plain, (mul(c009,mul(inv(mul(c004,c003)),X1))=mul(inv(mul(c003,c004)),X1))).
%
%cnf(i_0_34179, plain, (mul(c011,inv(mul(c011,mul(c012,c007))))=inv(mul(c012,c007)))).
%%%
%cnf(i_0_34397, plain, (mul(inv(mul(c010,c012)),c011)=mul(c011,inv(mul(c010,c012))))).
%
%cnf(i_0_34405, plain, (mul(c011,inv(mul(c011,mul(c010,c012))))=inv(mul(c010,c012)))).
%
%cnf(i_0_34440, plain, (mul(inv(mul(c009,c012)),c011)=mul(c011,inv(mul(c009,c012))))).
%
%cnf(i_0_34448, plain, (mul(c011,inv(mul(c011,mul(c009,c012))))=inv(mul(c009,c012)))).
%
%cnf(i_0_34541, plain, (mul(inv(mul(c012,c012)),c011)=mul(c011,inv(mul(c012,c012))))).
%%
%cnf(i_0_34549, plain, (mul(c011,inv(mul(c011,mul(c012,c012))))=inv(mul(c012,c012)))).
%
%cnf(i_0_2613, plain, (mul(c004,mul(c003,inv(mul(X1,c009))))=mul(c003,mul(c004,inv(X1))))).
%
%cnf(i_0_34584, plain, (mul(inv(mul(c012,c010)),c011)=mul(c011,inv(mul(c012,c010))))).
%%%
%cnf(i_0_34627, plain, (mul(inv(mul(c012,c009)),c011)=mul(c011,inv(mul(c012,c009))))).
%%%
%cnf(i_0_34804, plain, (mul(inv(mul(c012,c008)),c011)=mul(c011,inv(mul(c012,c008))))).
%%%
%cnf(i_0_34847, plain, (mul(inv(mul(c012,c007)),c011)=mul(c011,inv(mul(c012,c007))))).
%
%cnf(i_0_2614, plain, (mul(inv(mul(c003,c004)),mul(c004,X1))=mul(c009,mul(inv(c003),X1)))).
%%%
%cnf(i_0_34890, plain, (mul(inv(mul(c012,c006)),c011)=mul(c011,inv(mul(c012,c006))))).
%%%
%cnf(i_0_34933, plain, (mul(inv(mul(c012,c005)),c011)=mul(c011,inv(mul(c012,c005))))).
%%%
%cnf(i_0_34976, plain, (mul(inv(mul(c012,c004)),c011)=mul(c011,inv(mul(c012,c004))))).
%%
%cnf(i_0_2623, plain, (mul(inv(c004),mul(c003,mul(c004,inv(X1))))=mul(c003,inv(mul(X1,c009))))).
%%
%cnf(i_0_35019, plain, (mul(inv(mul(c012,c003)),c011)=mul(c011,inv(mul(c012,c003))))).
%%%
%cnf(i_0_35062, plain, (mul(inv(mul(c012,c001)),c011)=mul(c011,inv(mul(c012,c001))))).
%%%
%cnf(i_0_35198, plain, (mul(inv(mul(c011,mul(c010,c006))),mul(c010,c006))=inv(c011))).
%
%cnf(i_0_48296, plain, (mul(inv(mul(c010,c006)),mul(c011,mul(c010,c006)))=c011)).
%
%cnf(i_0_35261, plain, (mul(inv(mul(c011,mul(c009,c006))),mul(c009,c006))=inv(c011))).
%
%cnf(i_0_2624, plain, (mul(inv(X1),mul(c009,inv(c003)))=mul(inv(mul(c003,mul(c004,X1))),c004))).
%
%cnf(i_0_48326, plain, (mul(inv(mul(c009,c006)),mul(c011,mul(c009,c006)))=c011)).
%%
%cnf(i_0_35309, plain, (mul(c001,mul(c011,inv(mul(c001,c004))))=mul(c006,inv(c004)))).
%%
%cnf(i_0_35408, plain, (mul(inv(mul(c006,mul(c011,c011))),mul(c011,c011))=inv(c006))).
%
%cnf(i_0_48493, plain, (mul(inv(mul(c011,c011)),mul(c006,mul(c011,c011)))=c006)).
%%%%%
%cnf(i_0_2626, plain, (mul(inv(c004),mul(c003,mul(c004,X1)))=mul(c003,mul(inv(c009),X1)))).
%%%
%cnf(i_0_35891, plain, (mul(inv(mul(c007,c011)),mul(c008,c011))=mul(inv(c007),c008))).
%%%%%%%%%%%%%%%%
%cnf(i_0_36056, plain, (mul(inv(mul(c008,c011)),mul(c007,c011))=mul(inv(c008),c007))).
%%%
%cnf(i_0_2637, plain, (mul(inv(X1),mul(c003,inv(c009)))=mul(inv(mul(c004,X1)),mul(c003,c004)))).
%%%%%%
%cnf(i_0_36087, plain, (mul(inv(c012),mul(c007,c011))=mul(c011,mul(inv(c012),c007)))).
%%%%%
%cnf(i_0_2638, plain, (mul(c011,mul(inv(mul(c006,c001)),X1))=mul(inv(mul(c001,c006)),X1))).
%%%
%cnf(i_0_36361, plain, (mul(inv(c007),mul(c002,c011))=mul(c011,mul(inv(c007),c002)))).
%%%
%cnf(i_0_36378, plain, (mul(inv(c007),mul(c001,c011))=mul(c011,mul(inv(c007),c001)))).
%%%%%
%cnf(i_0_2646, plain, (mul(c006,mul(c001,inv(mul(X1,c011))))=mul(c001,mul(c006,inv(X1))))).
%%%%%
%cnf(i_0_36589, plain, (mul(inv(c007),mul(c004,c011))=mul(c011,mul(inv(c007),c004)))).
%%%%%%
%cnf(i_0_2649, plain, (mul(inv(mul(c001,c006)),mul(c006,X1))=mul(c011,mul(inv(c001),X1)))).
%%%
%cnf(i_0_36904, plain, (mul(inv(mul(c007,mul(c008,c011))),c011)=inv(mul(c007,c008)))).
%
%cnf(i_0_36905, plain, (mul(inv(mul(c007,mul(c007,c011))),c011)=inv(mul(c007,c007)))).
%
%cnf(i_0_36906, plain, (mul(inv(mul(c007,mul(c006,c011))),c011)=inv(mul(c007,c006)))).
%
%cnf(i_0_36907, plain, (mul(inv(mul(c007,mul(c005,c011))),c011)=inv(mul(c007,c005)))).
%
%cnf(i_0_36908, plain, (mul(inv(mul(c007,mul(c004,c011))),c011)=inv(mul(c007,c004)))).
%
%cnf(i_0_36910, plain, (mul(inv(mul(c007,mul(c001,c011))),c011)=inv(mul(c007,c001)))).
%
%cnf(i_0_36911, plain, (mul(inv(mul(c007,mul(c002,c011))),c011)=inv(mul(c007,c002)))).
%
%cnf(i_0_36935, plain, (mul(inv(mul(c007,c012)),c011)=mul(c011,inv(mul(c007,c012))))).
%
%cnf(i_0_2658, plain, (mul(inv(c006),mul(c001,mul(c006,inv(X1))))=mul(c001,inv(mul(X1,c011))))).
%
%cnf(i_0_36948, plain, (mul(inv(mul(c007,c010)),c011)=mul(c011,inv(mul(c007,c010))))).
%
%cnf(i_0_36963, plain, (mul(inv(mul(c007,c009)),c011)=mul(c011,inv(mul(c007,c009))))).
%
%cnf(i_0_37035, plain, (mul(inv(mul(c001,c007)),c011)=mul(c011,inv(mul(c001,c007))))).
%
%cnf(i_0_37036, plain, (mul(inv(mul(c002,c007)),c011)=mul(c011,inv(mul(c002,c007))))).
%
%cnf(i_0_37043, plain, (mul(inv(c007),mul(c008,c011))=mul(c011,mul(inv(c007),c008)))).
%
%cnf(i_0_37045, plain, (mul(inv(c007),mul(c006,c011))=mul(c011,mul(inv(c007),c006)))).
%
%cnf(i_0_37046, plain, (mul(inv(c007),mul(c005,c011))=mul(c011,mul(inv(c007),c005)))).
%%%%
%cnf(i_0_2659, plain, (mul(inv(mul(c001,mul(c006,X1))),c006)=mul(inv(mul(c001,X1)),c011))).
%%%%%%%
%cnf(i_0_37177, plain, (mul(c011,mul(c013,inv(mul(X1,c011))))=mul(c013,inv(X1)))).
%
%cnf(i_0_37182, plain, (mul(inv(mul(c013,X1)),mul(c011,c013))=mul(inv(X1),c011))).
%
%cnf(i_0_37188, plain, (mul(inv(mul(c011,c013)),mul(c013,X1))=mul(inv(c011),X1))).
%
%cnf(i_0_37190, plain, (mul(c011,mul(inv(mul(c011,c013)),X1))=mul(inv(c013),X1))).
%
%cnf(i_0_2661, plain, (mul(inv(c006),mul(c001,mul(c006,X1)))=mul(c001,mul(inv(c011),X1)))).
%%
%cnf(i_0_37192, plain, (mul(c011,inv(mul(X1,mul(c011,c013))))=inv(mul(X1,c013)))).
%
%cnf(i_0_37193, plain, (mul(c011,mul(c010,inv(mul(c011,c013))))=mul(c010,inv(c013)))).
%
%cnf(i_0_37194, plain, (mul(c011,mul(c009,inv(mul(c011,c013))))=mul(c009,inv(c013)))).
%
%cnf(i_0_37196, plain, (mul(inv(mul(c002,c013)),mul(c011,c013))=mul(c011,inv(c002)))).
%
%cnf(i_0_37197, plain, (mul(inv(mul(c002,mul(c011,c013))),c013)=inv(mul(c002,c011)))).
%
%cnf(i_0_37198, plain, (mul(inv(mul(c011,c013)),mul(c002,c013))=mul(c002,inv(c011)))).
%%
%cnf(i_0_37268, plain, (mul(inv(c013),mul(c011,X1))=mul(c011,mul(inv(c013),X1)))).
%%%
%cnf(i_0_37277, plain, (mul(inv(mul(c002,c013)),c011)=mul(c011,inv(mul(c002,c013))))).
%
%cnf(i_0_37278, plain, (mul(inv(mul(c001,c013)),c011)=mul(c011,inv(mul(c001,c013))))).
%
%cnf(i_0_37279, plain, (mul(inv(mul(c002,c011)),c013)=mul(c013,inv(mul(c002,c011))))).
%
%cnf(i_0_37281, plain, (mul(inv(c013),mul(c001,c011))=mul(c011,mul(inv(c013),c001)))).
%%%
%cnf(i_0_37287, plain, (mul(inv(c013),mul(c003,c011))=mul(c011,mul(inv(c013),c003)))).
%
%cnf(i_0_37288, plain, (mul(inv(mul(c003,c013)),c011)=mul(c011,inv(mul(c003,c013))))).
%
%cnf(i_0_37291, plain, (mul(inv(c013),mul(c004,c011))=mul(c011,mul(inv(c013),c004)))).
%
%cnf(i_0_37292, plain, (mul(inv(mul(c004,c013)),c011)=mul(c011,inv(mul(c004,c013))))).
%
%cnf(i_0_2672, plain, (mul(inv(mul(c006,X1)),mul(c001,c006))=mul(inv(mul(c011,X1)),c001))).
%
%cnf(i_0_37295, plain, (mul(inv(c013),mul(c005,c011))=mul(c011,mul(inv(c013),c005)))).
%
%cnf(i_0_37296, plain, (mul(inv(mul(c005,c013)),c011)=mul(c011,inv(mul(c005,c013))))).
%
%cnf(i_0_37303, plain, (mul(inv(c013),mul(c006,c011))=mul(c011,mul(inv(c013),c006)))).
%
%cnf(i_0_37304, plain, (mul(inv(mul(c006,c013)),c011)=mul(c011,inv(mul(c006,c013))))).
%
%cnf(i_0_37306, plain, (mul(inv(c013),mul(c007,c011))=mul(c011,mul(inv(c013),c007)))).
%
%cnf(i_0_37308, plain, (mul(inv(mul(c007,c013)),c011)=mul(c011,inv(mul(c007,c013))))).
%%%%
%cnf(i_0_37322, plain, (mul(inv(mul(c011,mul(c013,X1))),c013)=inv(mul(c011,X1)))).
%
%cnf(i_0_2673, plain, (mul(c006,mul(inv(mul(c004,c001)),X1))=mul(inv(mul(c001,c004)),X1))).
%
%cnf(i_0_37325, plain, (mul(inv(c011),mul(c013,X1))=mul(c013,mul(inv(c011),X1)))).
%%%%%%%%%%
%cnf(i_0_2681, plain, (mul(c004,mul(c001,inv(mul(X1,c006))))=mul(c001,mul(c004,inv(X1))))).
%
%cnf(i_0_37376, plain, (mul(c011,inv(mul(c011,mul(c013,c001))))=inv(mul(c013,c001)))).
%%
%cnf(i_0_37378, plain, (mul(c011,inv(mul(c011,mul(c013,c006))))=inv(mul(c013,c006)))).
%%%
%cnf(i_0_37382, plain, (mul(c011,inv(mul(c011,mul(c013,c003))))=inv(mul(c013,c003)))).
%%%
%cnf(i_0_37386, plain, (mul(c011,inv(mul(c011,mul(c013,c004))))=inv(mul(c013,c004)))).
%%
%cnf(i_0_2682, plain, (mul(inv(mul(c001,c004)),mul(c004,X1))=mul(c006,mul(inv(c001),X1)))).
%%
%cnf(i_0_37390, plain, (mul(c011,inv(mul(c011,mul(c013,c005))))=inv(mul(c013,c005)))).
%%
%cnf(i_0_37392, plain, (mul(c011,inv(mul(c011,mul(c013,c010))))=inv(mul(c013,c010)))).
%%
%cnf(i_0_37394, plain, (mul(c011,inv(mul(c011,mul(c013,c009))))=inv(mul(c013,c009)))).
%%%%
%cnf(i_0_37400, plain, (mul(c011,inv(mul(c011,mul(c013,c007))))=inv(mul(c013,c007)))).
%
%cnf(i_0_2691, plain, (mul(inv(c004),mul(c001,mul(c004,inv(X1))))=mul(c001,inv(mul(X1,c006))))).
%%
%cnf(i_0_37403, plain, (mul(c011,mul(c012,inv(mul(c011,c013))))=mul(c012,inv(c013)))).
%%%%%%%
%cnf(i_0_37496, plain, (mul(c011,mul(c013,inv(mul(c011,c012))))=mul(c013,inv(c012)))).
%%
%cnf(i_0_2692, plain, (mul(inv(X1),mul(c006,inv(c001)))=mul(inv(mul(c001,mul(c004,X1))),c004))).
%
%cnf(i_0_37498, plain, (mul(c011,mul(c013,inv(mul(c011,c010))))=mul(c013,inv(c010)))).
%
%cnf(i_0_37506, plain, (mul(c011,mul(c013,inv(mul(c011,c009))))=mul(c013,inv(c009)))).
%%%%%%%%%
%cnf(i_0_2718, plain, (mul(inv(c004),mul(c001,mul(c004,X1)))=mul(c001,mul(inv(c006),X1)))).
%%%%%%%%%%%%%
%cnf(i_0_37698, plain, (mul(c008,mul(c011,inv(mul(c011,mul(c013,c008)))))=inv(c013))).
%
%cnf(i_0_37702, plain, (mul(c011,inv(mul(c011,mul(c013,c008))))=inv(mul(c013,c008)))).
%%%
%cnf(i_0_37930, plain, (mul(inv(mul(c010,c013)),c011)=mul(c011,inv(mul(c010,c013))))).
%
%cnf(i_0_37938, plain, (mul(c011,inv(mul(c011,mul(c010,c013))))=inv(mul(c010,c013)))).
%
%cnf(i_0_37993, plain, (mul(inv(mul(c009,c013)),c011)=mul(c011,inv(mul(c009,c013))))).
%
%cnf(i_0_38001, plain, (mul(c011,inv(mul(c011,mul(c009,c013))))=inv(mul(c009,c013)))).
%
%cnf(i_0_38040, plain, (mul(inv(mul(c012,c013)),c011)=mul(c011,inv(mul(c012,c013))))).
%
%cnf(i_0_2729, plain, (mul(inv(X1),mul(c001,inv(c006)))=mul(inv(mul(c004,X1)),mul(c001,c004)))).
%%
%cnf(i_0_38048, plain, (mul(c011,inv(mul(c011,mul(c012,c013))))=inv(mul(c012,c013)))).
%
%cnf(i_0_38164, plain, (mul(inv(mul(c013,c013)),c011)=mul(c011,inv(mul(c013,c013))))).
%%
%cnf(i_0_38172, plain, (mul(c011,inv(mul(c011,mul(c013,c013))))=inv(mul(c013,c013)))).
%
%cnf(i_0_38211, plain, (mul(inv(mul(c013,c012)),c011)=mul(c011,inv(mul(c013,c012))))).
%%
%cnf(i_0_38219, plain, (mul(c011,inv(mul(c011,mul(c013,c012))))=inv(mul(c013,c012)))).
%
%cnf(i_0_38258, plain, (mul(inv(mul(c013,c010)),c011)=mul(c011,inv(mul(c013,c010))))).
%%
%cnf(i_0_2913, plain, (mul(inv(mul(c001,c003)),mul(c003,X1))=mul(c004,mul(inv(c001),X1)))).
%%
%cnf(i_0_38305, plain, (mul(inv(mul(c013,c009)),c011)=mul(c011,inv(mul(c013,c009))))).
%%%
%cnf(i_0_38409, plain, (mul(inv(mul(c013,c008)),c011)=mul(c011,inv(mul(c013,c008))))).
%%%
%cnf(i_0_38456, plain, (mul(inv(mul(c013,c007)),c011)=mul(c011,inv(mul(c013,c007))))).
%%%
%cnf(i_0_2922, plain, (mul(inv(c003),mul(c001,mul(c003,inv(X1))))=mul(c001,inv(mul(X1,c004))))).
%
%cnf(i_0_38547, plain, (mul(inv(mul(c013,c006)),c011)=mul(c011,inv(mul(c013,c006))))).
%%%
%cnf(i_0_38594, plain, (mul(inv(mul(c013,c005)),c011)=mul(c011,inv(mul(c013,c005))))).
%%%
%cnf(i_0_38641, plain, (mul(inv(mul(c013,c004)),c011)=mul(c011,inv(mul(c013,c004))))).
%%%
%cnf(i_0_38688, plain, (mul(inv(mul(c013,c003)),c011)=mul(c011,inv(mul(c013,c003))))).
%
%cnf(i_0_2923, plain, (mul(inv(X1),mul(c004,inv(c001)))=mul(inv(mul(c001,mul(c003,X1))),c003))).
%%%
%cnf(i_0_38735, plain, (mul(inv(mul(c013,c001)),c011)=mul(c011,inv(mul(c013,c001))))).
%%%
%cnf(i_0_38894, plain, (mul(inv(mul(c011,mul(c010,c007))),mul(c010,c007))=inv(c011))).
%
%cnf(i_0_52834, plain, (mul(inv(mul(c010,c007)),mul(c011,mul(c010,c007)))=c011)).
%
%cnf(i_0_38960, plain, (mul(inv(mul(c011,mul(c009,c007))),mul(c009,c007))=inv(c011))).
%
%cnf(i_0_52864, plain, (mul(inv(mul(c009,c007)),mul(c011,mul(c009,c007)))=c011)).
%
%cnf(i_0_39011, plain, (mul(c005,mul(c014,inv(c008)))=mul(c002,mul(c005,inv(c002))))).
%
%cnf(i_0_2925, plain, (mul(inv(c003),mul(c001,mul(c003,X1)))=mul(c001,mul(inv(c004),X1)))).
%
%cnf(i_0_39115, plain, (mul(inv(mul(c007,mul(c011,c011))),mul(c011,c011))=inv(c007))).
%
%cnf(i_0_53057, plain, (mul(inv(mul(c011,c011)),mul(c007,mul(c011,c011)))=c007)).
%
%cnf(i_0_39137, plain, (mul(c004,mul(c013,inv(c007)))=mul(c002,mul(c004,inv(c002))))).
%%%%%%%%%%%%%%%%%%%
%cnf(i_0_2936, plain, (mul(inv(X1),mul(c001,inv(c004)))=mul(inv(mul(c003,X1)),mul(c001,c003)))).
%%%%%%%%%%%
%cnf(i_0_2963, plain, (mul(c004,mul(inv(mul(c003,c001)),X1))=mul(inv(mul(c001,c003)),X1))).
%%%%%%%%%%%
%cnf(i_0_2971, plain, (mul(c003,mul(c001,inv(mul(X1,c004))))=mul(c001,mul(c003,inv(X1))))).
%%%
%cnf(i_0_40145, plain, (mul(inv(c013),mul(c008,c011))=mul(c011,mul(inv(c013),c008)))).
%
%cnf(i_0_40158, plain, (mul(inv(c012),mul(c008,c011))=mul(c011,mul(inv(c012),c008)))).
%%%%%%%
%cnf(i_0_2972, plain, (mul(c004,mul(c005,inv(mul(c003,c001))))=mul(c005,inv(mul(c001,c003))))).
%%
%cnf(i_0_40455, plain, (mul(inv(c008),mul(c002,c011))=mul(c011,mul(inv(c008),c002)))).
%%%
%cnf(i_0_40538, plain, (mul(inv(c008),mul(c001,c011))=mul(c011,mul(inv(c008),c001)))).
%%%%%%
%cnf(i_0_2973, plain, (mul(inv(mul(c001,c002)),mul(c002,X1))=mul(c003,mul(inv(c001),X1)))).
%%%%
%cnf(i_0_40724, plain, (mul(inv(c008),mul(c004,c011))=mul(c011,mul(inv(c008),c004)))).
%%%%%%
%cnf(i_0_40807, plain, (mul(inv(c008),mul(c005,c011))=mul(c011,mul(inv(c008),c005)))).
%
%cnf(i_0_2982, plain, (mul(inv(c002),mul(c001,mul(c002,inv(X1))))=mul(c001,inv(mul(X1,c003))))).
%%%%%%%%
%cnf(i_0_41102, plain, (mul(inv(mul(c008,mul(c008,c011))),c011)=inv(mul(c008,c008)))).
%
%cnf(i_0_41103, plain, (mul(inv(mul(c008,mul(c007,c011))),c011)=inv(mul(c008,c007)))).
%
%cnf(i_0_41104, plain, (mul(inv(mul(c008,mul(c006,c011))),c011)=inv(mul(c008,c006)))).
%
%cnf(i_0_2983, plain, (mul(inv(X1),mul(c003,inv(c001)))=mul(inv(mul(c001,mul(c002,X1))),c002))).
%
%cnf(i_0_41105, plain, (mul(inv(mul(c008,mul(c005,c011))),c011)=inv(mul(c008,c005)))).
%
%cnf(i_0_41106, plain, (mul(inv(mul(c008,mul(c004,c011))),c011)=inv(mul(c008,c004)))).
%
%cnf(i_0_41108, plain, (mul(inv(mul(c008,mul(c001,c011))),c011)=inv(mul(c008,c001)))).
%
%cnf(i_0_41109, plain, (mul(inv(mul(c008,mul(c002,c011))),c011)=inv(mul(c008,c002)))).
%
%cnf(i_0_41136, plain, (mul(inv(mul(c008,c013)),c011)=mul(c011,inv(mul(c008,c013))))).
%
%cnf(i_0_41149, plain, (mul(inv(mul(c008,c012)),c011)=mul(c011,inv(mul(c008,c012))))).
%
%cnf(i_0_41164, plain, (mul(inv(mul(c008,c010)),c011)=mul(c011,inv(mul(c008,c010))))).
%
%cnf(i_0_41180, plain, (mul(inv(mul(c008,c009)),c011)=mul(c011,inv(mul(c008,c009))))).
%
%cnf(i_0_41237, plain, (mul(inv(mul(c001,c008)),c011)=mul(c011,inv(mul(c001,c008))))).
%
%cnf(i_0_41238, plain, (mul(inv(mul(c002,c008)),c011)=mul(c011,inv(mul(c002,c008))))).
%
%cnf(i_0_2985, plain, (mul(inv(c002),mul(c001,mul(c002,X1)))=mul(c001,mul(inv(c003),X1)))).
%
%cnf(i_0_41246, plain, (mul(inv(c008),mul(c007,c011))=mul(c011,mul(inv(c008),c007)))).
%
%cnf(i_0_41247, plain, (mul(inv(c008),mul(c006,c011))=mul(c011,mul(inv(c008),c006)))).
%%%%%%%%%%%%%
%cnf(i_0_41428, plain, (mul(c011,mul(c014,inv(mul(X1,c011))))=mul(c014,inv(X1)))).
%
%cnf(i_0_41433, plain, (mul(inv(mul(c014,X1)),mul(c011,c014))=mul(inv(X1),c011))).
%
%cnf(i_0_41439, plain, (mul(inv(mul(c011,c014)),mul(c014,X1))=mul(inv(c011),X1))).
%
%cnf(i_0_41441, plain, (mul(c011,mul(inv(mul(c011,c014)),X1))=mul(inv(c014),X1))).
%%
%cnf(i_0_41443, plain, (mul(c011,inv(mul(X1,mul(c011,c014))))=inv(mul(X1,c014)))).
%
%cnf(i_0_41444, plain, (mul(c011,mul(c010,inv(mul(c011,c014))))=mul(c010,inv(c014)))).
%
%cnf(i_0_2996, plain, (mul(inv(X1),mul(c001,inv(c003)))=mul(inv(mul(c002,X1)),mul(c001,c002)))).
%
%cnf(i_0_41445, plain, (mul(c011,mul(c009,inv(mul(c011,c014))))=mul(c009,inv(c014)))).
%
%cnf(i_0_41446, plain, (mul(inv(mul(c002,c014)),mul(c011,c014))=mul(c011,inv(c002)))).
%
%cnf(i_0_41448, plain, (mul(inv(mul(c002,mul(c011,c014))),c014)=inv(mul(c002,c011)))).
%
%cnf(i_0_41449, plain, (mul(inv(mul(c011,c014)),mul(c002,c014))=mul(c002,inv(c011)))).
%%
%cnf(i_0_41456, plain, (mul(inv(c014),mul(c011,X1))=mul(c011,mul(inv(c014),X1)))).
%%
%cnf(i_0_41465, plain, (mul(inv(mul(c002,c014)),c011)=mul(c011,inv(mul(c002,c014))))).
%
%cnf(i_0_41466, plain, (mul(inv(mul(c001,c014)),c011)=mul(c011,inv(mul(c001,c014))))).
%
%cnf(i_0_41467, plain, (mul(inv(mul(c002,c011)),c014)=mul(c014,inv(mul(c002,c011))))).
%
%cnf(i_0_2997, plain, (mul(c003,mul(inv(mul(c002,c001)),X1))=mul(inv(mul(c001,c002)),X1))).
%
%cnf(i_0_41469, plain, (mul(inv(c014),mul(c001,c011))=mul(c011,mul(inv(c014),c001)))).
%%%
%cnf(i_0_41475, plain, (mul(inv(c014),mul(c003,c011))=mul(c011,mul(inv(c014),c003)))).
%
%cnf(i_0_41476, plain, (mul(inv(mul(c003,c014)),c011)=mul(c011,inv(mul(c003,c014))))).
%
%cnf(i_0_41479, plain, (mul(inv(c014),mul(c004,c011))=mul(c011,mul(inv(c014),c004)))).
%
%cnf(i_0_41480, plain, (mul(inv(mul(c004,c014)),c011)=mul(c011,inv(mul(c004,c014))))).
%
%cnf(i_0_41483, plain, (mul(inv(c014),mul(c005,c011))=mul(c011,mul(inv(c014),c005)))).
%
%cnf(i_0_41484, plain, (mul(inv(mul(c005,c014)),c011)=mul(c011,inv(mul(c005,c014))))).
%
%cnf(i_0_41491, plain, (mul(inv(c014),mul(c006,c011))=mul(c011,mul(inv(c014),c006)))).
%
%cnf(i_0_3005, plain, (mul(c002,mul(c001,inv(mul(X1,c003))))=mul(c001,mul(c002,inv(X1))))).
%
%cnf(i_0_41492, plain, (mul(inv(mul(c006,c014)),c011)=mul(c011,inv(mul(c006,c014))))).
%
%cnf(i_0_41494, plain, (mul(inv(c014),mul(c007,c011))=mul(c011,mul(inv(c014),c007)))).
%
%cnf(i_0_41496, plain, (mul(inv(mul(c007,c014)),c011)=mul(c011,inv(mul(c007,c014))))).
%
%cnf(i_0_41498, plain, (mul(inv(c014),mul(c008,c011))=mul(c011,mul(inv(c014),c008)))).
%
%cnf(i_0_41499, plain, (mul(inv(mul(c008,c014)),c011)=mul(c011,inv(mul(c008,c014))))).
%%%%
%cnf(i_0_41514, plain, (mul(inv(mul(c011,mul(c014,X1))),c014)=inv(mul(c011,X1)))).
%
%cnf(i_0_41546, plain, (mul(inv(c011),mul(c014,X1))=mul(c014,mul(inv(c011),X1)))).
%
%cnf(i_0_3006, plain, (mul(c003,mul(c008,inv(mul(c002,c001))))=mul(c008,inv(mul(c001,c002))))).
%%%%%%%%%%
%cnf(i_0_41598, plain, (mul(c011,inv(mul(c011,mul(c014,c001))))=inv(mul(c014,c001)))).
%
%cnf(i_0_3007, plain, (mul(c003,mul(c007,inv(mul(c002,c001))))=mul(c007,inv(mul(c001,c002))))).
%%
%cnf(i_0_41600, plain, (mul(c011,inv(mul(c011,mul(c014,c006))))=inv(mul(c014,c006)))).
%%%
%cnf(i_0_41604, plain, (mul(c011,inv(mul(c011,mul(c014,c003))))=inv(mul(c014,c003)))).
%%%
%cnf(i_0_41608, plain, (mul(c011,inv(mul(c011,mul(c014,c004))))=inv(mul(c014,c004)))).
%%%
%cnf(i_0_3008, plain, (mul(c003,mul(c006,inv(mul(c002,c001))))=mul(c006,inv(mul(c001,c002))))).
%
%cnf(i_0_41612, plain, (mul(c011,inv(mul(c011,mul(c014,c005))))=inv(mul(c014,c005)))).
%%
%cnf(i_0_41614, plain, (mul(c011,inv(mul(c011,mul(c014,c010))))=inv(mul(c014,c010)))).
%%
%cnf(i_0_41616, plain, (mul(c011,inv(mul(c011,mul(c014,c009))))=inv(mul(c014,c009)))).
%%%%
%cnf(i_0_41622, plain, (mul(c011,inv(mul(c011,mul(c014,c007))))=inv(mul(c014,c007)))).
%%
%cnf(i_0_3009, plain, (mul(inv(mul(c002,c008)),mul(c008,X1))=mul(c014,mul(inv(c002),X1)))).
%%%
%cnf(i_0_41627, plain, (mul(c011,inv(mul(c011,mul(c014,c008))))=inv(mul(c014,c008)))).
%
%cnf(i_0_41628, plain, (mul(c011,mul(c012,inv(mul(c011,c014))))=mul(c012,inv(c014)))).
%
%cnf(i_0_41629, plain, (mul(c011,mul(c013,inv(mul(c011,c014))))=mul(c013,inv(c014)))).
%%%%%%
%cnf(i_0_3018, plain, (mul(inv(c008),mul(c002,mul(c008,inv(X1))))=mul(c002,inv(mul(X1,c014))))).
%%
%cnf(i_0_41711, plain, (mul(c011,mul(c014,inv(mul(c011,c013))))=mul(c014,inv(c013)))).
%
%cnf(i_0_41712, plain, (mul(c011,mul(c014,inv(mul(c011,c012))))=mul(c014,inv(c012)))).
%%
%cnf(i_0_41714, plain, (mul(c011,mul(c014,inv(mul(c011,c010))))=mul(c014,inv(c010)))).
%
%cnf(i_0_41722, plain, (mul(c011,mul(c014,inv(mul(c011,c009))))=mul(c014,inv(c009)))).
%%%%%
%cnf(i_0_3019, plain, (mul(inv(mul(c002,mul(c008,X1))),c008)=mul(inv(mul(c002,X1)),c014))).
%%%%%%%%%%%
%cnf(i_0_3021, plain, (mul(inv(c008),mul(c002,mul(c008,X1)))=mul(c002,mul(inv(c014),X1)))).
%%%%%%%%%%
%cnf(i_0_42187, plain, (mul(inv(mul(c010,c014)),c011)=mul(c011,inv(mul(c010,c014))))).
%%
%cnf(i_0_42195, plain, (mul(c011,inv(mul(c011,mul(c010,c014))))=inv(mul(c010,c014)))).
%
%cnf(i_0_42238, plain, (mul(inv(mul(c009,c014)),c011)=mul(c011,inv(mul(c009,c014))))).
%
%cnf(i_0_42246, plain, (mul(c011,inv(mul(c011,mul(c009,c014))))=inv(mul(c009,c014)))).
%
%cnf(i_0_42289, plain, (mul(inv(mul(c012,c014)),c011)=mul(c011,inv(mul(c012,c014))))).
%%
%cnf(i_0_42297, plain, (mul(c011,inv(mul(c011,mul(c012,c014))))=inv(mul(c012,c014)))).
%
%cnf(i_0_42379, plain, (mul(inv(mul(c013,c014)),c011)=mul(c011,inv(mul(c013,c014))))).
%%
%cnf(i_0_42387, plain, (mul(c011,inv(mul(c011,mul(c013,c014))))=inv(mul(c013,c014)))).
%
%cnf(i_0_42459, plain, (mul(inv(mul(c014,c014)),c011)=mul(c011,inv(mul(c014,c014))))).
%
%cnf(i_0_3032, plain, (mul(inv(mul(c008,X1)),mul(c002,c008))=mul(inv(mul(c014,X1)),c002))).
%%
%cnf(i_0_42467, plain, (mul(c011,inv(mul(c011,mul(c014,c014))))=inv(mul(c014,c014)))).
%
%cnf(i_0_42510, plain, (mul(inv(mul(c014,c013)),c011)=mul(c011,inv(mul(c014,c013))))).
%%
%cnf(i_0_42518, plain, (mul(c011,inv(mul(c011,mul(c014,c013))))=inv(mul(c014,c013)))).
%
%cnf(i_0_42561, plain, (mul(inv(mul(c014,c012)),c011)=mul(c011,inv(mul(c014,c012))))).
%%
%cnf(i_0_42569, plain, (mul(c011,inv(mul(c011,mul(c014,c012))))=inv(mul(c014,c012)))).
%
%cnf(i_0_42612, plain, (mul(inv(mul(c014,c010)),c011)=mul(c011,inv(mul(c014,c010))))).
%%
%cnf(i_0_3033, plain, (mul(c014,mul(inv(mul(c008,c002)),X1))=mul(inv(mul(c002,c008)),X1))).
%%
%cnf(i_0_42663, plain, (mul(inv(mul(c014,c009)),c011)=mul(c011,inv(mul(c014,c009))))).
%%%
%cnf(i_0_42787, plain, (mul(inv(mul(c014,c008)),c011)=mul(c011,inv(mul(c014,c008))))).
%%%
%cnf(i_0_42838, plain, (mul(inv(mul(c014,c007)),c011)=mul(c011,inv(mul(c014,c007))))).
%%%
%cnf(i_0_3041, plain, (mul(c008,mul(c002,inv(mul(X1,c014))))=mul(c002,mul(c008,inv(X1))))).
%
%cnf(i_0_42889, plain, (mul(inv(mul(c014,c006)),c011)=mul(c011,inv(mul(c014,c006))))).
%%%
%cnf(i_0_42940, plain, (mul(inv(mul(c014,c005)),c011)=mul(c011,inv(mul(c014,c005))))).
%%%
%cnf(i_0_42991, plain, (mul(inv(mul(c014,c004)),c011)=mul(c011,inv(mul(c014,c004))))).
%%%
%cnf(i_0_43042, plain, (mul(inv(mul(c014,c003)),c011)=mul(c011,inv(mul(c014,c003))))).
%%%%
%cnf(i_0_43093, plain, (mul(inv(mul(c014,c001)),c011)=mul(c011,inv(mul(c014,c001))))).
%%%
%cnf(i_0_43286, plain, (mul(inv(mul(c011,mul(c010,c008))),mul(c010,c008))=inv(c011))).
%
%cnf(i_0_57792, plain, (mul(inv(mul(c010,c008)),mul(c011,mul(c010,c008)))=c011)).
%
%cnf(i_0_43356, plain, (mul(inv(mul(c011,mul(c009,c008))),mul(c009,c008))=inv(c011))).
%
%cnf(i_0_57822, plain, (mul(inv(mul(c009,c008)),mul(c011,mul(c009,c008)))=c011)).
%
%cnf(i_0_43527, plain, (mul(inv(mul(c008,mul(c011,c011))),mul(c011,c011))=inv(c008))).
%%
%cnf(i_0_57852, plain, (mul(inv(mul(c011,c011)),mul(c008,mul(c011,c011)))=c008)).
%
%cnf(i_0_44844, plain, (mul(c006,inv(mul(c004,c011)))=mul(c001,inv(mul(c001,c004))))).
%%%%%%%%%%%%%%%%
%cnf(i_0_45778, plain, (mul(c011,mul(c012,mul(c001,c006)))=mul(c012,mul(c006,c001)))).
%%%%%%%%%%%%%%%%%%%%%%%%%%%%%%%%%%%%%
%cnf(i_0_3057, plain, (mul(c002,mul(c001,inv(mul(c003,c008))))=mul(c001,mul(c002,inv(c008))))).
%%%%%%%%%%%
%cnf(i_0_3058, plain, (mul(c002,mul(c001,inv(mul(c003,c007))))=mul(c001,mul(c002,inv(c007))))).
%%%%%%
%cnf(i_0_46713, plain, (mul(inv(mul(c003,c005)),c011)=mul(c011,inv(mul(c003,c005))))).
%
%cnf(i_0_46748, plain, (mul(inv(mul(c011,mul(c011,c012))),c012)=inv(mul(c011,c011)))).
%
%cnf(i_0_46860, plain, (mul(inv(mul(c011,mul(c012,c001))),mul(c012,c001))=inv(c011))).
%
%cnf(i_0_58088, plain, (mul(inv(mul(c012,c001)),mul(c011,mul(c012,c001)))=c011)).
%%
%cnf(i_0_3059, plain, (mul(c002,mul(c001,inv(mul(c003,c006))))=mul(c001,mul(c002,inv(c006))))).
%
%cnf(i_0_46912, plain, (mul(inv(mul(c011,mul(c012,c006))),mul(c012,c006))=inv(c011))).
%
%cnf(i_0_58165, plain, (mul(inv(mul(c012,c006)),mul(c011,mul(c012,c006)))=c011)).
%
%cnf(i_0_46964, plain, (mul(inv(mul(c011,mul(c012,c003))),mul(c012,c003))=inv(c011))).
%
%cnf(i_0_58195, plain, (mul(inv(mul(c012,c003)),mul(c011,mul(c012,c003)))=c011)).
%
%cnf(i_0_47122, plain, (mul(inv(mul(c011,mul(c012,c004))),mul(c012,c004))=inv(c011))).
%
%cnf(i_0_58225, plain, (mul(inv(mul(c012,c004)),mul(c011,mul(c012,c004)))=c011)).
%
%cnf(i_0_47174, plain, (mul(inv(mul(c011,mul(c012,c005))),mul(c012,c005))=inv(c011))).
%
%cnf(i_0_58255, plain, (mul(inv(mul(c012,c005)),mul(c011,mul(c012,c005)))=c011)).
%
%cnf(i_0_47226, plain, (mul(inv(mul(c011,mul(c012,c010))),mul(c012,c010))=inv(c011))).
%
%cnf(i_0_58285, plain, (mul(inv(mul(c012,c010)),mul(c011,mul(c012,c010)))=c011)).
%
%cnf(i_0_3061, plain, (mul(c001,mul(c002,mul(inv(c004),c003)))=mul(c002,mul(c001,inv(mul(c004,c009)))))).
%
%cnf(i_0_47278, plain, (mul(inv(mul(c011,mul(c012,c009))),mul(c012,c009))=inv(c011))).
%
%cnf(i_0_58344, plain, (mul(inv(mul(c012,c009)),mul(c011,mul(c012,c009)))=c011)).
%
%cnf(i_0_47616, plain, (mul(inv(mul(c011,mul(c012,c008))),mul(c012,c008))=inv(c011))).
%
%cnf(i_0_58374, plain, (mul(inv(mul(c012,c008)),mul(c011,mul(c012,c008)))=c011)).
%
%cnf(i_0_47741, plain, (mul(inv(mul(c011,mul(c012,c007))),mul(c012,c007))=inv(c011))).
%
%cnf(i_0_58404, plain, (mul(inv(mul(c012,c007)),mul(c011,mul(c012,c007)))=c011)).
%
%cnf(i_0_47810, plain, (mul(inv(mul(c011,mul(c010,c012))),mul(c010,c012))=inv(c011))).
%
%cnf(i_0_58434, plain, (mul(inv(mul(c010,c012)),mul(c011,mul(c010,c012)))=c011)).
%
%cnf(i_0_47879, plain, (mul(inv(mul(c011,mul(c009,c012))),mul(c009,c012))=inv(c011))).
%
%cnf(i_0_58464, plain, (mul(inv(mul(c009,c012)),mul(c011,mul(c009,c012)))=c011)).
%
%cnf(i_0_3062, plain, (mul(c001,mul(c002,mul(inv(c005),c003)))=mul(c002,mul(c001,inv(mul(c005,c010)))))).
%
%cnf(i_0_47948, plain, (mul(inv(mul(c011,mul(c012,c012))),mul(c012,c012))=inv(c011))).
%
%cnf(i_0_58523, plain, (mul(inv(mul(c012,c012)),mul(c011,mul(c012,c012)))=c011)).
%
%cnf(i_0_48131, plain, (mul(inv(mul(c003,c004)),c011)=mul(c011,inv(mul(c003,c004))))).
%%%%%%%%
%cnf(i_0_3063, plain, (mul(c002,mul(c001,mul(c008,inv(c003))))=mul(c001,mul(c002,c008)))).
%%%%
%cnf(i_0_49622, plain, (mul(c011,mul(c013,mul(c001,c006)))=mul(c013,mul(c006,c001)))).
%%%%%%%
%cnf(i_0_3064, plain, (mul(c002,mul(c001,mul(c007,inv(c003))))=mul(c001,mul(c002,c007)))).
%%%%%%%%%%%
%cnf(i_0_3065, plain, (mul(c002,mul(c001,mul(c006,inv(c003))))=mul(c001,mul(c002,c006)))).
%%%%%%%%%%%
%cnf(i_0_3066, plain, (mul(c001,mul(c002,mul(c005,c003)))=mul(c002,mul(c001,mul(c005,c010))))).
%%%%%%%%%%%
%cnf(i_0_3069, plain, (mul(c001,mul(c002,mul(c004,c003)))=mul(c002,mul(c001,mul(c004,c009))))).
%%%%%%%%%%%
%cnf(i_0_3070, plain, (mul(c001,mul(c002,mul(inv(c001),c003)))=mul(c002,mul(c004,mul(c011,inv(c006)))))).
%%%
%cnf(i_0_50673, plain, (mul(inv(mul(c011,mul(c011,c013))),c013)=inv(mul(c011,c011)))).
%
%cnf(i_0_50854, plain, (mul(inv(mul(c011,mul(c013,c001))),mul(c013,c001))=inv(c011))).
%
%cnf(i_0_58864, plain, (mul(inv(mul(c013,c001)),mul(c011,mul(c013,c001)))=c011)).
%%
%cnf(i_0_50907, plain, (mul(inv(mul(c011,mul(c013,c006))),mul(c013,c006))=inv(c011))).
%
%cnf(i_0_58894, plain, (mul(inv(mul(c013,c006)),mul(c011,mul(c013,c006)))=c011)).
%
%cnf(i_0_50960, plain, (mul(inv(mul(c011,mul(c013,c003))),mul(c013,c003))=inv(c011))).
%
%cnf(i_0_58924, plain, (mul(inv(mul(c013,c003)),mul(c011,mul(c013,c003)))=c011)).
%
%cnf(i_0_3071, plain, (mul(c002,mul(c001,mul(c001,inv(c004))))=mul(c001,mul(c002,mul(c001,c003))))).
%
%cnf(i_0_51013, plain, (mul(inv(mul(c011,mul(c013,c004))),mul(c013,c004))=inv(c011))).
%
%cnf(i_0_59000, plain, (mul(inv(mul(c013,c004)),mul(c011,mul(c013,c004)))=c011)).
%
%cnf(i_0_51138, plain, (mul(inv(mul(c011,mul(c013,c005))),mul(c013,c005))=inv(c011))).
%
%cnf(i_0_59030, plain, (mul(inv(mul(c013,c005)),mul(c011,mul(c013,c005)))=c011)).
%
%cnf(i_0_51191, plain, (mul(inv(mul(c011,mul(c013,c010))),mul(c013,c010))=inv(c011))).
%
%cnf(i_0_59060, plain, (mul(inv(mul(c013,c010)),mul(c011,mul(c013,c010)))=c011)).
%
%cnf(i_0_51244, plain, (mul(inv(mul(c011,mul(c013,c009))),mul(c013,c009))=inv(c011))).
%
%cnf(i_0_59090, plain, (mul(inv(mul(c013,c009)),mul(c011,mul(c013,c009)))=c011)).
%
%cnf(i_0_51297, plain, (mul(inv(mul(c011,mul(c013,c007))),mul(c013,c007))=inv(c011))).
%
%cnf(i_0_59120, plain, (mul(inv(mul(c013,c007)),mul(c011,mul(c013,c007)))=c011)).
%
%cnf(i_0_3072, plain, (mul(c002,mul(c001,mul(c002,inv(c005))))=mul(c001,mul(c002,mul(c002,c003))))).
%%
%cnf(i_0_51814, plain, (mul(inv(mul(c011,mul(c013,c008))),mul(c013,c008))=inv(c011))).
%
%cnf(i_0_59196, plain, (mul(inv(mul(c013,c008)),mul(c011,mul(c013,c008)))=c011)).
%
%cnf(i_0_51886, plain, (mul(inv(mul(c011,mul(c010,c013))),mul(c010,c013))=inv(c011))).
%
%cnf(i_0_59226, plain, (mul(inv(mul(c010,c013)),mul(c011,mul(c010,c013)))=c011)).
%
%cnf(i_0_51958, plain, (mul(inv(mul(c011,mul(c009,c013))),mul(c009,c013))=inv(c011))).
%
%cnf(i_0_59256, plain, (mul(inv(mul(c009,c013)),mul(c011,mul(c009,c013)))=c011)).
%
%cnf(i_0_52124, plain, (mul(inv(mul(c004,c011)),mul(c001,c004))=mul(inv(c006),c001))).
%
%cnf(i_0_52143, plain, (mul(inv(mul(c011,mul(c012,c013))),mul(c012,c013))=inv(c011))).
%
%cnf(i_0_59302, plain, (mul(inv(mul(c012,c013)),mul(c011,mul(c012,c013)))=c011)).
%
%cnf(i_0_3076, plain, (mul(inv(mul(c002,c007)),mul(c007,X1))=mul(c013,mul(inv(c002),X1)))).
%
%cnf(i_0_52215, plain, (mul(inv(mul(c011,mul(c013,c013))),mul(c013,c013))=inv(c011))).
%
%cnf(i_0_59376, plain, (mul(inv(mul(c013,c013)),mul(c011,mul(c013,c013)))=c011)).
%
%cnf(i_0_52287, plain, (mul(inv(mul(c011,mul(c013,c012))),mul(c013,c012))=inv(c011))).
%
%cnf(i_0_59406, plain, (mul(inv(mul(c013,c012)),mul(c011,mul(c013,c012)))=c011)).
%
%cnf(i_0_52894, plain, (mul(c008,inv(mul(c005,c014)))=mul(c002,inv(mul(c002,c005))))).
%
%cnf(i_0_53087, plain, (mul(c007,inv(mul(c004,c013)))=mul(c002,inv(mul(c002,c004))))).
%%%%%
%cnf(i_0_3085, plain, (mul(inv(c007),mul(c002,mul(c007,inv(X1))))=mul(c002,inv(mul(X1,c013))))).
%
%cnf(i_0_54451, plain, (mul(c011,mul(c014,mul(c001,c006)))=mul(c014,mul(c006,c001)))).
%%%%%%%%%%
%cnf(i_0_3086, plain, (mul(inv(mul(c002,mul(c007,X1))),c007)=mul(inv(mul(c002,X1)),c013))).
%%%%%%%%%%%
%cnf(i_0_3088, plain, (mul(inv(c007),mul(c002,mul(c007,X1)))=mul(c002,mul(inv(c013),X1)))).
%%%%%%%%%%%%%%%%%%%%%%
%cnf(i_0_3099, plain, (mul(inv(mul(c007,X1)),mul(c002,c007))=mul(inv(mul(c013,X1)),c002))).
%%%%%%%%%%
%cnf(i_0_55781, plain, (mul(inv(mul(c011,mul(c011,c014))),c014)=inv(mul(c011,c011)))).
%
%cnf(i_0_3100, plain, (mul(c013,mul(inv(mul(c007,c002)),X1))=mul(inv(mul(c002,c007)),X1))).
%
%cnf(i_0_55891, plain, (mul(inv(mul(c011,mul(c014,c001))),mul(c014,c001))=inv(c011))).
%
%cnf(i_0_59786, plain, (mul(inv(mul(c014,c001)),mul(c011,mul(c014,c001)))=c011)).
%%
%cnf(i_0_55976, plain, (mul(inv(mul(c011,mul(c014,c006))),mul(c014,c006))=inv(c011))).
%
%cnf(i_0_59816, plain, (mul(inv(mul(c014,c006)),mul(c011,mul(c014,c006)))=c011)).
%
%cnf(i_0_56030, plain, (mul(inv(mul(c011,mul(c014,c003))),mul(c014,c003))=inv(c011))).
%
%cnf(i_0_59846, plain, (mul(inv(mul(c014,c003)),mul(c011,mul(c014,c003)))=c011)).
%
%cnf(i_0_56084, plain, (mul(inv(mul(c011,mul(c014,c004))),mul(c014,c004))=inv(c011))).
%
%cnf(i_0_59876, plain, (mul(inv(mul(c014,c004)),mul(c011,mul(c014,c004)))=c011)).
%
%cnf(i_0_56169, plain, (mul(inv(mul(c011,mul(c014,c005))),mul(c014,c005))=inv(c011))).
%
%cnf(i_0_3108, plain, (mul(c007,mul(c002,inv(mul(X1,c013))))=mul(c002,mul(c007,inv(X1))))).
%
%cnf(i_0_59906, plain, (mul(inv(mul(c014,c005)),mul(c011,mul(c014,c005)))=c011)).
%
%cnf(i_0_56223, plain, (mul(inv(mul(c011,mul(c014,c010))),mul(c014,c010))=inv(c011))).
%
%cnf(i_0_59978, plain, (mul(inv(mul(c014,c010)),mul(c011,mul(c014,c010)))=c011)).
%
%cnf(i_0_56277, plain, (mul(inv(mul(c011,mul(c014,c009))),mul(c014,c009))=inv(c011))).
%
%cnf(i_0_60008, plain, (mul(inv(mul(c014,c009)),mul(c011,mul(c014,c009)))=c011)).
%
%cnf(i_0_56331, plain, (mul(inv(mul(c011,mul(c014,c007))),mul(c014,c007))=inv(c011))).
%
%cnf(i_0_60038, plain, (mul(inv(mul(c014,c007)),mul(c011,mul(c014,c007)))=c011)).
%
%cnf(i_0_56429, plain, (mul(inv(mul(c011,mul(c014,c008))),mul(c014,c008))=inv(c011))).
%
%cnf(i_0_60068, plain, (mul(inv(mul(c014,c008)),mul(c011,mul(c014,c008)))=c011)).
%%
%cnf(i_0_3110, plain, (mul(inv(mul(c002,c006)),mul(c006,X1))=mul(c012,mul(inv(c002),X1)))).
%%
%cnf(i_0_56955, plain, (mul(inv(mul(c011,mul(c010,c014))),mul(c010,c014))=inv(c011))).
%
%cnf(i_0_60153, plain, (mul(inv(mul(c010,c014)),mul(c011,mul(c010,c014)))=c011)).
%
%cnf(i_0_57029, plain, (mul(inv(mul(c011,mul(c009,c014))),mul(c009,c014))=inv(c011))).
%
%cnf(i_0_60183, plain, (mul(inv(mul(c009,c014)),mul(c011,mul(c009,c014)))=c011)).
%
%cnf(i_0_57103, plain, (mul(inv(mul(c011,mul(c012,c014))),mul(c012,c014))=inv(c011))).
%
%cnf(i_0_60213, plain, (mul(inv(mul(c012,c014)),mul(c011,mul(c012,c014)))=c011)).
%
%cnf(i_0_57177, plain, (mul(inv(mul(c011,mul(c013,c014))),mul(c013,c014))=inv(c011))).
%
%cnf(i_0_60243, plain, (mul(inv(mul(c013,c014)),mul(c011,mul(c013,c014)))=c011)).
%
%cnf(i_0_57296, plain, (mul(inv(mul(c011,mul(c014,c014))),mul(c014,c014))=inv(c011))).
%
%cnf(i_0_3119, plain, (mul(inv(c006),mul(c002,mul(c006,inv(X1))))=mul(c002,inv(mul(X1,c012))))).
%
%cnf(i_0_60273, plain, (mul(inv(mul(c014,c014)),mul(c011,mul(c014,c014)))=c011)).
%
%cnf(i_0_57370, plain, (mul(inv(mul(c011,mul(c014,c013))),mul(c014,c013))=inv(c011))).
%
%cnf(i_0_60338, plain, (mul(inv(mul(c014,c013)),mul(c011,mul(c014,c013)))=c011)).
%
%cnf(i_0_57444, plain, (mul(inv(mul(c011,mul(c014,c012))),mul(c014,c012))=inv(c011))).
%
%cnf(i_0_60368, plain, (mul(inv(mul(c014,c012)),mul(c011,mul(c014,c012)))=c011)).
%
%cnf(i_0_58552, plain, (mul(c001,mul(c003,mul(c006,c004)))=mul(c003,mul(c001,c006)))).
%
%cnf(i_0_60411, plain, (mul(inv(c004),mul(c006,c004))=c006)).

% Proof found!
% SZS status Unsatisfiable
% SZS output start CNFRefutation
cnf(inv_prod, axiom, (inv(mul(X1,X2))=mul(inv(X2),inv(X1))), file('research/certificates/F20-equational/inputs-v1/w6-collect-target-01.p', inv_prod)).
cnf(inv_inv, axiom, (inv(inv(X1))=X1), file('research/certificates/F20-equational/inputs-v1/w6-collect-target-01.p', inv_inv)).
cnf(assoc, axiom, (mul(mul(X1,X2),X3)=mul(X1,mul(X2,X3))), file('research/certificates/F20-equational/inputs-v1/w6-collect-target-01.p', assoc)).
cnf(left_inv, axiom, (mul(inv(X1),X1)=one), file('research/certificates/F20-equational/inputs-v1/w6-collect-target-01.p', left_inv)).
cnf(left_id, axiom, (mul(one,X1)=X1), file('research/certificates/F20-equational/inputs-v1/w6-collect-target-01.p', left_id)).
cnf(def_003, axiom, (mul(c002,c001)=mul(mul(c001,c002),c003)), file('research/certificates/F20-equational/inputs-v1/w6-collect-target-01.p', def_003)).
cnf(rel_019, axiom, (mul(c011,c001)=mul(c001,c011)), file('research/certificates/F20-equational/inputs-v1/w6-collect-target-01.p', rel_019)).
cnf(rel_020, axiom, (mul(c011,c002)=mul(c002,c011)), file('research/certificates/F20-equational/inputs-v1/w6-collect-target-01.p', rel_020)).
cnf(def_004, axiom, (mul(c003,c001)=mul(mul(c001,c003),c004)), file('research/certificates/F20-equational/inputs-v1/w6-collect-target-01.p', def_004)).
cnf(def_009, axiom, (mul(c004,c003)=mul(mul(c003,c004),c009)), file('research/certificates/F20-equational/inputs-v1/w6-collect-target-01.p', def_009)).
cnf(def_011, axiom, (mul(c006,c001)=mul(mul(c001,c006),c011)), file('research/certificates/F20-equational/inputs-v1/w6-collect-target-01.p', def_011)).
cnf(rel_016, axiom, (mul(c006,c003)=mul(c003,c006)), file('research/certificates/F20-equational/inputs-v1/w6-collect-target-01.p', rel_016)).
cnf(goal, negated_conjecture, (mul(c006,c004)!=mul(c004,c006)), file('research/certificates/F20-equational/inputs-v1/w6-collect-target-01.p', goal)).
cnf(c_0_13, axiom, (inv(mul(X1,X2))=mul(inv(X2),inv(X1))), inv_prod).
cnf(c_0_14, axiom, (inv(inv(X1))=X1), inv_inv).
cnf(c_0_15, axiom, (mul(mul(X1,X2),X3)=mul(X1,mul(X2,X3))), assoc).
cnf(c_0_16, axiom, (mul(inv(X1),X1)=one), left_inv).
cnf(c_0_17, axiom, (mul(one,X1)=X1), left_id).
cnf(c_0_18, axiom, (mul(c002,c001)=mul(mul(c001,c002),c003)), def_003).
cnf(c_0_19, plain, (inv(mul(inv(X1),X2))=mul(inv(X2),X1)), inference(spm,[status(thm)],[c_0_13, c_0_14])).
cnf(c_0_20, plain, (mul(inv(X1),mul(X1,X2))=X2), inference(rw,[status(thm)],[inference(spm,[status(thm)],[c_0_15, c_0_16]), c_0_17])).
cnf(c_0_21, plain, (mul(c001,mul(c002,c003))=mul(c002,c001)), inference(rw,[status(thm)],[c_0_18, c_0_15])).
cnf(c_0_22, axiom, (mul(c011,c001)=mul(c001,c011)), rel_019).
cnf(c_0_23, axiom, (mul(c011,c002)=mul(c002,c011)), rel_020).
cnf(c_0_24, plain, (mul(inv(X1),mul(inv(X2),X3))=mul(inv(mul(X2,X1)),X3)), inference(rw,[status(thm)],[inference(rw,[status(thm)],[inference(spm,[status(thm)],[c_0_19, c_0_19]), c_0_15]), c_0_19])).
cnf(c_0_25, plain, (mul(inv(c001),mul(c002,c001))=mul(c002,c003)), inference(spm,[status(thm)],[c_0_20, c_0_21])).
cnf(c_0_26, plain, (mul(c011,mul(c001,X1))=mul(c001,mul(c011,X1))), inference(rw,[status(thm)],[inference(spm,[status(thm)],[c_0_15, c_0_22]), c_0_15])).
cnf(c_0_27, plain, (mul(c011,mul(c002,X1))=mul(c002,mul(c011,X1))), inference(rw,[status(thm)],[inference(spm,[status(thm)],[c_0_15, c_0_23]), c_0_15])).
cnf(c_0_28, plain, (mul(inv(mul(X1,X2)),X1)=inv(X2)), inference(spm,[status(thm)],[c_0_19, c_0_20])).
cnf(c_0_29, axiom, (mul(c003,c001)=mul(mul(c001,c003),c004)), def_004).
cnf(c_0_30, plain, (mul(X1,inv(mul(X2,X1)))=inv(X2)), inference(rw,[status(thm)],[inference(spm,[status(thm)],[c_0_20, c_0_13]), c_0_14])).
cnf(c_0_31, plain, (mul(inv(mul(c001,X1)),mul(c002,c001))=mul(inv(X1),mul(c002,c003))), inference(spm,[status(thm)],[c_0_24, c_0_25])).
cnf(c_0_32, plain, (mul(c001,mul(c002,mul(c011,c003)))=mul(c002,mul(c001,c011))), inference(rw,[status(thm)],[inference(rw,[status(thm)],[inference(rw,[status(thm)],[inference(spm,[status(thm)],[c_0_26, c_0_21]), c_0_27]), c_0_27]), c_0_22])).
cnf(c_0_33, plain, (mul(inv(mul(X1,X2)),mul(X1,X3))=mul(inv(X2),X3)), inference(spm,[status(thm)],[c_0_15, c_0_28])).
cnf(c_0_34, plain, (mul(c001,mul(c003,c004))=mul(c003,c001)), inference(rw,[status(thm)],[c_0_29, c_0_15])).
cnf(c_0_35, plain, (mul(X1,mul(inv(mul(X2,X1)),X3))=mul(inv(X2),X3)), inference(spm,[status(thm)],[c_0_15, c_0_30])).
cnf(c_0_36, plain, (mul(inv(mul(c011,c003)),c003)=inv(c011)), inference(rw,[status(thm)],[inference(rw,[status(thm)],[inference(rw,[status(thm)],[inference(spm,[status(thm)],[c_0_31, c_0_32]), c_0_33]), c_0_28]), c_0_33])).
cnf(c_0_37, plain, (mul(inv(c001),mul(c003,c001))=mul(c003,c004)), inference(spm,[status(thm)],[c_0_20, c_0_34])).
cnf(c_0_38, plain, (mul(c001,mul(c011,mul(c003,c004)))=mul(c011,mul(c003,c001))), inference(spm,[status(thm)],[c_0_26, c_0_34])).
cnf(c_0_39, plain, (mul(c011,mul(c003,X1))=mul(c003,mul(c011,X1))), inference(rw,[status(thm)],[inference(rw,[status(thm)],[inference(rw,[status(thm)],[inference(spm,[status(thm)],[c_0_35, c_0_36]), c_0_14]), c_0_14]), c_0_15])).
cnf(c_0_40, axiom, (mul(c004,c003)=mul(mul(c003,c004),c009)), def_009).
cnf(c_0_41, plain, (mul(inv(mul(c001,X1)),mul(c003,c001))=mul(inv(X1),mul(c003,c004))), inference(spm,[status(thm)],[c_0_24, c_0_37])).
cnf(c_0_42, plain, (mul(c001,mul(c003,mul(c011,c004)))=mul(c003,mul(c001,c011))), inference(rw,[status(thm)],[inference(rw,[status(thm)],[inference(rw,[status(thm)],[c_0_38, c_0_39]), c_0_39]), c_0_22])).
cnf(c_0_43, plain, (mul(c003,mul(c004,c009))=mul(c004,c003)), inference(rw,[status(thm)],[c_0_40, c_0_15])).
cnf(c_0_44, plain, (mul(inv(mul(c011,c004)),c004)=inv(c011)), inference(rw,[status(thm)],[inference(rw,[status(thm)],[inference(rw,[status(thm)],[inference(spm,[status(thm)],[c_0_41, c_0_42]), c_0_33]), c_0_28]), c_0_33])).
cnf(c_0_45, axiom, (mul(c006,c001)=mul(mul(c001,c006),c011)), def_011).
cnf(c_0_46, plain, (mul(c004,mul(c009,inv(mul(c004,c003))))=inv(c003)), inference(rw,[status(thm)],[inference(spm,[status(thm)],[c_0_30, c_0_43]), c_0_15])).
cnf(c_0_47, plain, (inv(mul(X1,inv(X2)))=mul(X2,inv(X1))), inference(spm,[status(thm)],[c_0_13, c_0_14])).
cnf(c_0_48, plain, (mul(inv(c003),mul(c004,c003))=mul(c004,c009)), inference(spm,[status(thm)],[c_0_20, c_0_43])).
cnf(c_0_49, plain, (mul(c011,mul(c004,X1))=mul(c004,mul(c011,X1))), inference(rw,[status(thm)],[inference(rw,[status(thm)],[inference(rw,[status(thm)],[inference(spm,[status(thm)],[c_0_35, c_0_44]), c_0_14]), c_0_14]), c_0_15])).
cnf(c_0_50, plain, (mul(c011,c003)=mul(c003,c011)), inference(rw,[status(thm)],[inference(rw,[status(thm)],[inference(spm,[status(thm)],[c_0_30, c_0_36]), c_0_14]), c_0_14])).
cnf(c_0_51, plain, (mul(c001,mul(c006,c011))=mul(c006,c001)), inference(rw,[status(thm)],[c_0_45, c_0_15])).
cnf(c_0_52, plain, (mul(c004,mul(c003,inv(c009)))=mul(c003,c004)), inference(rw,[status(thm)],[inference(rw,[status(thm)],[inference(rw,[status(thm)],[inference(spm,[status(thm)],[c_0_28, c_0_46]), c_0_14]), c_0_47]), c_0_15])).
cnf(c_0_53, plain, (mul(c011,c004)=mul(c004,c011)), inference(rw,[status(thm)],[inference(rw,[status(thm)],[inference(spm,[status(thm)],[c_0_30, c_0_44]), c_0_14]), c_0_14])).
cnf(c_0_54, plain, (mul(c011,mul(c003,inv(c011)))=c003), inference(rw,[status(thm)],[inference(rw,[status(thm)],[inference(spm,[status(thm)],[c_0_20, c_0_36]), c_0_14]), c_0_15])).
cnf(c_0_55, plain, (mul(inv(mul(c003,X1)),mul(c004,c003))=mul(inv(X1),mul(c004,c009))), inference(spm,[status(thm)],[c_0_24, c_0_48])).
cnf(c_0_56, plain, (mul(c003,mul(c004,mul(c011,c009)))=mul(c004,mul(c003,c011))), inference(rw,[status(thm)],[inference(rw,[status(thm)],[inference(rw,[status(thm)],[inference(spm,[status(thm)],[c_0_39, c_0_43]), c_0_49]), c_0_49]), c_0_50])).
cnf(c_0_57, plain, (mul(c006,mul(c011,inv(mul(c006,c001))))=inv(c001)), inference(rw,[status(thm)],[inference(spm,[status(thm)],[c_0_30, c_0_51]), c_0_15])).
cnf(c_0_58, plain, (mul(inv(mul(c003,c004)),c004)=mul(c009,inv(c003))), inference(rw,[status(thm)],[inference(spm,[status(thm)],[c_0_28, c_0_52]), c_0_47])).
cnf(c_0_59, plain, (mul(inv(c011),mul(c004,c011))=c004), inference(spm,[status(thm)],[c_0_20, c_0_53])).
cnf(c_0_60, plain, (mul(inv(c003),c011)=mul(c011,inv(c003))), inference(rw,[status(thm)],[inference(spm,[status(thm)],[c_0_28, c_0_54]), c_0_47])).
cnf(c_0_61, plain, (mul(inv(mul(c011,c009)),c009)=inv(c011)), inference(rw,[status(thm)],[inference(rw,[status(thm)],[inference(rw,[status(thm)],[inference(spm,[status(thm)],[c_0_55, c_0_56]), c_0_33]), c_0_28]), c_0_33])).
cnf(c_0_62, plain, (inv(mul(X1,mul(X2,inv(X3))))=mul(X3,inv(mul(X1,X2)))), inference(rw,[status(thm)],[inference(rw,[status(thm)],[inference(spm,[status(thm)],[c_0_13, c_0_47]), c_0_15]), c_0_13])).
cnf(c_0_63, plain, (mul(c011,inv(mul(c006,c001)))=inv(mul(c001,c006))), inference(rw,[status(thm)],[inference(spm,[status(thm)],[c_0_20, c_0_57]), c_0_13])).
cnf(c_0_64, plain, (mul(inv(mul(c003,c004)),mul(c004,X1))=mul(c009,mul(inv(c003),X1))), inference(rw,[status(thm)],[inference(spm,[status(thm)],[c_0_15, c_0_58]), c_0_15])).
cnf(c_0_65, plain, (mul(c004,mul(c011,inv(c004)))=c011), inference(rw,[status(thm)],[inference(rw,[status(thm)],[inference(spm,[status(thm)],[c_0_30, c_0_59]), c_0_15]), c_0_14])).
cnf(c_0_66, plain, (mul(inv(c003),mul(c011,X1))=mul(c011,mul(inv(c003),X1))), inference(rw,[status(thm)],[inference(spm,[status(thm)],[c_0_15, c_0_60]), c_0_15])).
cnf(c_0_67, plain, (mul(c009,mul(c011,X1))=mul(c011,mul(c009,X1))), inference(rw,[status(thm)],[inference(rw,[status(thm)],[inference(rw,[status(thm)],[inference(spm,[status(thm)],[c_0_35, c_0_61]), c_0_14]), c_0_14]), c_0_15])).
cnf(c_0_68, plain, (mul(c009,inv(mul(c004,c003)))=inv(mul(c003,c004))), inference(rw,[status(thm)],[inference(spm,[status(thm)],[c_0_20, c_0_46]), c_0_13])).
cnf(c_0_69, axiom, (mul(c006,c003)=mul(c003,c006)), rel_016).
cnf(c_0_70, plain, (mul(inv(mul(c003,c001)),c001)=inv(mul(c003,c004))), inference(spm,[status(thm)],[c_0_28, c_0_34])).
cnf(c_0_71, plain, (mul(c006,mul(c001,inv(mul(X1,c011))))=mul(c001,mul(c006,inv(X1)))), inference(rw,[status(thm)],[inference(rw,[status(thm)],[inference(rw,[status(thm)],[inference(spm,[status(thm)],[c_0_62, c_0_63]), c_0_47]), c_0_15]), c_0_15])).
cnf(c_0_72, plain, (mul(inv(mul(c003,c004)),c011)=mul(c011,inv(mul(c003,c004)))), inference(rw,[status(thm)],[inference(rw,[status(thm)],[inference(rw,[status(thm)],[inference(rw,[status(thm)],[inference(spm,[status(thm)],[c_0_64, c_0_65]), c_0_66]), c_0_13]), c_0_67]), c_0_68])).
cnf(c_0_73, plain, (mul(c001,mul(c003,mul(c004,X1)))=mul(c003,mul(c001,X1))), inference(rw,[status(thm)],[inference(rw,[status(thm)],[inference(spm,[status(thm)],[c_0_15, c_0_34]), c_0_15]), c_0_15])).
cnf(c_0_74, plain, (mul(c006,mul(c003,X1))=mul(c003,mul(c006,X1))), inference(rw,[status(thm)],[inference(spm,[status(thm)],[c_0_15, c_0_69]), c_0_15])).
cnf(c_0_75, plain, (mul(c006,mul(c001,inv(c011)))=mul(c001,c006)), inference(rw,[status(thm)],[inference(rw,[status(thm)],[inference(rw,[status(thm)],[inference(spm,[status(thm)],[c_0_28, c_0_57]), c_0_14]), c_0_47]), c_0_15])).
cnf(c_0_76, plain, (mul(inv(mul(c003,c001)),mul(c001,X1))=mul(inv(mul(c003,c004)),X1)), inference(spm,[status(thm)],[c_0_15, c_0_70])).
cnf(c_0_77, plain, (mul(c001,mul(c003,mul(c006,c004)))=mul(c003,mul(c001,c006))), inference(rw,[status(thm)],[inference(rw,[status(thm)],[inference(rw,[status(thm)],[inference(rw,[status(thm)],[inference(rw,[status(thm)],[inference(rw,[status(thm)],[inference(rw,[status(thm)],[inference(spm,[status(thm)],[c_0_71, c_0_72]), c_0_47]), c_0_15]), c_0_73]), c_0_74]), c_0_75]), c_0_14]), c_0_74])).
cnf(c_0_78, negated_conjecture, (mul(c006,c004)!=mul(c004,c006)), inference(fof_simplification,[status(thm)],[goal])).
cnf(c_0_79, plain, (mul(inv(c004),mul(c006,c004))=c006), inference(rw,[status(thm)],[inference(rw,[status(thm)],[inference(rw,[status(thm)],[inference(spm,[status(thm)],[c_0_76, c_0_77]), c_0_33]), c_0_20]), c_0_33])).
cnf(c_0_80, negated_conjecture, (mul(c006,c004)!=mul(c004,c006)), c_0_78).
cnf(c_0_81, plain, ($false), inference(sr,[status(thm)],[inference(rw,[status(thm)],[inference(spm,[status(thm)],[c_0_20, c_0_79]), c_0_14]), c_0_80]), ['proof']).
% SZS output end CNFRefutation

% -------------------------------------------------
% Total SizeMalloc()ed memory: 2578068952 Bytes (7098493 requests)
% Total SizeFree()ed   memory: 2578068952 Bytes (7098493 requests)
% New requests: 476879 (476626 by SecureMalloc(),    253 by SecureRealloc())
% Total SecureMalloc()ed memory: 44041279 Bytes
% Returned:    476879 (476879 by FREE(),              0 by SecureRealloc())
% SecureRealloc(ptr):    273 (   253 Allocs,      0 Frees,     20 Reallocs)
% -------------------------------------------------

