% Preprocessing class: FSMSSMSMSSSNFFN.
% Configuration: G-E--_207_C18_F1_SE_CS_SP_PI_PS_S2SI
% (lift_lambdas = 1, lambda_to_forall = 1,unroll_only_formulas = 1, sine = Auto)
% No SInE strategy applied
% Search class: FUUPM-FFSM21-SFFFFFNN
% partial match(1): FUUPM-FFSF21-SFFFFFNN
% Configuration: SubtermCWHack
% Initializing proof state
% Scanning for AC axioms
% mul is associative
%
%cnf(i_0_29, plain, (inv(one)=one)).
%
%cnf(i_0_27, plain, (inv(inv(X1))=X1)).
%
%cnf(i_0_24, plain, (mul(X1,one)=X1)).
%
%cnf(i_0_23, plain, (mul(one,X1)=X1)).
%
%cnf(i_0_26, plain, (mul(X1,inv(X1))=one)).
%
%cnf(i_0_25, plain, (mul(inv(X1),X1)=one)).
%%
%cnf(i_0_36, plain, (mul(c003,c004)=mul(c004,c003))).
%
%cnf(i_0_37, plain, (mul(c005,c003)=mul(c003,c005))).
%
%cnf(i_0_39, plain, (mul(c006,c002)=mul(c002,c006))).
%
%cnf(i_0_38, plain, (mul(c006,c001)=mul(c001,c006))).
%
%cnf(i_0_40, plain, (mul(c007,c002)=mul(c002,c007))).
%
%cnf(i_0_41, plain, (mul(c008,c002)=mul(c002,c008))).
%
%cnf(i_0_42, negated_conjecture, (mul(c005,c004)!=mul(c004,c005))).
%
%cnf(i_0_30, plain, (mul(mul(c001,c002),c003)=mul(c002,c001))).
%
%cnf(i_0_32, plain, (mul(mul(c002,c003),c005)=mul(c003,c002))).
%
%cnf(i_0_31, plain, (mul(mul(c001,c003),c004)=mul(c003,c001))).
%
%cnf(i_0_34, plain, (mul(mul(c002,c004),c007)=mul(c004,c002))).
%
%cnf(i_0_33, plain, (mul(mul(c001,c004),c006)=mul(c004,c001))).
%
%cnf(i_0_35, plain, (mul(mul(c002,c005),c008)=mul(c005,c002))).
%
%cnf(i_0_28, plain, (mul(inv(X2),inv(X1))=inv(mul(X1,X2)))).
%
%cnf(i_0_22, plain, (mul(mul(X1,X2),X3)=mul(X1,mul(X2,X3)))).
%
%cnf(i_0_66, plain, (mul(inv(X1),mul(X1,X2))=X2)).
%
%cnf(i_0_68, plain, (mul(X1,mul(inv(X1),X2))=X2)).
%
%cnf(i_0_72, plain, (mul(inv(c008),mul(c002,c008))=c002)).
%
%cnf(i_0_73, plain, (mul(inv(c007),mul(c002,c007))=c002)).
%
%cnf(i_0_74, plain, (mul(inv(c006),mul(c001,c006))=c001)).
%
%cnf(i_0_75, plain, (mul(inv(c006),mul(c002,c006))=c002)).
%
%cnf(i_0_76, plain, (mul(inv(c005),mul(c003,c005))=c003)).
%
%cnf(i_0_77, plain, (mul(inv(c003),mul(c004,c003))=c004)).
%%
%cnf(i_0_30, plain, (mul(c001,mul(c002,c003))=mul(c002,c001))).
%
%cnf(i_0_52, plain, (inv(mul(inv(X2),X1))=mul(inv(X1),X2))).
%
%cnf(i_0_31, plain, (mul(c001,mul(c004,c003))=mul(c003,c001))).
%
%cnf(i_0_32, plain, (mul(c002,mul(c003,c005))=mul(c003,c002))).
%
%cnf(i_0_33, plain, (mul(c001,mul(c004,c006))=mul(c004,c001))).
%
%cnf(i_0_34, plain, (mul(c002,mul(c004,c007))=mul(c004,c002))).
%
%cnf(i_0_35, plain, (mul(c002,mul(c005,c008))=mul(c005,c002))).
%
%cnf(i_0_78, plain, (mul(X1,inv(mul(X2,X1)))=inv(X2))).
%
%cnf(i_0_169, plain, (mul(c002,mul(c008,inv(c002)))=c008)).
%
%cnf(i_0_170, plain, (mul(c002,mul(c007,inv(c002)))=c007)).
%
%cnf(i_0_171, plain, (mul(c001,mul(c006,inv(c001)))=c006)).
%
%cnf(i_0_172, plain, (mul(c002,mul(c006,inv(c002)))=c006)).
%
%cnf(i_0_54, plain, (inv(mul(X2,inv(X1)))=mul(X1,inv(X2)))).
%
%cnf(i_0_173, plain, (mul(c003,mul(c005,inv(c003)))=c005)).
%
%cnf(i_0_174, plain, (mul(c004,mul(c003,inv(c004)))=c003)).
%%
%cnf(i_0_128, plain, (mul(inv(mul(X1,X2)),X1)=inv(X2))).
%
%cnf(i_0_130, plain, (mul(inv(mul(c002,c008)),c008)=inv(c002))).
%
%cnf(i_0_131, plain, (mul(inv(mul(c002,c007)),c007)=inv(c002))).
%
%cnf(i_0_132, plain, (mul(inv(mul(c001,c006)),c006)=inv(c001))).
%
%cnf(i_0_133, plain, (mul(inv(mul(c002,c006)),c006)=inv(c002))).
%
%cnf(i_0_134, plain, (mul(inv(mul(c003,c005)),c005)=inv(c003))).
%
%cnf(i_0_135, plain, (mul(inv(mul(c004,c003)),c003)=inv(c004))).
%%%%
%cnf(i_0_156, plain, (mul(c002,inv(mul(c002,c008)))=inv(c008))).
%
%cnf(i_0_157, plain, (mul(c002,inv(mul(c002,c007)))=inv(c007))).
%
%cnf(i_0_158, plain, (mul(c001,inv(mul(c001,c006)))=inv(c006))).
%
%cnf(i_0_159, plain, (mul(c002,inv(mul(c002,c006)))=inv(c006))).
%
%cnf(i_0_160, plain, (mul(c003,inv(mul(c003,c005)))=inv(c005))).
%
%cnf(i_0_161, plain, (mul(c004,inv(mul(c004,c003)))=inv(c003))).
%
%cnf(i_0_184, plain, (mul(inv(c002),c008)=mul(c008,inv(c002)))).
%
%cnf(i_0_334, plain, (mul(c008,mul(c002,inv(c008)))=c002)).
%
%cnf(i_0_59, plain, (mul(c008,mul(c002,X1))=mul(c002,mul(c008,X1)))).
%
%cnf(i_0_187, plain, (mul(inv(c002),c007)=mul(c007,inv(c002)))).
%
%cnf(i_0_361, plain, (mul(c007,mul(c002,inv(c007)))=c002)).
%
%cnf(i_0_190, plain, (mul(inv(c001),c006)=mul(c006,inv(c001)))).
%
%cnf(i_0_371, plain, (mul(c006,mul(c001,inv(c006)))=c001)).
%
%cnf(i_0_193, plain, (mul(inv(c002),c006)=mul(c006,inv(c002)))).
%
%cnf(i_0_381, plain, (mul(c006,mul(c002,inv(c006)))=c002)).
%
%cnf(i_0_216, plain, (mul(inv(c003),c005)=mul(c005,inv(c003)))).
%
%cnf(i_0_391, plain, (mul(c005,mul(c003,inv(c005)))=c003)).
%
%cnf(i_0_219, plain, (mul(inv(c004),c003)=mul(c003,inv(c004)))).
%
%cnf(i_0_401, plain, (mul(c003,mul(c004,inv(c003)))=c004)).
%
%cnf(i_0_60, plain, (mul(c007,mul(c002,X1))=mul(c002,mul(c007,X1)))).
%%%%%%
%cnf(i_0_235, plain, (mul(inv(c003),c004)=mul(c004,inv(c003)))).
%%
%cnf(i_0_237, plain, (mul(inv(c005),c003)=mul(c003,inv(c005)))).
%
%cnf(i_0_238, plain, (mul(inv(c006),c001)=mul(c001,inv(c006)))).
%
%cnf(i_0_242, plain, (mul(inv(c008),c002)=mul(c002,inv(c008)))).
%
%cnf(i_0_61, plain, (mul(c006,mul(c001,X1))=mul(c001,mul(c006,X1)))).
%
%cnf(i_0_243, plain, (mul(inv(c007),c002)=mul(c002,inv(c007)))).
%
%cnf(i_0_244, plain, (mul(inv(c006),c002)=mul(c002,inv(c006)))).
%%%%%%%%%
%cnf(i_0_62, plain, (mul(c006,mul(c002,X1))=mul(c002,mul(c006,X1)))).
%%%%%%%
%cnf(i_0_115, plain, (mul(inv(c001),mul(c002,c001))=mul(c002,c003))).
%
%cnf(i_0_139, plain, (mul(inv(c001),mul(c003,c001))=mul(c004,c003))).
%
%cnf(i_0_141, plain, (mul(inv(c002),mul(c003,c002))=mul(c003,c005))).
%
%cnf(i_0_143, plain, (mul(inv(c001),mul(c004,c001))=mul(c004,c006))).
%
%cnf(i_0_63, plain, (mul(c005,mul(c003,X1))=mul(c003,mul(c005,X1)))).
%
%cnf(i_0_145, plain, (mul(inv(c002),mul(c004,c002))=mul(c004,c007))).
%
%cnf(i_0_147, plain, (mul(inv(c002),mul(c005,c002))=mul(c005,c008))).
%%
%cnf(i_0_494, plain, (mul(c002,mul(c001,inv(mul(c002,c003))))=c001)).
%
%cnf(i_0_500, plain, (mul(c003,mul(c001,inv(mul(c004,c003))))=c001)).
%
%cnf(i_0_506, plain, (mul(c003,mul(c002,inv(mul(c003,c005))))=c002)).
%
%cnf(i_0_512, plain, (mul(c004,mul(c001,inv(mul(c004,c006))))=c001)).
%
%cnf(i_0_530, plain, (mul(c004,mul(c002,inv(mul(c004,c007))))=c002)).
%
%cnf(i_0_536, plain, (mul(c005,mul(c002,inv(mul(c005,c008))))=c002)).
%
%cnf(i_0_64, plain, (mul(c003,mul(c004,X1))=mul(c004,mul(c003,X1)))).
%
%cnf(i_0_65, plain, (mul(inv(X1),mul(inv(X2),X3))=mul(inv(mul(X2,X1)),X3))).
%
%cnf(i_0_162, plain, (mul(c004,mul(c006,inv(mul(c004,c001))))=inv(c001))).
%
%cnf(i_0_640, plain, (mul(c004,mul(c001,inv(c006)))=mul(c001,c004))).
%
%cnf(i_0_163, plain, (mul(c004,mul(c003,inv(mul(c003,c001))))=inv(c001))).
%
%cnf(i_0_650, plain, (mul(c003,mul(c001,inv(c003)))=mul(c001,c004))).
%
%cnf(i_0_164, plain, (mul(c002,mul(c003,inv(mul(c002,c001))))=inv(c001))).
%
%cnf(i_0_660, plain, (mul(c002,mul(c001,inv(c003)))=mul(c001,c002))).
%
%cnf(i_0_165, plain, (mul(c005,mul(c008,inv(mul(c005,c002))))=inv(c002))).
%
%cnf(i_0_674, plain, (mul(c005,mul(c002,inv(c008)))=mul(c002,c005))).
%
%cnf(i_0_166, plain, (mul(c004,mul(c007,inv(mul(c004,c002))))=inv(c002))).
%
%cnf(i_0_682, plain, (mul(c004,mul(c002,inv(c007)))=mul(c002,c004))).
%
%cnf(i_0_81, plain, (mul(inv(mul(X1,X2)),mul(X1,mul(X2,X3)))=X3)).
%
%cnf(i_0_810, plain, (mul(inv(mul(c001,c004)),mul(c004,c001))=c006)).
%
%cnf(i_0_811, plain, (mul(inv(mul(c001,c004)),mul(c003,c001))=c003)).
%
%cnf(i_0_812, plain, (mul(inv(mul(c001,c002)),mul(c002,c001))=c003)).
%
%cnf(i_0_816, plain, (mul(inv(mul(c002,c005)),mul(c005,c002))=c008)).
%
%cnf(i_0_817, plain, (mul(inv(mul(c002,c004)),mul(c004,c002))=c007)).
%
%cnf(i_0_818, plain, (mul(inv(mul(c002,c003)),mul(c003,c002))=c005)).
%
%cnf(i_0_985, plain, (mul(c003,mul(c002,inv(c005)))=mul(c002,c003))).
%
%cnf(i_0_167, plain, (mul(c003,mul(c005,inv(mul(c003,c002))))=inv(c002))).
%
%cnf(i_0_239, plain, (mul(inv(mul(c004,c001)),c001)=inv(mul(c004,c006)))).
%
%cnf(i_0_240, plain, (mul(inv(mul(c003,c001)),c001)=inv(mul(c004,c003)))).
%
%cnf(i_0_88, plain, (mul(X1,mul(X2,mul(inv(mul(X1,X2)),X3)))=X3)).
%
%cnf(i_0_241, plain, (mul(inv(mul(c002,c001)),c001)=inv(mul(c002,c003)))).
%
%cnf(i_0_245, plain, (mul(inv(mul(c005,c002)),c002)=inv(mul(c005,c008)))).
%
%cnf(i_0_246, plain, (mul(inv(mul(c004,c002)),c002)=inv(mul(c004,c007)))).
%
%cnf(i_0_247, plain, (mul(inv(mul(c003,c002)),c002)=inv(mul(c003,c005)))).
%%%%%
%cnf(i_0_523, plain, (mul(c005,mul(c004,c003))=mul(c003,mul(c005,c004)))).
%%
%cnf(i_0_96, plain, (mul(inv(c008),mul(c002,mul(c008,X1)))=mul(c002,X1))).
%%
%cnf(i_0_540, plain, (mul(c001,inv(mul(c002,c003)))=mul(inv(c002),c001))).
%
%cnf(i_0_547, plain, (mul(c001,inv(mul(c004,c003)))=mul(inv(c003),c001))).
%
%cnf(i_0_552, plain, (mul(c002,inv(mul(c003,c005)))=mul(inv(c003),c002))).
%
%cnf(i_0_557, plain, (mul(c001,inv(mul(c004,c006)))=mul(inv(c004),c001))).
%
%cnf(i_0_561, plain, (mul(c002,inv(mul(c004,c007)))=mul(inv(c004),c002))).
%
%cnf(i_0_565, plain, (mul(c002,inv(mul(c005,c008)))=mul(inv(c005),c002))).
%
%cnf(i_0_639, plain, (mul(c006,inv(mul(c004,c001)))=inv(mul(c001,c004)))).
%
%cnf(i_0_644, plain, (mul(inv(c004),mul(c001,c004))=mul(c001,inv(c006)))).
%
%cnf(i_0_1325, plain, (mul(c001,mul(c004,mul(c006,inv(c001))))=c004)).
%
%cnf(i_0_99, plain, (mul(inv(c007),mul(c002,mul(c007,X1)))=mul(c002,X1))).
%
%cnf(i_0_645, plain, (mul(inv(mul(c001,c004)),c004)=mul(c006,inv(c001)))).
%
%cnf(i_0_649, plain, (mul(c003,inv(mul(c003,c001)))=inv(mul(c001,c004)))).
%
%cnf(i_0_654, plain, (mul(inv(c003),mul(c001,c004))=mul(c001,inv(c003)))).
%
%cnf(i_0_1385, plain, (mul(c001,mul(c004,mul(c003,inv(c001))))=c003)).
%
%cnf(i_0_655, plain, (mul(inv(mul(c001,c004)),c003)=mul(c003,inv(c001)))).
%
%cnf(i_0_659, plain, (mul(c003,inv(mul(c002,c001)))=inv(mul(c001,c002)))).
%
%cnf(i_0_666, plain, (mul(inv(c002),mul(c001,c002))=mul(c001,inv(c003)))).
%
%cnf(i_0_1425, plain, (mul(c001,mul(c002,mul(c003,inv(c001))))=c002)).
%
%cnf(i_0_667, plain, (mul(inv(mul(c001,c002)),c002)=mul(c003,inv(c001)))).
%
%cnf(i_0_673, plain, (mul(c008,inv(mul(c005,c002)))=inv(mul(c002,c005)))).
%
%cnf(i_0_102, plain, (mul(inv(c006),mul(c001,mul(c006,X1)))=mul(c001,X1))).
%
%cnf(i_0_677, plain, (mul(inv(c005),mul(c002,c005))=mul(c002,inv(c008)))).
%
%cnf(i_0_1488, plain, (mul(c002,mul(c005,mul(c008,inv(c002))))=c005)).
%
%cnf(i_0_678, plain, (mul(inv(mul(c002,c005)),c005)=mul(c008,inv(c002)))).
%
%cnf(i_0_681, plain, (mul(c007,inv(mul(c004,c002)))=inv(mul(c002,c004)))).
%
%cnf(i_0_686, plain, (mul(inv(c004),mul(c002,c004))=mul(c002,inv(c007)))).
%
%cnf(i_0_1530, plain, (mul(c002,mul(c004,mul(c007,inv(c002))))=c004)).
%
%cnf(i_0_687, plain, (mul(inv(mul(c002,c004)),c004)=mul(c007,inv(c002)))).
%
%cnf(i_0_795, plain, (mul(inv(mul(c005,c002)),mul(c002,c005))=inv(c008))).
%
%cnf(i_0_801, plain, (mul(inv(mul(c004,c001)),mul(c001,c004))=inv(c006))).
%
%cnf(i_0_803, plain, (mul(inv(mul(c004,c002)),mul(c002,c004))=inv(c007))).
%
%cnf(i_0_105, plain, (mul(inv(c006),mul(c002,mul(c006,X1)))=mul(c002,X1))).
%
%cnf(i_0_807, plain, (mul(inv(mul(c003,c001)),mul(c001,c004))=inv(c003))).
%
%cnf(i_0_821, plain, (mul(inv(mul(c002,c001)),mul(c001,c002))=inv(c003))).
%%%%%%
%cnf(i_0_987, plain, (mul(inv(mul(c003,c002)),mul(c002,c003))=inv(c005))).
%
%cnf(i_0_991, plain, (mul(inv(c003),mul(c002,c003))=mul(c002,inv(c005)))).
%
%cnf(i_0_1658, plain, (mul(c002,mul(c003,mul(c005,inv(c002))))=c003)).
%
%cnf(i_0_108, plain, (mul(inv(c005),mul(c003,mul(c005,X1)))=mul(c003,X1))).
%
%cnf(i_0_993, plain, (mul(inv(mul(c002,c003)),c003)=mul(c005,inv(c002)))).
%%
%cnf(i_0_999, plain, (mul(c005,inv(mul(c003,c002)))=inv(mul(c002,c003)))).
%
%cnf(i_0_1258, plain, (mul(c002,mul(c003,inv(c001)))=mul(inv(c001),c002))).
%
%cnf(i_0_1267, plain, (mul(c004,mul(c003,inv(c001)))=mul(inv(c001),c003))).
%
%cnf(i_0_1276, plain, (mul(c003,mul(c005,inv(c002)))=mul(inv(c002),c003))).
%
%cnf(i_0_1287, plain, (mul(c004,mul(c006,inv(c001)))=mul(inv(c001),c004))).
%
%cnf(i_0_1288, plain, (mul(c006,mul(inv(c004),c001))=mul(c001,inv(c004)))).
%
%cnf(i_0_1296, plain, (mul(c004,mul(c007,inv(c002)))=mul(inv(c002),c004))).
%
%cnf(i_0_1298, plain, (mul(c007,mul(inv(c004),c002))=mul(c002,inv(c004)))).
%
%cnf(i_0_111, plain, (mul(inv(c003),mul(c004,mul(c003,X1)))=mul(c004,X1))).
%
%cnf(i_0_1307, plain, (mul(c005,mul(c008,inv(c002)))=mul(inv(c002),c005))).
%
%cnf(i_0_1308, plain, (mul(c008,mul(inv(c005),c002))=mul(c002,inv(c005)))).
%%%%%%%%%
%cnf(i_0_114, plain, (mul(c001,mul(c002,mul(c003,X1)))=mul(c002,mul(c001,X1)))).
%%%%%%
%cnf(i_0_1716, plain, (mul(c003,inv(mul(c003,c002)))=inv(mul(c002,c005)))).
%
%cnf(i_0_1863, plain, (mul(c003,mul(c002,inv(c003)))=mul(c002,c005))).
%
%cnf(i_0_1746, plain, (mul(inv(mul(c002,c005)),c003)=mul(c003,inv(c002)))).
%
%cnf(i_0_1763, plain, (mul(c004,mul(inv(c006),mul(c001,inv(c004))))=c001)).
%
%cnf(i_0_1782, plain, (mul(c004,mul(inv(c007),mul(c002,inv(c004))))=c002)).
%
%cnf(i_0_119, plain, (inv(mul(X3,mul(inv(X1),X2)))=mul(inv(X2),mul(X1,inv(X3))))).
%
%cnf(i_0_1802, plain, (mul(c004,inv(mul(c003,c001)))=inv(mul(c001,c003)))).
%
%cnf(i_0_2027, plain, (mul(c003,mul(c001,inv(c004)))=mul(c001,c003))).
%
%cnf(i_0_1811, plain, (mul(inv(mul(c001,c003)),c003)=mul(c004,inv(c001)))).
%
%cnf(i_0_1828, plain, (mul(c005,mul(inv(c008),mul(c002,inv(c005))))=c002)).
%
%cnf(i_0_1854, plain, (mul(c001,mul(c003,c002))=mul(c002,mul(c001,c005)))).
%
%cnf(i_0_1862, plain, (mul(inv(mul(c003,c002)),mul(c002,c005))=inv(c003))).
%
%cnf(i_0_2079, plain, (mul(inv(mul(c002,c005)),mul(c003,c002))=c003)).
%
%cnf(i_0_1868, plain, (mul(inv(c003),mul(c002,c005))=mul(c002,inv(c003)))).
%%%%%
%cnf(i_0_2026, plain, (mul(inv(mul(c003,c001)),mul(c001,c003))=inv(c004))).
%
%cnf(i_0_2117, plain, (mul(inv(mul(c001,c003)),mul(c003,c001))=c004)).
%
%cnf(i_0_2030, plain, (mul(inv(c003),mul(c001,c003))=mul(c001,inv(c004)))).
%%%%
%cnf(i_0_183, plain, (mul(c002,mul(c008,mul(inv(c002),X1)))=mul(c008,X1))).
%
%cnf(i_0_186, plain, (mul(c002,mul(c007,mul(inv(c002),X1)))=mul(c007,X1))).
%
%cnf(i_0_189, plain, (mul(c001,mul(c006,mul(inv(c001),X1)))=mul(c006,X1))).
%%
%cnf(i_0_192, plain, (mul(c002,mul(c006,mul(inv(c002),X1)))=mul(c006,X1))).
%
%cnf(i_0_215, plain, (mul(c003,mul(c005,mul(inv(c003),X1)))=mul(c005,X1))).
%
%cnf(i_0_218, plain, (mul(c004,mul(c003,mul(inv(c004),X1)))=mul(c003,X1))).
%%%
%cnf(i_0_352, plain, (mul(c002,mul(c008,mul(c008,inv(c002))))=mul(c008,c008))).
%
%cnf(i_0_353, plain, (mul(c002,mul(c008,mul(c007,inv(c002))))=mul(c008,c007))).
%
%cnf(i_0_354, plain, (mul(c002,mul(c008,mul(c006,inv(c002))))=mul(c008,c006))).
%%%
%cnf(i_0_138, plain, (mul(c001,mul(c004,mul(c003,X1)))=mul(c003,mul(c001,X1)))).
%
%cnf(i_0_419, plain, (mul(c002,mul(c007,mul(c008,inv(c002))))=mul(c007,c008))).
%
%cnf(i_0_420, plain, (mul(c002,mul(c007,mul(c007,inv(c002))))=mul(c007,c007))).
%
%cnf(i_0_421, plain, (mul(c002,mul(c007,mul(c006,inv(c002))))=mul(c007,c006))).
%%%
%cnf(i_0_458, plain, (mul(c001,mul(c006,mul(c006,inv(c001))))=mul(c006,c006))).
%%%
%cnf(i_0_485, plain, (mul(c002,mul(c006,mul(c008,inv(c002))))=mul(c006,c008))).
%
%cnf(i_0_486, plain, (mul(c002,mul(c006,mul(c007,inv(c002))))=mul(c006,c007))).
%
%cnf(i_0_140, plain, (mul(c002,mul(c003,mul(c005,X1)))=mul(c003,mul(c002,X1)))).
%
%cnf(i_0_487, plain, (mul(c002,mul(c006,mul(c006,inv(c002))))=mul(c006,c006))).
%%%
%cnf(i_0_525, plain, (mul(c003,mul(c005,mul(c005,inv(c003))))=mul(c005,c005))).
%%%
%cnf(i_0_578, plain, (mul(c004,mul(c003,mul(c003,inv(c004))))=mul(c003,c003))).
%
%cnf(i_0_701, plain, (mul(inv(mul(X1,c008)),mul(X1,mul(c002,c008)))=c002)).
%
%cnf(i_0_703, plain, (mul(inv(mul(X1,c007)),mul(X1,mul(c002,c007)))=c002)).
%
%cnf(i_0_705, plain, (mul(inv(mul(X1,c006)),mul(X1,mul(c001,c006)))=c001)).
%
%cnf(i_0_142, plain, (mul(c001,mul(c004,mul(c006,X1)))=mul(c004,mul(c001,X1)))).
%
%cnf(i_0_706, plain, (mul(inv(mul(X1,c006)),mul(X1,mul(c002,c006)))=c002)).
%
%cnf(i_0_709, plain, (mul(inv(mul(X1,c005)),mul(X1,mul(c003,c005)))=c003)).
%
%cnf(i_0_723, plain, (mul(inv(mul(X1,c003)),mul(X1,mul(c004,c003)))=c004)).
%%%%%%%
%cnf(i_0_887, plain, (mul(c002,mul(inv(mul(c002,c008)),mul(c008,X1)))=X1)).
%
%cnf(i_0_144, plain, (mul(c002,mul(c004,mul(c007,X1)))=mul(c004,mul(c002,X1)))).
%%
%cnf(i_0_889, plain, (mul(c002,mul(inv(mul(c002,c007)),mul(c007,X1)))=X1)).
%%
%cnf(i_0_891, plain, (mul(c001,mul(inv(mul(c001,c006)),mul(c006,X1)))=X1)).
%
%cnf(i_0_892, plain, (mul(c002,mul(inv(mul(c002,c006)),mul(c006,X1)))=X1)).
%%%
%cnf(i_0_895, plain, (mul(c003,mul(inv(mul(c003,c005)),mul(c005,X1)))=X1)).
%%
%cnf(i_0_897, plain, (mul(c003,mul(inv(mul(c004,c003)),mul(c004,X1)))=X1)).
%
%cnf(i_0_146, plain, (mul(c002,mul(c005,mul(c008,X1)))=mul(c005,mul(c002,X1)))).
%
%cnf(i_0_898, plain, (mul(c005,mul(inv(mul(c003,c005)),mul(c003,X1)))=X1)).
%
%cnf(i_0_899, plain, (mul(c004,mul(inv(mul(c004,c003)),mul(c003,X1)))=X1)).
%%
%cnf(i_0_901, plain, (mul(c006,mul(inv(mul(c001,c006)),mul(c001,X1)))=X1)).
%
%cnf(i_0_902, plain, (mul(c008,mul(inv(mul(c002,c008)),mul(c002,X1)))=X1)).
%
%cnf(i_0_903, plain, (mul(c007,mul(inv(mul(c002,c007)),mul(c002,X1)))=X1)).
%
%cnf(i_0_904, plain, (mul(c006,mul(inv(mul(c002,c006)),mul(c002,X1)))=X1)).
%
%cnf(i_0_920, plain, (mul(X2,mul(inv(mul(X1,X2)),mul(X1,X3)))=X3)).
%%%
%cnf(i_0_152, plain, (mul(X1,mul(X2,inv(mul(X3,mul(X1,X2)))))=inv(X3))).
%%%%%%%%
%cnf(i_0_1230, plain, (mul(inv(mul(c005,c004)),mul(c003,mul(c005,c004)))=c003)).
%
%cnf(i_0_1247, plain, (mul(inv(c008),mul(c002,mul(c002,c008)))=mul(c002,c002))).
%%
%cnf(i_0_153, plain, (mul(X1,mul(inv(mul(X2,X1)),X3))=mul(inv(X2),X3))).
%
%cnf(i_0_1355, plain, (mul(inv(c007),mul(c002,mul(c002,c007)))=mul(c002,c002))).
%%%%
%cnf(i_0_1458, plain, (mul(inv(c008),mul(c002,inv(mul(c002,c005))))=inv(c005))).
%
%cnf(i_0_4381, plain, (mul(c002,inv(mul(c002,c005)))=mul(c008,inv(c005)))).
%
%cnf(i_0_4402, plain, (mul(c002,mul(c005,inv(c002)))=mul(c005,inv(c008)))).
%
%cnf(i_0_1475, plain, (mul(inv(c006),mul(c001,mul(c001,c006)))=mul(c001,c001))).
%
%cnf(i_0_1476, plain, (mul(inv(c006),mul(c001,mul(c002,c006)))=mul(c001,c002))).
%
%cnf(i_0_1477, plain, (mul(inv(c006),mul(c001,inv(mul(c001,c004))))=inv(c004))).
%
%cnf(i_0_178, plain, (mul(X1,inv(mul(X2,mul(X3,X1))))=inv(mul(X2,X3)))).
%
%cnf(i_0_4448, plain, (mul(c001,inv(mul(c001,c004)))=mul(c006,inv(c004)))).
%
%cnf(i_0_4708, plain, (mul(c002,mul(c004,inv(c002)))=mul(c004,inv(c007)))).
%
%cnf(i_0_4711, plain, (mul(c001,mul(c004,inv(c001)))=mul(c004,inv(c006)))).
%%
%cnf(i_0_4727, plain, (mul(c002,inv(mul(c002,c004)))=mul(c007,inv(c004)))).
%%%%%
%cnf(i_0_1609, plain, (mul(inv(c006),mul(c002,mul(c001,c006)))=mul(c002,c001))).
%
%cnf(i_0_198, plain, (inv(mul(X3,mul(X1,inv(X2))))=mul(X2,inv(mul(X3,X1))))).
%
%cnf(i_0_1610, plain, (mul(inv(c006),mul(c002,mul(c002,c006)))=mul(c002,c002))).
%
%cnf(i_0_1690, plain, (mul(inv(c005),mul(c003,mul(c003,c005)))=mul(c003,c003))).
%%
%cnf(i_0_1757, plain, (mul(inv(c006),mul(c001,inv(c004)))=mul(inv(c004),c001))).
%%
%cnf(i_0_1776, plain, (mul(inv(c007),mul(c002,inv(c004)))=mul(inv(c004),c002))).
%%
%cnf(i_0_1800, plain, (mul(inv(c003),mul(c004,mul(c004,c003)))=mul(c004,c004))).
%
%cnf(i_0_1822, plain, (mul(inv(c008),mul(c002,inv(c005)))=mul(inv(c005),c002))).
%%%
%cnf(i_0_1849, plain, (mul(c002,mul(c001,mul(c005,inv(c002))))=mul(c001,c003))).
%%
%cnf(i_0_2006, plain, (mul(inv(c002),mul(c005,inv(c008)))=mul(c005,inv(c002)))).
%
%cnf(i_0_2007, plain, (mul(inv(c002),mul(c004,inv(c007)))=mul(c004,inv(c002)))).
%
%cnf(i_0_2008, plain, (mul(inv(c001),mul(c004,inv(c006)))=mul(c004,inv(c001)))).
%%
%cnf(i_0_2063, plain, (mul(inv(c001),mul(c002,mul(c001,c005)))=mul(c003,c002))).
%
%cnf(i_0_2069, plain, (mul(inv(mul(c001,c003)),mul(c002,mul(c001,c005)))=c002)).
%%%%%%%%%%%%%
%cnf(i_0_2276, plain, (mul(c003,mul(c005,mul(c004,inv(c003))))=mul(c005,c004))).
%%%
%cnf(i_0_2467, plain, (mul(c002,mul(c003,mul(inv(c002),c005)))=mul(c003,c008))).
%
%cnf(i_0_2528, plain, (mul(inv(mul(c008,c008)),mul(c002,mul(c008,c008)))=c002)).
%
%cnf(i_0_2529, plain, (mul(inv(mul(c007,c008)),mul(c002,mul(c007,c008)))=c002)).
%
%cnf(i_0_2530, plain, (mul(inv(mul(c006,c008)),mul(c002,mul(c006,c008)))=c002)).
%%
%cnf(i_0_2559, plain, (mul(inv(mul(c008,c007)),mul(c002,mul(c008,c007)))=c002)).
%
%cnf(i_0_2560, plain, (mul(inv(mul(c007,c007)),mul(c002,mul(c007,c007)))=c002)).
%
%cnf(i_0_2561, plain, (mul(inv(mul(c006,c007)),mul(c002,mul(c006,c007)))=c002)).
%%%
%cnf(i_0_2590, plain, (mul(inv(mul(c006,c006)),mul(c001,mul(c006,c006)))=c001)).
%%
%cnf(i_0_2600, plain, (mul(c002,mul(inv(mul(c002,c006)),mul(c001,c006)))=c001)).
%%
%cnf(i_0_2643, plain, (mul(inv(mul(c008,c006)),mul(c002,mul(c008,c006)))=c002)).
%
%cnf(i_0_2644, plain, (mul(inv(mul(c007,c006)),mul(c002,mul(c007,c006)))=c002)).
%
%cnf(i_0_2645, plain, (mul(inv(mul(c006,c006)),mul(c002,mul(c006,c006)))=c002)).
%%
%cnf(i_0_2654, plain, (mul(c001,mul(inv(mul(c001,c006)),mul(c002,c006)))=c002)).
%%%
%cnf(i_0_2676, plain, (mul(inv(mul(c005,c005)),mul(c003,mul(c005,c005)))=c003)).
%%%
%cnf(i_0_2708, plain, (mul(inv(mul(c003,c003)),mul(c004,mul(c003,c003)))=c004)).
%%%%%%%
%cnf(i_0_223, plain, (mul(inv(mul(X1,X2)),mul(X1,X3))=mul(inv(X2),X3))).
%%%%
%cnf(i_0_4060, plain, (mul(c002,mul(c002,mul(c008,inv(mul(c002,c002)))))=c008)).
%
%cnf(i_0_4372, plain, (mul(c002,mul(c002,mul(c007,inv(mul(c002,c002)))))=c007)).
%
%cnf(i_0_4395, plain, (mul(inv(c002),mul(c008,inv(c005)))=inv(mul(c002,c005)))).
%
%cnf(i_0_4400, plain, (mul(inv(mul(c002,c005)),mul(c005,inv(c008)))=inv(c002))).
%%%
%cnf(i_0_4425, plain, (mul(c001,mul(c001,mul(c006,inv(mul(c001,c001)))))=c006)).
%%
%cnf(i_0_4439, plain, (mul(c001,mul(c002,mul(c006,inv(mul(c001,c002)))))=c006)).
%%
%cnf(i_0_4842, plain, (mul(inv(c001),mul(c006,inv(c004)))=inv(mul(c001,c004)))).
%
%cnf(i_0_4846, plain, (mul(inv(mul(c001,c004)),mul(c004,inv(c006)))=inv(c001))).
%%
%cnf(i_0_4856, plain, (mul(c004,mul(inv(c002),mul(c007,inv(c004))))=inv(c002))).
%
%cnf(i_0_4860, plain, (mul(inv(c002),mul(c007,inv(c004)))=inv(mul(c002,c004)))).
%%%%
%cnf(i_0_265, plain, (mul(inv(mul(c002,c008)),mul(c008,X1))=mul(inv(c002),X1))).
%%
%cnf(i_0_4880, plain, (mul(inv(mul(c002,c004)),mul(c004,inv(c007)))=inv(c002))).
%
%cnf(i_0_4892, plain, (mul(c002,mul(c001,mul(c006,inv(mul(c002,c001)))))=c006)).
%
%cnf(i_0_4999, plain, (mul(c002,mul(c002,mul(c006,inv(mul(c002,c002)))))=c006)).
%
%cnf(i_0_5013, plain, (mul(c003,mul(c003,mul(c005,inv(mul(c003,c003)))))=c005)).
%%%
%cnf(i_0_5057, plain, (mul(c004,mul(c004,mul(c003,inv(mul(c004,c004)))))=c003)).
%%
%cnf(i_0_271, plain, (mul(inv(mul(c002,c007)),mul(c007,X1))=mul(inv(c002),X1))).
%
%cnf(i_0_277, plain, (mul(inv(mul(c001,c006)),mul(c006,X1))=mul(inv(c001),X1))).
%
%cnf(i_0_283, plain, (mul(inv(mul(c002,c006)),mul(c006,X1))=mul(inv(c002),X1))).
%
%cnf(i_0_289, plain, (mul(inv(mul(c003,c005)),mul(c005,X1))=mul(inv(c003),X1))).
%
%cnf(i_0_295, plain, (mul(inv(mul(c004,c003)),mul(c003,X1))=mul(inv(c004),X1))).
%
%cnf(i_0_301, plain, (mul(c002,mul(inv(mul(c002,c008)),X1))=mul(inv(c008),X1))).
%
%cnf(i_0_306, plain, (mul(c002,mul(inv(mul(c002,c007)),X1))=mul(inv(c007),X1))).
%
%cnf(i_0_311, plain, (mul(c001,mul(inv(mul(c001,c006)),X1))=mul(inv(c006),X1))).
%
%cnf(i_0_316, plain, (mul(c002,mul(inv(mul(c002,c006)),X1))=mul(inv(c006),X1))).
%
%cnf(i_0_321, plain, (mul(c003,mul(inv(mul(c003,c005)),X1))=mul(inv(c005),X1))).
%
%cnf(i_0_326, plain, (mul(c004,mul(inv(mul(c004,c003)),X1))=mul(inv(c003),X1))).
%
%cnf(i_0_331, plain, (mul(inv(c002),mul(c008,X1))=mul(c008,mul(inv(c002),X1)))).
%
%cnf(i_0_343, plain, (mul(inv(mul(c002,mul(c008,X1))),c008)=inv(mul(c002,X1)))).
%%
%cnf(i_0_345, plain, (mul(c002,mul(c008,inv(mul(X1,c002))))=mul(c008,inv(X1)))).
%
%cnf(i_0_350, plain, (mul(c002,mul(c008,inv(mul(c002,c007))))=mul(c008,inv(c007)))).
%
%cnf(i_0_351, plain, (mul(c002,mul(c008,inv(mul(c002,c006))))=mul(c008,inv(c006)))).
%
%cnf(i_0_355, plain, (mul(c002,mul(c008,mul(c005,c008)))=mul(c008,mul(c005,c002)))).
%
%cnf(i_0_356, plain, (mul(c002,mul(c008,mul(c004,c007)))=mul(c008,mul(c004,c002)))).
%
%cnf(i_0_357, plain, (mul(c002,mul(c008,mul(c003,c005)))=mul(c008,mul(c003,c002)))).
%
%cnf(i_0_358, plain, (mul(inv(c002),mul(c007,X1))=mul(c007,mul(inv(c002),X1)))).
%
%cnf(i_0_368, plain, (mul(inv(c001),mul(c006,X1))=mul(c006,mul(inv(c001),X1)))).
%
%cnf(i_0_378, plain, (mul(inv(c002),mul(c006,X1))=mul(c006,mul(inv(c002),X1)))).
%
%cnf(i_0_388, plain, (mul(inv(c003),mul(c005,X1))=mul(c005,mul(inv(c003),X1)))).
%
%cnf(i_0_398, plain, (mul(inv(c004),mul(c003,X1))=mul(c003,mul(inv(c004),X1)))).
%
%cnf(i_0_410, plain, (mul(inv(mul(c002,mul(c007,X1))),c007)=inv(mul(c002,X1)))).
%%
%cnf(i_0_412, plain, (mul(c002,mul(c007,inv(mul(X1,c002))))=mul(c007,inv(X1)))).
%
%cnf(i_0_416, plain, (mul(c002,mul(c007,inv(mul(c002,c008))))=mul(c007,inv(c008)))).
%
%cnf(i_0_418, plain, (mul(c002,mul(c007,inv(mul(c002,c006))))=mul(c007,inv(c006)))).
%
%cnf(i_0_422, plain, (mul(c002,mul(c007,mul(c005,c008)))=mul(c007,mul(c005,c002)))).
%
%cnf(i_0_423, plain, (mul(c002,mul(c007,mul(c004,c007)))=mul(c007,mul(c004,c002)))).
%
%cnf(i_0_424, plain, (mul(c002,mul(c007,mul(c003,c005)))=mul(c007,mul(c003,c002)))).
%
%cnf(i_0_425, plain, (mul(inv(c003),mul(c004,X1))=mul(c004,mul(inv(c003),X1)))).
%
%cnf(i_0_431, plain, (mul(inv(c005),mul(c003,X1))=mul(c003,mul(inv(c005),X1)))).
%
%cnf(i_0_437, plain, (mul(inv(c006),mul(c001,X1))=mul(c001,mul(inv(c006),X1)))).
%
%cnf(i_0_443, plain, (mul(inv(c008),mul(c002,X1))=mul(c002,mul(inv(c008),X1)))).
%
%cnf(i_0_451, plain, (mul(inv(mul(c001,mul(c006,X1))),c006)=inv(mul(c001,X1)))).
%%
%cnf(i_0_453, plain, (mul(c001,mul(c006,inv(mul(X1,c001))))=mul(c006,inv(X1)))).
%
%cnf(i_0_459, plain, (mul(c001,mul(c006,mul(c004,c006)))=mul(c006,mul(c004,c001)))).
%
%cnf(i_0_460, plain, (mul(c001,mul(c006,mul(c004,c003)))=mul(c006,mul(c003,c001)))).
%
%cnf(i_0_461, plain, (mul(c001,mul(c002,mul(c006,c003)))=mul(c002,mul(c001,c006)))).
%
%cnf(i_0_462, plain, (mul(inv(c007),mul(c002,X1))=mul(c002,mul(inv(c007),X1)))).
%
%cnf(i_0_468, plain, (mul(inv(c006),mul(c002,X1))=mul(c002,mul(inv(c006),X1)))).
%
%cnf(i_0_476, plain, (mul(inv(mul(c002,mul(c006,X1))),c006)=inv(mul(c002,X1)))).
%%
%cnf(i_0_478, plain, (mul(c002,mul(c006,inv(mul(X1,c002))))=mul(c006,inv(X1)))).
%
%cnf(i_0_482, plain, (mul(c002,mul(c006,inv(mul(c002,c008))))=mul(c006,inv(c008)))).
%
%cnf(i_0_483, plain, (mul(c002,mul(c006,inv(mul(c002,c007))))=mul(c006,inv(c007)))).
%
%cnf(i_0_488, plain, (mul(c002,mul(c006,mul(c005,c008)))=mul(c006,mul(c005,c002)))).
%
%cnf(i_0_489, plain, (mul(c002,mul(c006,mul(c004,c007)))=mul(c006,mul(c004,c002)))).
%
%cnf(i_0_490, plain, (mul(c002,mul(c006,mul(c003,c005)))=mul(c006,mul(c003,c002)))).
%
%cnf(i_0_517, plain, (mul(inv(mul(c003,mul(c005,X1))),c005)=inv(mul(c003,X1)))).
%%
%cnf(i_0_519, plain, (mul(c003,mul(c005,inv(mul(X1,c003))))=mul(c005,inv(X1)))).
%
%cnf(i_0_491, plain, (mul(inv(c001),mul(c002,mul(c001,X1)))=mul(c002,mul(c003,X1)))).
%
%cnf(i_0_570, plain, (mul(inv(mul(c004,mul(c003,X1))),c003)=inv(mul(c004,X1)))).
%%
%cnf(i_0_573, plain, (mul(c004,mul(c003,inv(mul(X1,c004))))=mul(c003,inv(X1)))).
%%%%%%%%
%cnf(i_0_497, plain, (mul(inv(c001),mul(c003,mul(c001,X1)))=mul(c004,mul(c003,X1)))).
%%%%%
%cnf(i_0_1229, plain, (mul(c004,mul(c003,inv(mul(c003,mul(c005,c004)))))=inv(c005))).
%
%cnf(i_0_1844, plain, (mul(c001,mul(c002,mul(c004,c003)))=mul(c002,mul(c001,c004)))).
%
%cnf(i_0_1846, plain, (mul(c001,mul(c002,inv(mul(c001,c004))))=mul(c002,inv(c003)))).
%
%cnf(i_0_2066, plain, (mul(inv(mul(c002,mul(c001,c005))),c001)=inv(mul(c003,c002)))).
%
%cnf(i_0_2068, plain, (mul(c003,mul(c002,inv(mul(c002,mul(c001,c005)))))=inv(c001))).
%%
%cnf(i_0_503, plain, (mul(inv(c002),mul(c003,mul(c002,X1)))=mul(c003,mul(c005,X1)))).
%%%%%%%%%%%
%cnf(i_0_509, plain, (mul(inv(c001),mul(c004,mul(c001,X1)))=mul(c004,mul(c006,X1)))).
%%%%%%%%%%%
%cnf(i_0_527, plain, (mul(inv(c002),mul(c004,mul(c002,X1)))=mul(c004,mul(c007,X1)))).
%%%%%%%%%%
%cnf(i_0_2361, plain, (mul(c001,mul(c004,mul(c004,c003)))=mul(c003,mul(c001,c004)))).
%
%cnf(i_0_533, plain, (mul(inv(c002),mul(c005,mul(c002,X1)))=mul(c005,mul(c008,X1)))).
%
%cnf(i_0_2364, plain, (mul(c001,mul(c004,inv(mul(c001,c002))))=mul(c003,inv(c002)))).
%%%%%%%%%%
%cnf(i_0_572, plain, (mul(c005,mul(c004,mul(c003,X1)))=mul(c003,mul(c005,mul(c004,X1))))).
%%%%
%cnf(i_0_2465, plain, (mul(c002,mul(c003,mul(c003,c005)))=mul(c003,mul(c002,c003)))).
%%%%%%%%
%cnf(i_0_2620, plain, (mul(c001,mul(c004,mul(c001,c006)))=mul(c004,mul(c001,c001)))).
%
%cnf(i_0_2621, plain, (mul(c001,mul(c004,mul(c002,c006)))=mul(c004,mul(c001,c002)))).
%
%cnf(i_0_2767, plain, (mul(c002,mul(c004,mul(c002,c007)))=mul(c004,mul(c002,c002)))).
%
%cnf(i_0_2916, plain, (mul(c002,mul(c005,mul(c002,c008)))=mul(c005,mul(c002,c002)))).
%
%cnf(i_0_4047, plain, (mul(inv(mul(c003,mul(c005,c004))),mul(c005,c004))=inv(c003))).
%%%%%%%%%%%%%%%%%
%cnf(i_0_600, plain, (mul(inv(X1),mul(c008,inv(c002)))=mul(inv(mul(c002,X1)),c008))).
%%%%%%%%
%cnf(i_0_4508, plain, (mul(c002,inv(mul(X1,mul(c002,c008))))=inv(mul(X1,c008)))).
%
%cnf(i_0_4512, plain, (mul(c002,inv(mul(X1,mul(c002,c007))))=inv(mul(X1,c007)))).
%
%cnf(i_0_4516, plain, (mul(c001,inv(mul(X1,mul(c001,c006))))=inv(mul(X1,c006)))).
%
%cnf(i_0_602, plain, (mul(inv(X1),mul(c007,inv(c002)))=mul(inv(mul(c002,X1)),c007))).
%
%cnf(i_0_4517, plain, (mul(c002,inv(mul(X1,mul(c002,c006))))=inv(mul(X1,c006)))).
%
%cnf(i_0_4522, plain, (mul(c003,inv(mul(X1,mul(c003,c005))))=inv(mul(X1,c005)))).
%
%cnf(i_0_4542, plain, (mul(c004,inv(mul(X1,mul(c004,c003))))=inv(mul(X1,c003)))).
%
%cnf(i_0_4713, plain, (mul(c003,inv(mul(c003,mul(c005,c004))))=inv(mul(c005,c004)))).
%
%cnf(i_0_4745, plain, (mul(c002,inv(mul(c002,mul(c001,c005))))=inv(mul(c001,c003)))).
%%%%%%
%cnf(i_0_604, plain, (mul(inv(X1),mul(c006,inv(c001)))=mul(inv(mul(c001,X1)),c006))).
%%%
%cnf(i_0_5083, plain, (mul(inv(c002),mul(c001,c003))=mul(c001,mul(c005,inv(c002))))).
%
%cnf(i_0_8472, plain, (mul(c001,mul(c003,mul(c002,inv(mul(c001,c005)))))=c002)).
%
%cnf(i_0_5085, plain, (mul(inv(mul(c001,c003)),c002)=mul(c002,inv(mul(c001,c005))))).
%%
%cnf(i_0_5172, plain, (mul(inv(mul(c002,mul(c001,c005))),mul(c001,c003))=inv(c002))).
%%
%cnf(i_0_5180, plain, (mul(inv(mul(c005,c004)),c003)=mul(c003,inv(mul(c005,c004))))).
%
%cnf(i_0_5195, plain, (mul(inv(c002),mul(c003,c008))=mul(c003,mul(inv(c002),c005)))).
%
%cnf(i_0_605, plain, (mul(inv(X1),mul(c006,inv(c002)))=mul(inv(mul(c002,X1)),c006))).
%%
%cnf(i_0_5218, plain, (mul(inv(mul(c002,mul(c008,c008))),mul(c008,c008))=inv(c002))).
%%
%cnf(i_0_5233, plain, (mul(inv(mul(c002,mul(c007,c008))),mul(c007,c008))=inv(c002))).
%%
%cnf(i_0_5248, plain, (mul(inv(mul(c002,mul(c006,c008))),mul(c006,c008))=inv(c002))).
%%
%cnf(i_0_5263, plain, (mul(inv(mul(c002,mul(c008,c007))),mul(c008,c007))=inv(c002))).
%%
%cnf(i_0_5278, plain, (mul(inv(mul(c002,mul(c007,c007))),mul(c007,c007))=inv(c002))).
%
%cnf(i_0_608, plain, (mul(inv(X1),mul(c005,inv(c003)))=mul(inv(mul(c003,X1)),c005))).
%%
%cnf(i_0_5293, plain, (mul(inv(mul(c002,mul(c006,c007))),mul(c006,c007))=inv(c002))).
%%
%cnf(i_0_5308, plain, (mul(inv(mul(c001,mul(c006,c006))),mul(c006,c006))=inv(c001))).
%%
%cnf(i_0_5337, plain, (mul(inv(mul(c002,mul(c008,c006))),mul(c008,c006))=inv(c002))).
%%
%cnf(i_0_5352, plain, (mul(inv(mul(c002,mul(c007,c006))),mul(c007,c006))=inv(c002))).
%%
%cnf(i_0_5367, plain, (mul(inv(mul(c002,mul(c006,c006))),mul(c006,c006))=inv(c002))).
%
%cnf(i_0_610, plain, (mul(inv(X1),mul(c004,inv(c003)))=mul(inv(mul(c003,X1)),c004))).
%%
%cnf(i_0_5394, plain, (mul(inv(mul(c003,mul(c005,c005))),mul(c005,c005))=inv(c003))).
%%
%cnf(i_0_5409, plain, (mul(inv(mul(c004,mul(c003,c003))),mul(c003,c003))=inv(c004))).
%
%cnf(i_0_5432, plain, (mul(inv(mul(c008,X1)),mul(c002,c008))=mul(inv(X1),c002))).
%
%cnf(i_0_5436, plain, (mul(inv(mul(c007,X1)),mul(c002,c007))=mul(inv(X1),c002))).
%
%cnf(i_0_5440, plain, (mul(inv(mul(c006,X1)),mul(c001,c006))=mul(inv(X1),c001))).
%
%cnf(i_0_5441, plain, (mul(inv(mul(c006,X1)),mul(c002,c006))=mul(inv(X1),c002))).
%
%cnf(i_0_5446, plain, (mul(inv(mul(c005,X1)),mul(c003,c005))=mul(inv(X1),c003))).
%
%cnf(i_0_5463, plain, (mul(inv(mul(c003,X1)),mul(c004,c003))=mul(inv(X1),c004))).
%
%cnf(i_0_611, plain, (mul(inv(X1),mul(c003,inv(c005)))=mul(inv(mul(c005,X1)),c003))).
%%%%%%%%%%%
%cnf(i_0_612, plain, (mul(inv(X1),mul(c003,inv(c004)))=mul(inv(mul(c004,X1)),c003))).
%%%%%%%%%%%
%cnf(i_0_614, plain, (mul(inv(X1),mul(c001,inv(c006)))=mul(inv(mul(c006,X1)),c001))).
%%%%%%%%%%%
%cnf(i_0_615, plain, (mul(inv(X1),mul(c002,inv(c008)))=mul(inv(mul(c008,X1)),c002))).
%
%cnf(i_0_6145, plain, (mul(inv(mul(c001,c006)),mul(c002,c006))=mul(inv(c001),c002))).
%%%
%cnf(i_0_6171, plain, (mul(inv(mul(c002,c006)),mul(c001,c006))=mul(inv(c002),c001))).
%%%%%%%
%cnf(i_0_616, plain, (mul(inv(X1),mul(c002,inv(c007)))=mul(inv(mul(c007,X1)),c002))).
%%%%%%%%%%%
%cnf(i_0_617, plain, (mul(inv(X1),mul(c002,inv(c006)))=mul(inv(mul(c006,X1)),c002))).
%
%cnf(i_0_6453, plain, (mul(inv(mul(c002,mul(c002,c008))),c008)=inv(mul(c002,c002)))).
%%%%%%%%
%cnf(i_0_6615, plain, (mul(inv(c001),mul(c002,c006))=mul(c006,mul(inv(c001),c002)))).
%
%cnf(i_0_6643, plain, (mul(inv(c002),mul(c001,c006))=mul(c006,mul(inv(c002),c001)))).
%
%cnf(i_0_625, plain, (mul(inv(mul(c001,X1)),mul(c004,c001))=mul(inv(X1),mul(c004,c006)))).
%%
%cnf(i_0_6733, plain, (mul(inv(mul(c002,mul(c002,c007))),c007)=inv(mul(c002,c002)))).
%%%%%%%%
%cnf(i_0_6867, plain, (mul(c004,inv(mul(c004,mul(c003,c003))))=inv(mul(c003,c003)))).
%
%cnf(i_0_626, plain, (mul(inv(mul(c001,X1)),mul(c003,c001))=mul(inv(X1),mul(c004,c003)))).
%
%cnf(i_0_9463, plain, (mul(c006,mul(c003,mul(inv(c004),c001)))=mul(c001,c003))).
%%
%cnf(i_0_6899, plain, (mul(inv(c005),mul(c004,c003))=mul(c003,mul(inv(c005),c004)))).
%
%cnf(i_0_6900, plain, (mul(c003,inv(mul(c003,mul(c005,c005))))=inv(mul(c005,c005)))).
%%
%cnf(i_0_6936, plain, (mul(c001,inv(mul(c001,mul(c006,c006))))=inv(mul(c006,c006)))).
%%
%cnf(i_0_6975, plain, (mul(c002,inv(mul(c002,mul(c008,c008))))=inv(mul(c008,c008)))).
%
%cnf(i_0_6976, plain, (mul(c002,inv(mul(c002,mul(c007,c008))))=inv(mul(c007,c008)))).
%
%cnf(i_0_6977, plain, (mul(c002,inv(mul(c002,mul(c006,c008))))=inv(mul(c006,c008)))).
%
%cnf(i_0_627, plain, (mul(inv(mul(c001,X1)),mul(c002,c001))=mul(inv(X1),mul(c002,c003)))).
%
%cnf(i_0_9655, plain, (mul(inv(mul(c006,c003)),c003)=inv(c006))).
%
%cnf(i_0_9664, plain, (mul(c006,c003)=mul(c003,c006))).
%
%cnf(i_0_9661, plain, (mul(c006,mul(c003,inv(c006)))=c003)).
%%%
%cnf(i_0_9675, plain, (mul(inv(c006),mul(c003,c006))=c003)).
%
%cnf(i_0_9717, plain, (mul(c003,mul(c006,inv(c003)))=c006)).
%%
%cnf(i_0_9673, plain, (mul(inv(c006),c003)=mul(c003,inv(c006)))).
%
%cnf(i_0_9676, plain, (mul(inv(mul(c003,c006)),c006)=inv(c003))).
%
%cnf(i_0_628, plain, (mul(inv(mul(c002,X1)),mul(c005,c002))=mul(inv(X1),mul(c005,c008)))).
%
%cnf(i_0_9678, plain, (mul(c003,inv(mul(c003,c006)))=inv(c006))).
%%
%cnf(i_0_9696, plain, (mul(inv(c003),c006)=mul(c006,inv(c003)))).
%%%%%%%%
%cnf(i_0_629, plain, (mul(inv(mul(c002,X1)),mul(c004,c002))=mul(inv(X1),mul(c004,c007)))).
%%%
%cnf(i_0_9665, plain, (mul(c006,mul(c003,X1))=mul(c003,mul(c006,X1)))).
%%%
%cnf(i_0_9683, plain, (mul(c003,mul(c001,c006))=mul(c004,mul(c001,c003)))).
%
%cnf(i_0_10036, plain, (mul(c004,mul(c001,inv(c004)))=mul(c001,c006))).
%
%cnf(i_0_10068, plain, (mul(c004,mul(c006,inv(c004)))=c006)).
%
%cnf(i_0_10070, plain, (mul(inv(c004),c006)=mul(c006,inv(c004)))).
%
%cnf(i_0_10086, plain, (mul(c006,mul(c004,inv(c006)))=c004)).
%
%cnf(i_0_630, plain, (mul(inv(mul(c002,X1)),mul(c003,c002))=mul(inv(X1),mul(c003,c005)))).
%
%cnf(i_0_10071, plain, (mul(inv(c006),c004)=mul(c004,inv(c006)))).
%
%cnf(i_0_10073, plain, (mul(c006,inv(mul(c006,c004)))=inv(c004))).
%
%cnf(i_0_10220, plain, (mul(c006,c004)=mul(c004,c006))).
%
%cnf(i_0_10238, plain, (mul(inv(c006),mul(c004,c006))=c004)).
%%
%cnf(i_0_10078, plain, (mul(c004,inv(mul(c004,c006)))=inv(c006))).
%%%%%%%%%%%
%cnf(i_0_10239, plain, (mul(inv(mul(c004,c006)),c006)=inv(c004))).
%%%%%%%%
%cnf(i_0_9881, plain, (mul(c006,mul(c004,c003))=mul(c004,mul(c003,c006)))).
%%
%cnf(i_0_10049, plain, (mul(inv(c004),mul(c001,c006))=mul(c001,inv(c004)))).
%
%cnf(i_0_10317, plain, (mul(c001,mul(c006,mul(c004,inv(c001))))=c004)).
%
%cnf(i_0_10053, plain, (mul(inv(mul(c001,c006)),c004)=mul(c004,inv(c001)))).
%%%%
%cnf(i_0_643, plain, (mul(c004,mul(c001,mul(inv(c006),X1)))=mul(c001,mul(c004,X1)))).
%%
%cnf(i_0_10065, plain, (mul(c004,inv(mul(c004,c001)))=inv(mul(c001,c006)))).
%%
%cnf(i_0_10109, plain, (mul(c006,mul(c004,inv(c001)))=mul(inv(c001),c004))).
%%
%cnf(i_0_10221, plain, (mul(c006,mul(c004,X1))=mul(c004,mul(c006,X1)))).
%%%%%
%cnf(i_0_647, plain, (mul(c004,mul(c003,mul(c001,inv(c006))))=mul(c003,mul(c001,c004)))).
%
%cnf(i_0_10252, plain, (mul(inv(mul(c004,c001)),c006)=inv(mul(c001,c004)))).
%
%cnf(i_0_10502, plain, (mul(inv(c006),mul(c004,c001))=mul(c001,c004))).
%%%%%%%
%cnf(i_0_10407, plain, (mul(inv(mul(c004,c001)),mul(c001,c006))=inv(c004))).
%
%cnf(i_0_9713, plain, (mul(inv(c006),mul(c003,mul(c006,X1)))=mul(c003,X1))).
%
%cnf(i_0_653, plain, (mul(c003,mul(c001,mul(inv(c003),X1)))=mul(c001,mul(c004,X1)))).
%
%cnf(i_0_9718, plain, (mul(c003,mul(c006,mul(inv(c003),X1)))=mul(c006,X1))).
%%
%cnf(i_0_9736, plain, (mul(c003,mul(c005,mul(c006,inv(c003))))=mul(c005,c006))).
%
%cnf(i_0_9738, plain, (mul(c003,mul(c001,mul(c006,inv(c003))))=mul(c004,c001))).
%%%%%%%
%cnf(i_0_657, plain, (mul(c003,mul(c005,mul(c001,inv(c003))))=mul(c005,mul(c001,c004)))).
%
%cnf(i_0_10022, plain, (mul(c003,mul(c006,mul(c006,inv(c003))))=mul(c006,c006))).
%
%cnf(i_0_10023, plain, (mul(c003,mul(c006,mul(c005,inv(c003))))=mul(c006,c005))).
%%
%cnf(i_0_10069, plain, (mul(c004,mul(c006,mul(inv(c004),X1)))=mul(c006,X1))).
%
%cnf(i_0_10079, plain, (mul(c004,mul(c003,mul(c006,inv(c004))))=mul(c003,c006))).
%%%
%cnf(i_0_10185, plain, (mul(c008,mul(c003,mul(inv(c005),c002)))=mul(c002,c003))).
%%%
%cnf(i_0_665, plain, (mul(c002,mul(c001,mul(inv(c003),X1)))=mul(c001,mul(c002,X1)))).
%
%cnf(i_0_10256, plain, (mul(inv(c006),mul(c004,mul(c006,X1)))=mul(c004,X1))).
%%
%cnf(i_0_10380, plain, (mul(c004,mul(c001,mul(c003,inv(c006))))=mul(c003,c001))).
%%%
%cnf(i_0_10468, plain, (mul(c004,mul(c006,mul(c006,inv(c004))))=mul(c006,c006))).
%%%
%cnf(i_0_10556, plain, (mul(inv(c006),mul(c004,mul(c003,c006)))=mul(c004,c003))).
%
%cnf(i_0_10557, plain, (mul(inv(c006),mul(c003,mul(c003,c006)))=mul(c003,c003))).
%
%cnf(i_0_669, plain, (mul(c002,mul(c008,mul(c001,inv(c003))))=mul(c008,mul(c001,c002)))).
%
%cnf(i_0_10558, plain, (mul(inv(c006),mul(c004,mul(c001,c003)))=mul(c003,c001))).
%
%cnf(i_0_10559, plain, (mul(inv(c006),mul(c003,mul(c002,c006)))=mul(c003,c002))).
%%
%cnf(i_0_10600, plain, (mul(c003,mul(c001,mul(inv(mul(c001,c003)),c006)))=c004)).
%%%%%%
%cnf(i_0_10916, plain, (mul(inv(c006),mul(c004,mul(c004,c006)))=mul(c004,c004))).
%
%cnf(i_0_670, plain, (mul(c002,mul(c007,mul(c001,inv(c003))))=mul(c007,mul(c001,c002)))).
%%
%cnf(i_0_10918, plain, (mul(inv(c006),mul(c004,mul(c001,c006)))=mul(c004,c001))).
%
%cnf(i_0_10919, plain, (mul(inv(c006),mul(c004,mul(c002,c006)))=mul(c004,c002))).
%
%cnf(i_0_10961, plain, (mul(c004,mul(c003,mul(c006,inv(mul(c004,c003)))))=c006)).
%
%cnf(i_0_10975, plain, (mul(c003,mul(c003,mul(c006,inv(mul(c003,c003)))))=c006)).
%
%cnf(i_0_11059, plain, (mul(c004,mul(c004,mul(c006,inv(mul(c004,c004)))))=c006)).
%
%cnf(i_0_7046, plain, (mul(inv(mul(c001,mul(c001,c006))),c006)=inv(mul(c001,c001)))).
%
%cnf(i_0_7047, plain, (mul(inv(mul(c001,mul(c002,c006))),c006)=inv(mul(c001,c002)))).
%%%
%cnf(i_0_671, plain, (mul(c002,mul(c001,mul(c006,inv(c003))))=mul(c001,mul(c002,c006)))).
%%%
%cnf(i_0_7135, plain, (mul(c002,inv(mul(c002,mul(c008,c007))))=inv(mul(c008,c007)))).
%
%cnf(i_0_7136, plain, (mul(c002,inv(mul(c002,mul(c007,c007))))=inv(mul(c007,c007)))).
%
%cnf(i_0_7137, plain, (mul(c002,inv(mul(c002,mul(c006,c007))))=inv(mul(c006,c007)))).
%%
%cnf(i_0_7206, plain, (mul(c002,inv(mul(c002,mul(c008,c006))))=inv(mul(c008,c006)))).
%
%cnf(i_0_7207, plain, (mul(c002,inv(mul(c002,mul(c007,c006))))=inv(mul(c007,c006)))).
%
%cnf(i_0_7208, plain, (mul(c002,inv(mul(c002,mul(c006,c006))))=inv(mul(c006,c006)))).
%
%cnf(i_0_7276, plain, (mul(inv(mul(c002,mul(c001,c006))),c006)=inv(mul(c002,c001)))).
%
%cnf(i_0_676, plain, (mul(c005,mul(c002,mul(inv(c008),X1)))=mul(c002,mul(c005,X1)))).
%
%cnf(i_0_7277, plain, (mul(inv(mul(c002,mul(c002,c006))),c006)=inv(mul(c002,c002)))).
%%%%
%cnf(i_0_7314, plain, (mul(c002,mul(c004,mul(c006,c007)))=mul(c004,mul(c002,c006)))).
%
%cnf(i_0_11429, plain, (mul(inv(mul(c006,c007)),c007)=inv(c006))).
%
%cnf(i_0_11435, plain, (mul(c007,c006)=mul(c006,c007))).
%
%cnf(i_0_11432, plain, (mul(c006,mul(c007,inv(c006)))=c007)).
%
%cnf(i_0_11439, plain, (mul(inv(c007),mul(c006,c007))=c006)).
%%
%cnf(i_0_685, plain, (mul(c004,mul(c002,mul(inv(c007),X1)))=mul(c002,mul(c004,X1)))).
%%
%cnf(i_0_11433, plain, (mul(c006,inv(mul(c006,c007)))=inv(c007))).
%
%cnf(i_0_11443, plain, (mul(inv(c006),c007)=mul(c007,inv(c006)))).
%
%cnf(i_0_11555, plain, (mul(c007,mul(c006,inv(c007)))=c006)).
%%%
%cnf(i_0_11460, plain, (mul(inv(c007),c006)=mul(c006,inv(c007)))).
%%%%
%cnf(i_0_689, plain, (mul(c004,mul(c003,mul(c002,inv(c007))))=mul(c003,mul(c002,c004)))).
%%%
%cnf(i_0_11436, plain, (mul(c007,mul(c006,X1))=mul(c006,mul(c007,X1)))).
%%%
%cnf(i_0_11547, plain, (mul(c007,mul(c001,c006))=mul(c006,mul(c007,c001)))).
%
%cnf(i_0_11628, plain, (mul(c007,mul(c004,c006))=mul(c006,mul(c007,c004)))).
%
%cnf(i_0_11629, plain, (mul(c007,mul(c003,c006))=mul(c006,mul(c007,c003)))).
%%%
%cnf(i_0_990, plain, (mul(c003,mul(c002,mul(inv(c005),X1)))=mul(c002,mul(c003,X1)))).
%
%cnf(i_0_11458, plain, (mul(c006,mul(c007,mul(inv(c006),X1)))=mul(c007,X1))).
%
%cnf(i_0_11479, plain, (mul(inv(c007),mul(c006,mul(c007,X1)))=mul(c006,X1))).
%%%%%%
%cnf(i_0_11635, plain, (mul(c006,mul(c007,mul(c007,inv(c006))))=mul(c007,c007))).
%%%
%cnf(i_0_997, plain, (mul(c003,mul(c005,mul(c002,inv(c005))))=mul(c005,mul(c002,c003)))).
%%%
%cnf(i_0_11758, plain, (mul(c006,mul(c007,mul(c004,inv(c006))))=mul(c007,c004))).
%
%cnf(i_0_11759, plain, (mul(c006,mul(c007,mul(c003,inv(c006))))=mul(c007,c003))).
%
%cnf(i_0_11760, plain, (mul(c006,mul(c007,mul(c001,inv(c006))))=mul(c007,c001))).
%
%cnf(i_0_11812, plain, (mul(inv(c007),mul(c006,mul(c006,c007)))=mul(c006,c006))).
%
%cnf(i_0_11936, plain, (mul(c006,mul(c006,mul(c007,inv(mul(c006,c006)))))=c007)).
%
%cnf(i_0_7315, plain, (mul(c002,mul(c003,mul(c006,c005)))=mul(c003,mul(c002,c006)))).
%
%cnf(i_0_11987, plain, (mul(inv(mul(c006,c005)),c005)=inv(c006))).
%
%cnf(i_0_11993, plain, (mul(c006,c005)=mul(c005,c006))).
%
%cnf(i_0_1006, plain, (mul(inv(mul(c004,c001)),mul(c001,X1))=mul(inv(mul(c004,c006)),X1))).
%
%cnf(i_0_11990, plain, (mul(c006,mul(c005,inv(c006)))=c005)).
%%%
%cnf(i_0_12003, plain, (mul(inv(c006),mul(c005,c006))=c005)).
%
%cnf(i_0_12101, plain, (mul(c005,mul(c006,inv(c005)))=c006)).
%%
%cnf(i_0_12001, plain, (mul(inv(c006),c005)=mul(c005,inv(c006)))).
%
%cnf(i_0_12004, plain, (mul(inv(mul(c005,c006)),c006)=inv(c005))).
%
%cnf(i_0_12006, plain, (mul(c005,inv(mul(c005,c006)))=inv(c006))).
%%
%cnf(i_0_1014, plain, (mul(inv(mul(c004,mul(c001,X1))),c001)=inv(mul(c004,mul(c006,X1))))).
%
%cnf(i_0_12077, plain, (mul(inv(c005),c006)=mul(c006,inv(c005)))).
%%%%%%%%%%
%cnf(i_0_1015, plain, (mul(inv(mul(c003,c001)),mul(c001,X1))=mul(inv(mul(c004,c003)),X1))).
%%
%cnf(i_0_11994, plain, (mul(c006,mul(c005,X1))=mul(c005,mul(c006,X1)))).
%%
%cnf(i_0_12021, plain, (mul(c007,mul(c005,c006))=mul(c006,mul(c007,c005)))).
%%%%%
%cnf(i_0_12019, plain, (mul(inv(c006),mul(c003,mul(c005,c006)))=mul(c003,c005))).
%
%cnf(i_0_12020, plain, (mul(inv(c006),mul(c004,mul(c005,c006)))=mul(c004,c005))).
%
%cnf(i_0_1023, plain, (mul(inv(mul(c003,mul(c001,X1))),c001)=inv(mul(c004,mul(c003,X1))))).
%
%cnf(i_0_12097, plain, (mul(inv(c006),mul(c005,mul(c006,X1)))=mul(c005,X1))).
%
%cnf(i_0_12102, plain, (mul(c005,mul(c006,mul(inv(c005),X1)))=mul(c006,X1))).
%%%
%cnf(i_0_12140, plain, (mul(c006,mul(c007,mul(c005,inv(c006))))=mul(c007,c005))).
%%%%
%cnf(i_0_12318, plain, (mul(c005,mul(c006,mul(c006,inv(c005))))=mul(c006,c006))).
%
%cnf(i_0_12343, plain, (mul(c003,mul(c005,mul(c006,inv(mul(c003,c005)))))=c006)).
%
%cnf(i_0_1179, plain, (mul(inv(mul(c002,c001)),mul(c001,X1))=mul(inv(mul(c002,c003)),X1))).
%
%cnf(i_0_12358, plain, (mul(c004,mul(c005,mul(c006,inv(mul(c004,c005)))))=c006)).
%%
%cnf(i_0_12445, plain, (mul(inv(c006),mul(c005,mul(c005,c006)))=mul(c005,c005))).
%
%cnf(i_0_12446, plain, (mul(inv(c006),mul(c005,mul(c004,c006)))=mul(c005,c004))).
%
%cnf(i_0_12448, plain, (mul(inv(c006),mul(c005,mul(c001,c006)))=mul(c005,c001))).
%
%cnf(i_0_12449, plain, (mul(inv(c006),mul(c005,mul(c002,c006)))=mul(c005,c002))).
%%
%cnf(i_0_12637, plain, (mul(c005,mul(c005,mul(c006,inv(mul(c005,c005)))))=c006)).
%
%cnf(i_0_12652, plain, (mul(c005,mul(c004,mul(c006,inv(mul(c005,c004)))))=c006)).
%
%cnf(i_0_7421, plain, (mul(inv(mul(c003,mul(c003,c005))),c005)=inv(mul(c003,c003)))).
%
%cnf(i_0_1188, plain, (mul(inv(mul(c002,mul(c001,X1))),c001)=inv(mul(c002,mul(c003,X1))))).
%
%cnf(i_0_7527, plain, (mul(inv(mul(c004,mul(c004,c003))),c003)=inv(mul(c004,c004)))).
%
%cnf(i_0_7532, plain, (mul(inv(mul(c004,c005)),c003)=mul(c003,inv(mul(c004,c005))))).
%
%cnf(i_0_7644, plain, (mul(c001,mul(c004,inv(c002)))=mul(c003,mul(inv(c002),c001)))).
%%%
%cnf(i_0_7986, plain, (mul(c001,mul(c002,inv(c004)))=mul(c002,mul(inv(c003),c001)))).
%%%
%cnf(i_0_8168, plain, (mul(inv(mul(c002,c002)),c008)=mul(c008,inv(mul(c002,c002))))).
%%
%cnf(i_0_1190, plain, (mul(inv(mul(c005,c002)),mul(c002,X1))=mul(inv(mul(c005,c008)),X1))).
%%%%%%%%%
%cnf(i_0_8295, plain, (mul(inv(mul(c002,c002)),c007)=mul(c007,inv(mul(c002,c002))))).
%%
%cnf(i_0_1199, plain, (mul(inv(mul(c005,mul(c002,X1))),c002)=inv(mul(c005,mul(c008,X1))))).
%%%%%%%%%%
%cnf(i_0_8456, plain, (mul(inv(mul(c001,c001)),c006)=mul(c006,inv(mul(c001,c001))))).
%
%cnf(i_0_1201, plain, (mul(inv(mul(c004,c002)),mul(c002,X1))=mul(inv(mul(c004,c007)),X1))).
%
%cnf(i_0_8457, plain, (mul(inv(mul(c001,c002)),c006)=mul(c006,inv(mul(c001,c002))))).
%%%
%cnf(i_0_8476, plain, (mul(c003,mul(c002,inv(mul(c001,c005))))=mul(inv(c001),c002))).
%%%
%cnf(i_0_8546, plain, (mul(c003,mul(c008,mul(inv(c005),mul(c002,inv(c003)))))=c002)).
%%%
%cnf(i_0_8587, plain, (mul(inv(mul(c002,c001)),c006)=mul(c006,inv(mul(c002,c001))))).
%
%cnf(i_0_1210, plain, (mul(inv(mul(c004,mul(c002,X1))),c002)=inv(mul(c004,mul(c007,X1))))).
%
%cnf(i_0_8588, plain, (mul(inv(mul(c002,c002)),c006)=mul(c006,inv(mul(c002,c002))))).
%%%%%%%%%
%cnf(i_0_8698, plain, (mul(inv(mul(c003,c003)),c005)=mul(c005,inv(mul(c003,c003))))).
%
%cnf(i_0_1212, plain, (mul(inv(mul(c003,c002)),mul(c002,X1))=mul(inv(mul(c003,c005)),X1))).
%%%%%%
%cnf(i_0_8801, plain, (mul(inv(mul(c003,c003)),c004)=mul(c004,inv(mul(c003,c003))))).
%%%%%
%cnf(i_0_1221, plain, (mul(inv(mul(c003,mul(c002,X1))),c002)=inv(mul(c003,mul(c005,X1))))).
%%
%cnf(i_0_8983, plain, (mul(c003,mul(inv(c005),c002))=mul(c002,mul(inv(c008),c003)))).
%%%
%cnf(i_0_9057, plain, (mul(inv(mul(c005,c005)),c003)=mul(c003,inv(mul(c005,c005))))).
%%%%%
%cnf(i_0_9105, plain, (mul(inv(mul(c004,c004)),c003)=mul(c003,inv(mul(c004,c004))))).
%%%
%cnf(i_0_9135, plain, (mul(inv(mul(c006,c006)),c001)=mul(c001,inv(mul(c006,c006))))).
%%
%cnf(i_0_9171, plain, (mul(inv(mul(c008,c008)),c002)=mul(c002,inv(mul(c008,c008))))).
%
%cnf(i_0_9172, plain, (mul(inv(mul(c008,c007)),c002)=mul(c002,inv(mul(c008,c007))))).
%
%cnf(i_0_9174, plain, (mul(inv(mul(c008,c006)),c002)=mul(c002,inv(mul(c008,c006))))).
%%%%%
%cnf(i_0_1251, plain, (mul(c001,mul(inv(mul(c002,c003)),X1))=mul(inv(c002),mul(c001,X1)))).
%%%%%
%cnf(i_0_9243, plain, (mul(inv(mul(c007,c008)),c002)=mul(c002,inv(mul(c007,c008))))).
%
%cnf(i_0_9244, plain, (mul(inv(mul(c007,c007)),c002)=mul(c002,inv(mul(c007,c007))))).
%
%cnf(i_0_9246, plain, (mul(inv(mul(c006,c007)),c002)=mul(c002,inv(mul(c006,c007))))).
%%%%
%cnf(i_0_1259, plain, (mul(c001,mul(c006,inv(mul(c002,c003))))=mul(c006,mul(inv(c002),c001)))).
%
%cnf(i_0_13831, plain, (mul(c002,mul(c003,mul(c006,inv(mul(c002,c003)))))=c006)).
%
%cnf(i_0_9283, plain, (mul(inv(mul(c006,c008)),c002)=mul(c002,inv(mul(c006,c008))))).
%%
%cnf(i_0_9286, plain, (mul(inv(mul(c006,c006)),c002)=mul(c002,inv(mul(c006,c006))))).
%%%%
%cnf(i_0_9384, plain, (mul(inv(mul(c003,c001)),mul(c004,c001))=mul(c006,inv(c003)))).
%
%cnf(i_0_9461, plain, (mul(inv(mul(c004,c001)),mul(c003,c001))=mul(c003,inv(c006)))).
%%
%cnf(i_0_1260, plain, (mul(c001,mul(inv(mul(c004,c003)),X1))=mul(inv(c003),mul(c001,X1)))).
%%%%
%cnf(i_0_9677, plain, (mul(inv(mul(c003,c006)),mul(c006,X1))=mul(inv(c003),X1))).
%
%cnf(i_0_9679, plain, (mul(c003,mul(inv(mul(c003,c006)),X1))=mul(inv(c006),X1))).
%
%cnf(i_0_9680, plain, (mul(inv(mul(c006,X1)),mul(c003,c006))=mul(inv(X1),c003))).
%
%cnf(i_0_9681, plain, (mul(c003,inv(mul(X1,mul(c003,c006))))=inv(mul(X1,c006)))).
%
%cnf(i_0_9682, plain, (mul(c003,mul(c005,inv(mul(c003,c006))))=mul(c005,inv(c006)))).
%
%cnf(i_0_9684, plain, (mul(inv(mul(c002,c006)),mul(c003,c006))=mul(inv(c002),c003))).
%
%cnf(i_0_9685, plain, (mul(inv(mul(c001,c006)),mul(c003,c006))=mul(inv(c001),c003))).
%
%cnf(i_0_1268, plain, (mul(c001,mul(c006,inv(mul(c004,c003))))=mul(c006,mul(inv(c003),c001)))).
%
%cnf(i_0_9686, plain, (mul(inv(mul(c002,mul(c003,c006))),c006)=inv(mul(c002,c003)))).
%
%cnf(i_0_9687, plain, (mul(inv(c001),mul(c003,c006))=mul(c006,mul(inv(c001),c003)))).
%
%cnf(i_0_9688, plain, (mul(inv(c002),mul(c003,c006))=mul(c006,mul(inv(c002),c003)))).
%
%cnf(i_0_9689, plain, (mul(inv(mul(c001,mul(c003,c006))),c006)=inv(mul(c001,c003)))).
%
%cnf(i_0_14279, plain, (mul(c001,mul(c003,mul(c006,inv(mul(c001,c003)))))=c006)).
%%
%cnf(i_0_9690, plain, (mul(inv(mul(c003,c006)),mul(c001,c006))=mul(inv(c003),c001))).
%
%cnf(i_0_9691, plain, (mul(inv(mul(c003,c006)),mul(c002,c006))=mul(inv(c003),c002))).
%
%cnf(i_0_9720, plain, (mul(c003,mul(c006,inv(mul(X1,c003))))=mul(c006,inv(X1)))).
%%
%cnf(i_0_1269, plain, (mul(c002,mul(inv(mul(c003,c005)),X1))=mul(inv(c003),mul(c002,X1)))).
%
%cnf(i_0_9729, plain, (mul(inv(c006),mul(c003,X1))=mul(c003,mul(inv(c006),X1)))).
%
%cnf(i_0_9742, plain, (mul(inv(mul(c004,c006)),c003)=mul(c003,inv(mul(c004,c006))))).
%
%cnf(i_0_9744, plain, (mul(inv(c006),mul(c004,c003))=mul(c004,mul(c003,inv(c006))))).
%%%%%%
%cnf(i_0_9768, plain, (mul(inv(mul(c003,mul(c006,X1))),c006)=inv(mul(c003,X1)))).
%
%cnf(i_0_9850, plain, (mul(inv(mul(c003,c002)),mul(c005,c002))=mul(inv(c003),c008))).
%
%cnf(i_0_1277, plain, (mul(c002,mul(c008,inv(mul(c003,c005))))=mul(c008,mul(inv(c003),c002)))).
%
%cnf(i_0_14589, plain, (mul(c003,mul(c002,mul(inv(c003),c008)))=mul(c005,c002))).
%%%%%%%
%cnf(i_0_9876, plain, (mul(c003,inv(mul(c003,mul(c005,c006))))=inv(mul(c005,c006)))).
%%%
%cnf(i_0_1278, plain, (mul(c002,mul(c007,inv(mul(c003,c005))))=mul(c007,mul(inv(c003),c002)))).
%%
%cnf(i_0_9882, plain, (mul(inv(c003),mul(c006,X1))=mul(c006,mul(inv(c003),X1)))).
%%%%%%%%
%cnf(i_0_10014, plain, (mul(c003,mul(c006,inv(mul(c003,c005))))=mul(c006,inv(c005)))).
%
%cnf(i_0_1279, plain, (mul(c002,mul(c006,inv(mul(c003,c005))))=mul(c006,mul(inv(c003),c002)))).
%
%cnf(i_0_10037, plain, (mul(inv(mul(c004,mul(c001,c003))),c003)=inv(mul(c001,c006)))).
%
%cnf(i_0_14803, plain, (mul(c004,mul(c001,mul(c003,inv(mul(c001,c006)))))=c003)).
%%
%cnf(i_0_14828, plain, (mul(c004,mul(c001,mul(c003,inv(c001))))=mul(c003,c006))).
%
%cnf(i_0_10039, plain, (mul(c001,mul(c006,inv(mul(c004,mul(c001,c003)))))=inv(c003))).
%
%cnf(i_0_10043, plain, (mul(c006,inv(mul(c004,mul(c001,c003))))=inv(mul(c003,c001)))).
%
%cnf(i_0_10044, plain, (mul(c001,inv(mul(c004,mul(c001,c003))))=inv(mul(c003,c006)))).
%
%cnf(i_0_10072, plain, (mul(inv(c006),mul(c004,X1))=mul(c004,mul(inv(c006),X1)))).
%%%
%cnf(i_0_1280, plain, (mul(c001,mul(inv(mul(c004,c006)),X1))=mul(inv(c004),mul(c001,X1)))).
%
%cnf(i_0_10082, plain, (mul(inv(c004),mul(c006,X1))=mul(c006,mul(inv(c004),X1)))).
%
%cnf(i_0_10085, plain, (mul(c004,mul(inv(mul(c004,c006)),X1))=mul(inv(c006),X1))).
%%%
%cnf(i_0_10184, plain, (mul(inv(mul(c005,c002)),mul(c003,c002))=mul(inv(c008),c003))).
%%%
%cnf(i_0_10212, plain, (mul(c004,mul(c006,inv(mul(X1,c004))))=mul(c006,inv(X1)))).
%%%
%cnf(i_0_1289, plain, (mul(c002,mul(inv(mul(c004,c007)),X1))=mul(inv(c004),mul(c002,X1)))).
%%%%%%%%
%cnf(i_0_10240, plain, (mul(inv(mul(c004,c006)),mul(c006,X1))=mul(inv(c004),X1))).
%%
%cnf(i_0_10243, plain, (mul(inv(mul(c006,X1)),mul(c004,c006))=mul(inv(X1),c004))).
%
%cnf(i_0_1297, plain, (mul(c002,mul(c008,inv(mul(c004,c007))))=mul(c008,mul(inv(c004),c002)))).
%
%cnf(i_0_10244, plain, (mul(c004,inv(mul(X1,mul(c004,c006))))=inv(mul(X1,c006)))).
%
%cnf(i_0_10245, plain, (mul(c004,mul(c003,inv(mul(c004,c006))))=mul(c003,inv(c006)))).
%
%cnf(i_0_10246, plain, (mul(c001,mul(c004,mul(c004,c006)))=mul(c004,mul(c001,c004)))).
%
%cnf(i_0_10247, plain, (mul(inv(mul(c002,c006)),mul(c004,c006))=mul(inv(c002),c004))).
%
%cnf(i_0_10248, plain, (mul(inv(mul(c001,c006)),mul(c004,c006))=mul(inv(c001),c004))).
%
%cnf(i_0_10249, plain, (mul(inv(mul(c002,mul(c004,c006))),c006)=inv(mul(c002,c004)))).
%
%cnf(i_0_10250, plain, (mul(inv(c001),mul(c004,c006))=mul(c006,mul(inv(c001),c004)))).
%
%cnf(i_0_10251, plain, (mul(inv(c002),mul(c004,c006))=mul(c006,mul(inv(c002),c004)))).
%
%cnf(i_0_10253, plain, (mul(inv(mul(c004,c006)),mul(c001,c006))=mul(inv(c004),c001))).
%
%cnf(i_0_10254, plain, (mul(inv(mul(c004,c006)),mul(c002,c006))=mul(inv(c004),c002))).
%
%cnf(i_0_1299, plain, (mul(c002,mul(c006,inv(mul(c004,c007))))=mul(c006,mul(inv(c004),c002)))).
%%%%%%
%cnf(i_0_10280, plain, (mul(c004,inv(mul(c004,mul(c003,c006))))=inv(mul(c003,c006)))).
%%%%
%cnf(i_0_10291, plain, (mul(inv(mul(c004,mul(c006,X1))),c006)=inv(mul(c004,X1)))).
%
%cnf(i_0_1300, plain, (mul(c002,mul(inv(mul(c005,c008)),X1))=mul(inv(c005),mul(c002,X1)))).
%%%%%%
%cnf(i_0_10460, plain, (mul(c004,mul(c006,inv(mul(c004,c003))))=mul(c006,inv(c003)))).
%%%
%cnf(i_0_10672, plain, (mul(inv(mul(c005,c006)),c003)=mul(c003,inv(mul(c005,c006))))).
%
%cnf(i_0_10692, plain, (mul(c001,mul(c006,inv(c003)))=mul(c004,mul(inv(c003),c001)))).
%
%cnf(i_0_1309, plain, (mul(c002,mul(c007,inv(mul(c005,c008))))=mul(c007,mul(inv(c005),c002)))).
%
%cnf(i_0_10730, plain, (mul(c002,mul(c005,mul(c001,c004)))=mul(c003,mul(c001,c002)))).
%%
%cnf(i_0_10734, plain, (mul(inv(mul(c006,c006)),c003)=mul(c003,inv(mul(c006,c006))))).
%%%
%cnf(i_0_10816, plain, (mul(inv(mul(c003,c006)),c004)=mul(c004,inv(mul(c003,c006))))).
%
%cnf(i_0_10931, plain, (mul(c001,mul(c003,inv(c006)))=mul(c003,mul(inv(c004),c001)))).
%%
%cnf(i_0_10945, plain, (mul(inv(mul(c006,c006)),c004)=mul(c004,inv(mul(c006,c006))))).
%
%cnf(i_0_11036, plain, (mul(c001,mul(inv(mul(c001,c003)),c006))=mul(c004,inv(c003)))).
%
%cnf(i_0_1310, plain, (mul(c002,mul(c006,inv(mul(c005,c008))))=mul(c006,mul(inv(c005),c002)))).
%
%cnf(i_0_15880, plain, (mul(c005,mul(c008,mul(c006,inv(mul(c005,c008)))))=c006)).
%
%cnf(i_0_11431, plain, (mul(inv(mul(c006,c007)),mul(c007,X1))=mul(inv(c006),X1))).
%
%cnf(i_0_11434, plain, (mul(c006,mul(inv(mul(c006,c007)),X1))=mul(inv(c007),X1))).
%%
%cnf(i_0_11441, plain, (mul(inv(mul(c006,mul(c007,X1))),c007)=inv(mul(c006,X1)))).
%%%
%cnf(i_0_11450, plain, (mul(inv(mul(c007,X1)),mul(c006,c007))=mul(inv(X1),c006))).
%
%cnf(i_0_11451, plain, (mul(c006,inv(mul(X1,mul(c006,c007))))=inv(mul(X1,c007)))).
%
%cnf(i_0_11453, plain, (mul(inv(mul(c002,c007)),mul(c006,c007))=mul(c006,inv(c002)))).
%
%cnf(i_0_1311, plain, (mul(c006,mul(inv(mul(c004,c001)),X1))=mul(inv(mul(c001,c004)),X1))).
%%
%cnf(i_0_11455, plain, (mul(inv(mul(c002,mul(c006,c007))),c007)=inv(mul(c002,c006)))).
%
%cnf(i_0_16194, plain, (mul(c002,mul(c006,mul(c007,inv(mul(c002,c006)))))=c007)).
%%
%cnf(i_0_11456, plain, (mul(inv(mul(c006,c007)),mul(c002,c007))=mul(c002,inv(c006)))).
%
%cnf(i_0_11461, plain, (mul(inv(c007),mul(c006,X1))=mul(c006,mul(inv(c007),X1)))).
%
%cnf(i_0_11469, plain, (mul(inv(mul(c002,c006)),c007)=mul(c007,inv(mul(c002,c006))))).
%
%cnf(i_0_11471, plain, (mul(inv(mul(c002,c007)),c006)=mul(c006,inv(mul(c002,c007))))).
%
%cnf(i_0_11473, plain, (mul(c006,mul(c007,inv(mul(c002,c006))))=mul(c007,inv(c002)))).
%
%cnf(i_0_11474, plain, (mul(inv(mul(c001,c007)),c006)=mul(c006,inv(mul(c001,c007))))).
%
%cnf(i_0_1319, plain, (mul(inv(c004),mul(c001,mul(c004,X1)))=mul(c001,mul(inv(c006),X1)))).
%
%cnf(i_0_11475, plain, (mul(inv(c007),mul(c001,c006))=mul(c006,mul(inv(c007),c001)))).
%%%%%
%cnf(i_0_11539, plain, (mul(c006,mul(c007,inv(mul(X1,c006))))=mul(c007,inv(X1)))).
%%%
%cnf(i_0_11544, plain, (mul(c006,inv(mul(c006,mul(c007,c001))))=inv(mul(c007,c001)))).
%%
%cnf(i_0_1329, plain, (mul(inv(mul(c004,X1)),mul(c001,c004))=mul(inv(mul(c006,X1)),c001))).
%%
%cnf(i_0_11551, plain, (mul(inv(c006),mul(c007,X1))=mul(c007,mul(inv(c006),X1)))).
%%%%%%%%%
%cnf(i_0_1359, plain, (mul(inv(mul(c001,c004)),mul(c004,X1))=mul(c006,mul(inv(c001),X1)))).
%%%%
%cnf(i_0_11660, plain, (mul(c004,mul(c006,inv(mul(c006,mul(c007,c004)))))=inv(c007))).
%
%cnf(i_0_11664, plain, (mul(c006,inv(mul(c006,mul(c007,c004))))=inv(mul(c007,c004)))).
%%
%cnf(i_0_11674, plain, (mul(c003,mul(c006,inv(mul(c006,mul(c007,c003)))))=inv(c007))).
%
%cnf(i_0_11678, plain, (mul(c006,inv(mul(c006,mul(c007,c003))))=inv(mul(c007,c003)))).
%%%
%cnf(i_0_1368, plain, (mul(inv(mul(c001,mul(c004,X1))),c004)=mul(inv(mul(c001,X1)),c006))).
%
%cnf(i_0_16828, plain, (mul(c001,mul(c003,mul(inv(c001),c004)))=mul(c003,c006))).
%%
%cnf(i_0_11825, plain, (mul(inv(mul(c007,c007)),c006)=mul(c006,inv(mul(c007,c007))))).
%%
%cnf(i_0_11868, plain, (mul(inv(mul(c007,c004)),c006)=mul(c006,inv(mul(c007,c004))))).
%%
%cnf(i_0_11890, plain, (mul(inv(mul(c007,c003)),c006)=mul(c006,inv(mul(c007,c003))))).
%%
%cnf(i_0_11912, plain, (mul(inv(mul(c007,c001)),c006)=mul(c006,inv(mul(c007,c001))))).
%%
%cnf(i_0_1370, plain, (mul(c003,mul(inv(mul(c003,c001)),X1))=mul(inv(mul(c001,c004)),X1))).
%%%%
%cnf(i_0_12005, plain, (mul(inv(mul(c005,c006)),mul(c006,X1))=mul(inv(c005),X1))).
%
%cnf(i_0_12007, plain, (mul(c005,mul(inv(mul(c005,c006)),X1))=mul(inv(c006),X1))).
%
%cnf(i_0_12008, plain, (mul(inv(mul(c006,X1)),mul(c005,c006))=mul(inv(X1),c005))).
%
%cnf(i_0_12009, plain, (mul(c005,inv(mul(X1,mul(c005,c006))))=inv(mul(X1,c006)))).
%
%cnf(i_0_12010, plain, (mul(c001,mul(c004,mul(c005,c006)))=mul(c004,mul(c001,c005)))).
%
%cnf(i_0_12011, plain, (mul(inv(mul(c002,c006)),mul(c005,c006))=mul(inv(c002),c005))).
%
%cnf(i_0_12012, plain, (mul(inv(mul(c001,c006)),mul(c005,c006))=mul(inv(c001),c005))).
%
%cnf(i_0_1378, plain, (mul(c003,mul(c005,inv(mul(c003,c001))))=mul(c005,inv(mul(c001,c004))))).
%
%cnf(i_0_12013, plain, (mul(inv(mul(c002,mul(c005,c006))),c006)=inv(mul(c002,c005)))).
%
%cnf(i_0_17263, plain, (mul(c002,mul(c005,mul(c006,inv(mul(c002,c005)))))=c006)).
%%
%cnf(i_0_12014, plain, (mul(inv(c001),mul(c005,c006))=mul(c006,mul(inv(c001),c005)))).
%
%cnf(i_0_12015, plain, (mul(inv(c002),mul(c005,c006))=mul(c006,mul(inv(c002),c005)))).
%
%cnf(i_0_12016, plain, (mul(inv(mul(c001,mul(c005,c006))),c006)=inv(mul(c001,c005)))).
%
%cnf(i_0_17336, plain, (mul(c001,mul(c005,mul(c006,inv(mul(c001,c005)))))=c006)).
%%
%cnf(i_0_12017, plain, (mul(inv(mul(c005,c006)),mul(c001,c006))=mul(inv(c005),c001))).
%
%cnf(i_0_12018, plain, (mul(inv(mul(c005,c006)),mul(c002,c006))=mul(inv(c005),c002))).
%
%cnf(i_0_1379, plain, (mul(inv(c003),mul(c001,mul(c004,X1)))=mul(c001,mul(inv(c003),X1)))).
%%
%cnf(i_0_12104, plain, (mul(c005,mul(c006,inv(mul(X1,c005))))=mul(c006,inv(X1)))).
%%%
%cnf(i_0_12115, plain, (mul(inv(c006),mul(c005,X1))=mul(c005,mul(inv(c006),X1)))).
%
%cnf(i_0_12125, plain, (mul(inv(mul(c003,c006)),c005)=mul(c005,inv(mul(c003,c006))))).
%%%%%
%cnf(i_0_1389, plain, (mul(inv(X1),mul(c001,inv(c003)))=mul(inv(mul(c003,X1)),mul(c001,c004)))).
%%%
%cnf(i_0_12151, plain, (mul(inv(mul(c005,mul(c006,X1))),c006)=inv(mul(c005,X1)))).
%%%%%%%
%cnf(i_0_12222, plain, (mul(inv(c005),mul(c006,X1))=mul(c006,mul(inv(c005),X1)))).
%
%cnf(i_0_1399, plain, (mul(inv(mul(c001,c004)),mul(c003,X1))=mul(c003,mul(inv(c001),X1)))).
%%%%
%cnf(i_0_488, plain, (mul(c002,mul(c005,mul(c006,c008)))=mul(c005,mul(c002,c006)))).
%
%cnf(i_0_17824, plain, (mul(inv(c008),mul(c006,c008))=c006)).
%
%cnf(i_0_17826, plain, (mul(c008,c006)=mul(c006,c008))).
%%
%cnf(i_0_17829, plain, (mul(c006,mul(c008,inv(c006)))=c008)).
%
%cnf(i_0_17816, plain, (mul(inv(mul(c006,c008)),c008)=inv(c006))).
%%
%cnf(i_0_1408, plain, (mul(inv(X1),mul(c003,inv(c001)))=mul(inv(mul(c001,mul(c004,X1))),c003))).
%
%cnf(i_0_17833, plain, (mul(inv(c006),c008)=mul(c008,inv(c006)))).
%
%cnf(i_0_17969, plain, (mul(c008,mul(c006,inv(c008)))=c006)).
%%%
%cnf(i_0_17843, plain, (mul(c006,inv(mul(c006,c008)))=inv(c008))).
%%
%cnf(i_0_17857, plain, (mul(inv(c008),c006)=mul(c006,inv(c008)))).
%%%%
%cnf(i_0_1410, plain, (mul(c003,mul(inv(mul(c002,c001)),X1))=mul(inv(mul(c001,c002)),X1))).
%%%%%%
%cnf(i_0_17839, plain, (mul(c008,mul(c006,X1))=mul(c006,mul(c008,X1)))).
%%%
%cnf(i_0_18011, plain, (mul(c008,mul(c001,c006))=mul(c006,mul(c008,c001)))).
%
%cnf(i_0_18013, plain, (mul(c008,mul(c003,c006))=mul(c006,mul(c008,c003)))).
%
%cnf(i_0_1418, plain, (mul(c003,mul(c005,inv(mul(c002,c001))))=mul(c005,inv(mul(c001,c002))))).
%
%cnf(i_0_18019, plain, (mul(c008,mul(c004,c006))=mul(c006,mul(c008,c004)))).
%
%cnf(i_0_18024, plain, (mul(c008,mul(c005,c006))=mul(c006,mul(c008,c005)))).
%%%%%
%cnf(i_0_17825, plain, (mul(inv(c008),mul(c006,mul(c008,X1)))=mul(c006,X1))).
%
%cnf(i_0_17830, plain, (mul(c006,mul(c008,mul(inv(c006),X1)))=mul(c008,X1))).
%%%
%cnf(i_0_1419, plain, (mul(inv(c002),mul(c001,mul(c002,X1)))=mul(c001,mul(inv(c003),X1)))).
%
%cnf(i_0_17882, plain, (mul(c006,mul(c007,mul(c008,inv(c006))))=mul(c007,c008))).
%%%%%%%
%cnf(i_0_18132, plain, (mul(c006,mul(c008,mul(c008,inv(c006))))=mul(c008,c008))).
%
%cnf(i_0_18133, plain, (mul(c006,mul(c008,mul(c007,inv(c006))))=mul(c008,c007))).
%%
%cnf(i_0_1429, plain, (mul(inv(mul(c003,X1)),mul(c001,c004))=mul(inv(mul(c002,X1)),mul(c001,c002)))).
%%%%%
%cnf(i_0_18253, plain, (mul(inv(c008),mul(c006,mul(c006,c008)))=mul(c006,c006))).
%%%
%cnf(i_0_18306, plain, (mul(c006,mul(c008,mul(c005,inv(c006))))=mul(c008,c005))).
%
%cnf(i_0_18307, plain, (mul(c006,mul(c008,mul(c004,inv(c006))))=mul(c008,c004))).
%
%cnf(i_0_18308, plain, (mul(c006,mul(c008,mul(c003,inv(c006))))=mul(c008,c003))).
%
%cnf(i_0_1439, plain, (mul(inv(mul(c001,c002)),mul(c002,X1))=mul(c003,mul(inv(c001),X1)))).
%
%cnf(i_0_18309, plain, (mul(c006,mul(c008,mul(c001,inv(c006))))=mul(c008,c001))).
%
%cnf(i_0_18623, plain, (mul(c006,mul(c006,mul(c008,inv(mul(c006,c006)))))=c008)).
%%%%
%cnf(i_0_12328, plain, (mul(c005,mul(c006,inv(mul(c006,mul(c007,c005)))))=inv(c007))).
%
%cnf(i_0_12332, plain, (mul(c006,inv(mul(c006,mul(c007,c005))))=inv(mul(c007,c005)))).
%
%cnf(i_0_12393, plain, (mul(c004,mul(inv(mul(c003,c006)),c001))=mul(c001,inv(c003)))).
%%%
%cnf(i_0_1448, plain, (mul(inv(mul(c001,mul(c004,X1))),c003)=mul(inv(mul(c001,mul(c002,X1))),c002))).
%%
%cnf(i_0_12512, plain, (mul(inv(mul(c007,c005)),c006)=mul(c006,inv(mul(c007,c005))))).
%%
%cnf(i_0_12535, plain, (mul(inv(mul(c006,c006)),c005)=mul(c005,inv(mul(c006,c006))))).
%%%
%cnf(i_0_13534, plain, (mul(c005,mul(inv(mul(c003,c008)),c002))=mul(c002,inv(c003)))).
%
%cnf(i_0_13608, plain, (mul(inv(mul(c002,c003)),mul(c008,c003))=mul(inv(c002),c005))).
%
%cnf(i_0_19097, plain, (mul(c008,c003)=mul(c003,c008))).
%
%cnf(i_0_19112, plain, (mul(inv(c008),mul(c003,c008))=c003)).
%
%cnf(i_0_1450, plain, (mul(c008,mul(inv(mul(c005,c002)),X1))=mul(inv(mul(c002,c005)),X1))).
%
%cnf(i_0_19131, plain, (mul(c003,mul(c008,inv(c003)))=c008)).
%
%cnf(i_0_19113, plain, (mul(inv(mul(c003,c008)),c008)=inv(c003))).
%
%cnf(i_0_19115, plain, (mul(c003,inv(mul(c003,c008)))=inv(c008))).
%
%cnf(i_0_19135, plain, (mul(inv(c003),c008)=mul(c008,inv(c003)))).
%
%cnf(i_0_19249, plain, (mul(c008,mul(c003,inv(c008)))=c003)).
%%%
%cnf(i_0_19188, plain, (mul(inv(c008),c003)=mul(c003,inv(c008)))).
%%%
%cnf(i_0_1482, plain, (mul(inv(c005),mul(c002,mul(c005,X1)))=mul(c002,mul(inv(c008),X1)))).
%%%%
%cnf(i_0_18013, plain, (mul(c008,mul(c003,c006))=mul(c003,mul(c006,c008)))).
%
%cnf(i_0_19111, plain, (mul(c008,mul(c003,X1))=mul(c003,mul(c008,X1)))).
%
%cnf(i_0_19121, plain, (mul(c005,mul(c002,c003))=mul(c003,mul(c002,c008)))).
%
%cnf(i_0_19432, plain, (mul(c005,mul(c002,inv(c005)))=mul(c002,c008))).
%
%cnf(i_0_19458, plain, (mul(c005,mul(c008,inv(c005)))=c008)).
%
%cnf(i_0_19459, plain, (mul(c005,inv(mul(c005,c008)))=inv(c008))).
%
%cnf(i_0_19481, plain, (mul(c008,c005)=mul(c005,c008))).
%
%cnf(i_0_1492, plain, (mul(inv(mul(c005,X1)),mul(c002,c005))=mul(inv(mul(c008,X1)),c002))).
%
%cnf(i_0_19498, plain, (mul(inv(c008),mul(c005,c008))=c005)).
%
%cnf(i_0_19461, plain, (mul(inv(c005),c008)=mul(c008,inv(c005)))).
%
%cnf(i_0_19577, plain, (mul(c008,mul(c005,inv(c008)))=c005)).
%
%cnf(i_0_19462, plain, (mul(inv(c008),c005)=mul(c005,inv(c008)))).
%%%%%
%cnf(i_0_19483, plain, (mul(inv(mul(c005,c008)),c008)=inv(c005))).
%%
%cnf(i_0_1504, plain, (mul(inv(mul(c002,c005)),mul(c005,X1))=mul(c008,mul(inv(c002),X1)))).
%%%%%%%%%
%cnf(i_0_19242, plain, (mul(c008,mul(c004,c003))=mul(c003,mul(c008,c004)))).
%%
%cnf(i_0_1513, plain, (mul(inv(mul(c002,mul(c005,X1))),c005)=mul(inv(mul(c002,X1)),c008))).
%
%cnf(i_0_19431, plain, (mul(inv(c005),mul(c002,c008))=mul(c002,inv(c005)))).
%
%cnf(i_0_19742, plain, (mul(c002,mul(c008,mul(c005,inv(c002))))=c005)).
%
%cnf(i_0_19435, plain, (mul(inv(mul(c002,c008)),c005)=mul(c005,inv(c002)))).
%%%%%
%cnf(i_0_19449, plain, (mul(c005,inv(mul(c005,c002)))=inv(mul(c002,c008)))).
%%
%cnf(i_0_19482, plain, (mul(c008,mul(c005,X1))=mul(c005,mul(c008,X1)))).
%
%cnf(i_0_1515, plain, (mul(c007,mul(inv(mul(c004,c002)),X1))=mul(inv(mul(c002,c004)),X1))).
%%
%cnf(i_0_18024, plain, (mul(c008,mul(c005,c006))=mul(c005,mul(c006,c008)))).
%%
%cnf(i_0_19508, plain, (mul(inv(mul(c005,c002)),c008)=inv(mul(c002,c005)))).
%
%cnf(i_0_19936, plain, (mul(inv(c008),mul(c005,c002))=mul(c002,c005))).
%%%%%%
%cnf(i_0_1524, plain, (mul(inv(c004),mul(c002,mul(c004,X1)))=mul(c002,mul(inv(c007),X1)))).
%%%%
%cnf(i_0_19126, plain, (mul(inv(c008),mul(c003,mul(c006,c008)))=mul(c003,c006))).
%
%cnf(i_0_19127, plain, (mul(inv(c008),mul(c003,mul(c008,X1)))=mul(c003,X1))).
%
%cnf(i_0_19132, plain, (mul(c003,mul(c008,mul(inv(c003),X1)))=mul(c008,X1))).
%%
%cnf(i_0_19196, plain, (mul(c003,mul(c005,mul(c008,inv(c003))))=mul(c005,c008))).
%
%cnf(i_0_19207, plain, (mul(c003,mul(c006,mul(c008,inv(c003))))=mul(c006,c008))).
%%
%cnf(i_0_1534, plain, (mul(inv(mul(c004,X1)),mul(c002,c004))=mul(inv(mul(c007,X1)),c002))).
%%%
%cnf(i_0_19261, plain, (mul(c003,mul(c002,mul(c008,inv(c003))))=mul(c005,c002))).
%%%%
%cnf(i_0_19292, plain, (mul(c005,mul(c002,mul(c003,inv(c008))))=mul(c003,c002))).
%%%
%cnf(i_0_19388, plain, (mul(c003,mul(c008,mul(c008,inv(c003))))=mul(c008,c008))).
%
%cnf(i_0_1546, plain, (mul(inv(mul(c002,c004)),mul(c004,X1))=mul(c007,mul(inv(c002),X1)))).
%%%%
%cnf(i_0_19460, plain, (mul(c005,mul(c008,mul(inv(c005),X1)))=mul(c008,X1))).
%
%cnf(i_0_19476, plain, (mul(c005,mul(c006,mul(c008,inv(c005))))=mul(c006,c008))).
%%
%cnf(i_0_19511, plain, (mul(inv(c008),mul(c005,mul(c006,c008)))=mul(c005,c006))).
%
%cnf(i_0_19559, plain, (mul(inv(c008),mul(c005,mul(c008,X1)))=mul(c005,X1))).
%%%
%cnf(i_0_1555, plain, (mul(inv(mul(c002,mul(c004,X1))),c004)=mul(inv(mul(c002,X1)),c007))).
%%%%%%%
%cnf(i_0_19850, plain, (mul(c005,mul(c008,mul(c008,inv(c005))))=mul(c008,c008))).
%%%
%cnf(i_0_20020, plain, (mul(c003,mul(c006,mul(c008,inv(mul(c003,c006)))))=c008)).
%
%cnf(i_0_1652, plain, (mul(inv(c003),mul(c002,mul(c003,X1)))=mul(c002,mul(inv(c005),X1)))).
%%
%cnf(i_0_20051, plain, (mul(inv(c008),mul(c003,mul(c005,c008)))=mul(c003,c005))).
%
%cnf(i_0_20052, plain, (mul(inv(c008),mul(c003,mul(c003,c008)))=mul(c003,c003))).
%
%cnf(i_0_20053, plain, (mul(inv(c008),mul(c003,mul(c002,c008)))=mul(c003,c002))).
%%%%
%cnf(i_0_20100, plain, (mul(c003,mul(c008,mul(c004,inv(c003))))=mul(c008,c004))).
%%%
%cnf(i_0_1662, plain, (mul(inv(X1),mul(c002,inv(c005)))=mul(inv(mul(c003,X1)),mul(c002,c003)))).
%%%
%cnf(i_0_20450, plain, (mul(c005,mul(c006,mul(c008,inv(mul(c005,c006)))))=c008)).
%
%cnf(i_0_20481, plain, (mul(inv(c008),mul(c005,mul(c005,c008)))=mul(c005,c005))).
%%
%cnf(i_0_20483, plain, (mul(inv(c008),mul(c005,mul(c002,c008)))=mul(c005,c002))).
%
%cnf(i_0_20690, plain, (mul(c003,mul(c005,mul(c008,inv(mul(c003,c005)))))=c008)).
%
%cnf(i_0_20704, plain, (mul(c003,mul(c003,mul(c008,inv(mul(c003,c003)))))=c008)).
%
%cnf(i_0_20851, plain, (mul(c005,mul(c005,mul(c008,inv(mul(c005,c005)))))=c008)).
%%
%cnf(i_0_1697, plain, (mul(inv(mul(c002,c003)),mul(c003,X1))=mul(c005,mul(inv(c002),X1)))).
%%%%%%%%%%
%cnf(i_0_14004, plain, (mul(inv(mul(c003,c006)),mul(c005,c006))=mul(c005,inv(c003)))).
%
%cnf(i_0_1706, plain, (mul(inv(X1),mul(c005,inv(c002)))=mul(inv(mul(c002,mul(c003,X1))),c003))).
%
%cnf(i_0_14005, plain, (mul(inv(mul(c003,c006)),mul(c004,c006))=mul(c004,inv(c003)))).
%%%%%%%%%%
%cnf(i_0_1708, plain, (mul(c005,mul(inv(mul(c003,c002)),X1))=mul(inv(mul(c002,c003)),X1))).
%%
%cnf(i_0_14094, plain, (mul(inv(mul(c005,c006)),mul(c003,c006))=mul(c003,inv(c005)))).
%
%cnf(i_0_14095, plain, (mul(inv(mul(c004,c006)),mul(c003,c006))=mul(c003,inv(c004)))).
%%%
%cnf(i_0_14102, plain, (mul(inv(c007),mul(c003,c006))=mul(c006,mul(inv(c007),c003)))).
%
%cnf(i_0_14140, plain, (mul(c003,inv(mul(c003,mul(c006,c006))))=inv(mul(c006,c006)))).
%%%%
%cnf(i_0_1717, plain, (mul(c002,mul(c003,mul(inv(c001),X1)))=mul(inv(c001),mul(c002,X1)))).
%%%
%cnf(i_0_14184, plain, (mul(inv(c003),mul(c002,c006))=mul(c006,mul(inv(c003),c002)))).
%%%
%cnf(i_0_14200, plain, (mul(inv(c003),mul(c001,c006))=mul(c006,mul(inv(c003),c001)))).
%%%%%
%cnf(i_0_1725, plain, (mul(c002,mul(c003,mul(c008,inv(c001))))=mul(c008,mul(inv(c001),c002)))).
%%%%%%%%%%%
%cnf(i_0_1726, plain, (mul(c002,mul(c007,mul(c003,inv(c001))))=mul(c007,mul(inv(c001),c002)))).
%
%cnf(i_0_14561, plain, (mul(inv(mul(c003,mul(c005,c006))),c006)=inv(mul(c003,c005)))).
%
%cnf(i_0_14562, plain, (mul(inv(mul(c004,mul(c003,c006))),c006)=inv(mul(c004,c003)))).
%
%cnf(i_0_14563, plain, (mul(inv(mul(c003,mul(c003,c006))),c006)=inv(mul(c003,c003)))).
%
%cnf(i_0_14564, plain, (mul(inv(mul(c004,mul(c001,c003))),c006)=inv(mul(c003,c001)))).
%
%cnf(i_0_14565, plain, (mul(inv(mul(c003,mul(c002,c006))),c006)=inv(mul(c003,c002)))).
%
%cnf(i_0_14569, plain, (mul(inv(mul(c003,c007)),c006)=mul(c006,inv(mul(c003,c007))))).
%
%cnf(i_0_14582, plain, (mul(inv(mul(c001,c003)),c006)=mul(inv(mul(c003,c001)),c004))).
%
%cnf(i_0_14632, plain, (mul(c005,mul(inv(c003),c002))=mul(c002,mul(c008,inv(c003))))).
%
%cnf(i_0_14643, plain, (mul(c003,mul(inv(c005),mul(c002,mul(c008,inv(c003)))))=c002)).
%
%cnf(i_0_14657, plain, (mul(inv(mul(c003,mul(c005,c006))),mul(c005,c006))=inv(c003))).
%
%cnf(i_0_1727, plain, (mul(c002,mul(c003,mul(c006,inv(c001))))=mul(c006,mul(inv(c001),c002)))).
%
%cnf(i_0_21578, plain, (mul(inv(mul(c005,c006)),mul(c003,mul(c005,c006)))=c003)).
%%
%cnf(i_0_14721, plain, (mul(inv(mul(c003,c001)),c004)=mul(c006,inv(mul(c001,c003))))).
%
%cnf(i_0_21630, plain, (mul(c003,mul(c001,mul(c006,inv(mul(c001,c003)))))=c004)).
%%
%cnf(i_0_14722, plain, (mul(inv(mul(c002,c003)),c006)=mul(c006,inv(mul(c002,c003))))).
%%%%%
%cnf(i_0_1728, plain, (mul(c004,mul(c003,mul(inv(c001),X1)))=mul(inv(c001),mul(c003,X1)))).
%%
%cnf(i_0_14816, plain, (mul(c001,mul(c003,inv(mul(c001,c006))))=mul(c003,inv(c004)))).
%
%cnf(i_0_14832, plain, (mul(c001,mul(c003,inv(c001)))=mul(c003,mul(c006,inv(c004))))).
%
%cnf(i_0_14874, plain, (mul(inv(mul(c004,mul(c001,c003))),mul(c003,c001))=inv(c006))).
%
%cnf(i_0_21807, plain, (mul(inv(mul(c003,c001)),mul(c004,mul(c001,c003)))=c006)).
%
%cnf(i_0_14900, plain, (mul(inv(mul(c004,mul(c001,c003))),mul(c003,c006))=inv(c001))).
%
%cnf(i_0_21837, plain, (mul(inv(mul(c003,c006)),mul(c004,mul(c001,c003)))=c001)).
%%%%
%cnf(i_0_1736, plain, (mul(c004,mul(c003,mul(c003,inv(c001))))=mul(c003,mul(inv(c001),c003)))).
%%%
%cnf(i_0_14949, plain, (mul(c004,inv(mul(c004,mul(c006,c006))))=inv(mul(c006,c006)))).
%%
%cnf(i_0_15041, plain, (mul(inv(mul(c001,c004)),c006)=mul(c006,inv(mul(c001,c004))))).
%
%cnf(i_0_15042, plain, (mul(inv(mul(c002,c004)),c006)=mul(c006,inv(mul(c002,c004))))).
%
%cnf(i_0_15049, plain, (mul(inv(c004),mul(c005,c006))=mul(c006,mul(inv(c004),c005)))).
%
%cnf(i_0_15053, plain, (mul(inv(c004),mul(c002,c006))=mul(c006,mul(inv(c004),c002)))).
%%%
%cnf(i_0_1737, plain, (mul(c003,mul(c005,mul(inv(c002),X1)))=mul(inv(c002),mul(c003,X1)))).
%%%%%%%%
%cnf(i_0_15234, plain, (mul(inv(mul(c004,c006)),mul(c005,c006))=mul(inv(c004),c005))).
%%%
%cnf(i_0_1745, plain, (mul(c003,mul(c005,mul(c005,inv(c002))))=mul(c005,mul(inv(c002),c003)))).
%%
%cnf(i_0_15277, plain, (mul(inv(mul(c005,c006)),mul(c004,c006))=mul(inv(c005),c004))).
%%%%%
%cnf(i_0_15286, plain, (mul(inv(c007),mul(c004,c006))=mul(c006,mul(inv(c007),c004)))).
%%%%
%cnf(i_0_1747, plain, (mul(c004,mul(c006,mul(inv(c001),X1)))=mul(inv(c001),mul(c004,X1)))).
%%%%%%%%%
%cnf(i_0_15544, plain, (mul(inv(mul(c004,mul(c003,c006))),mul(c003,c006))=inv(c004))).
%
%cnf(i_0_22187, plain, (mul(inv(mul(c003,c006)),mul(c004,mul(c003,c006)))=c004)).
%
%cnf(i_0_1755, plain, (mul(c004,mul(c003,mul(c006,inv(c001))))=mul(c003,mul(inv(c001),c004)))).
%
%cnf(i_0_15573, plain, (mul(inv(mul(c004,mul(c005,c006))),c006)=inv(mul(c004,c005)))).
%
%cnf(i_0_15574, plain, (mul(inv(mul(c004,mul(c004,c006))),c006)=inv(mul(c004,c004)))).
%%
%cnf(i_0_15576, plain, (mul(inv(mul(c004,mul(c001,c006))),c006)=inv(mul(c004,c001)))).
%
%cnf(i_0_15577, plain, (mul(inv(mul(c004,mul(c002,c006))),c006)=inv(mul(c004,c002)))).
%
%cnf(i_0_15582, plain, (mul(inv(mul(c004,c007)),c006)=mul(c006,inv(mul(c004,c007))))).
%%
%cnf(i_0_15696, plain, (mul(inv(mul(c004,c001)),c003)=mul(c003,inv(mul(c001,c006))))).
%%
%cnf(i_0_15711, plain, (mul(inv(mul(c004,c001)),mul(c003,c006))=mul(c003,inv(c001)))).
%
%cnf(i_0_1756, plain, (mul(c006,mul(inv(c004),mul(c001,X1)))=mul(c001,mul(inv(c004),X1)))).
%%%%%%%%%%%
%cnf(i_0_1766, plain, (mul(c004,mul(c007,mul(inv(c002),X1)))=mul(inv(c002),mul(c004,X1)))).
%%%%
%cnf(i_0_16020, plain, (mul(inv(mul(c006,mul(c006,c007))),c007)=inv(mul(c006,c006)))).
%%%%
%cnf(i_0_16100, plain, (mul(c006,inv(mul(c006,mul(c007,c007))))=inv(mul(c007,c007)))).
%%%
%cnf(i_0_1774, plain, (mul(c004,mul(c003,mul(c007,inv(c002))))=mul(c003,mul(inv(c002),c004)))).
%%%%%%%%
%cnf(i_0_16274, plain, (mul(inv(c007),mul(c005,c006))=mul(c006,mul(inv(c007),c005)))).
%%%
%cnf(i_0_1775, plain, (mul(c007,mul(inv(c004),mul(c002,X1)))=mul(c002,mul(inv(c004),X1)))).
%%%%%
%cnf(i_0_16513, plain, (mul(c006,mul(c007,mul(c001,c004)))=mul(c007,mul(c004,c001)))).
%
%cnf(i_0_16523, plain, (mul(inv(mul(c006,mul(c007,c001))),mul(c007,c001))=inv(c006))).
%
%cnf(i_0_22740, plain, (mul(inv(mul(c007,c001)),mul(c006,mul(c007,c001)))=c006)).
%%%%
%cnf(i_0_1812, plain, (mul(c005,mul(c008,mul(inv(c002),X1)))=mul(inv(c002),mul(c005,X1)))).
%%%
%cnf(i_0_16728, plain, (mul(inv(mul(c006,mul(c007,c004))),mul(c007,c004))=inv(c006))).
%
%cnf(i_0_22837, plain, (mul(inv(mul(c007,c004)),mul(c006,mul(c007,c004)))=c006)).
%
%cnf(i_0_16780, plain, (mul(inv(mul(c006,mul(c007,c003))),mul(c007,c003))=inv(c006))).
%
%cnf(i_0_22865, plain, (mul(inv(mul(c007,c003)),mul(c006,mul(c007,c003)))=c006)).
%
%cnf(i_0_16827, plain, (mul(c006,mul(inv(c001),c003))=mul(c003,mul(inv(c001),c004)))).
%%%
%cnf(i_0_16887, plain, (mul(inv(mul(c003,c006)),mul(c004,c001))=mul(c001,inv(c003)))).
%
%cnf(i_0_1821, plain, (mul(c008,mul(inv(c005),mul(c002,X1)))=mul(c002,mul(inv(c005),X1)))).
%%%%%%%%%%%%%%%%%%%%%%%%%%
%cnf(i_0_17170, plain, (mul(c005,inv(mul(c005,mul(c006,c006))))=inv(mul(c006,c006)))).
%%%
%cnf(i_0_17215, plain, (mul(inv(c005),mul(c002,c006))=mul(c006,mul(inv(c005),c002)))).
%%%
%cnf(i_0_17231, plain, (mul(inv(c005),mul(c001,c006))=mul(c006,mul(inv(c005),c001)))).
%%%%%%%%%
%cnf(i_0_17463, plain, (mul(c001,inv(mul(c001,c003)))=mul(c004,inv(mul(c003,c006))))).
%%%%
%cnf(i_0_17642, plain, (mul(inv(mul(c005,mul(c005,c006))),c006)=inv(mul(c005,c005)))).
%
%cnf(i_0_17643, plain, (mul(inv(mul(c005,mul(c004,c006))),c006)=inv(mul(c005,c004)))).
%%
%cnf(i_0_17645, plain, (mul(inv(mul(c005,mul(c001,c006))),c006)=inv(mul(c005,c001)))).
%
%cnf(i_0_17646, plain, (mul(inv(mul(c005,mul(c002,c006))),c006)=inv(mul(c005,c002)))).
%
%cnf(i_0_17655, plain, (mul(inv(mul(c005,c007)),c006)=mul(c006,inv(mul(c005,c007))))).
%
%cnf(i_0_17693, plain, (mul(inv(mul(c001,c005)),c006)=mul(c006,inv(mul(c001,c005))))).
%
%cnf(i_0_17694, plain, (mul(inv(mul(c002,c005)),c006)=mul(c006,inv(mul(c002,c005))))).
%
%cnf(i_0_17702, plain, (mul(inv(c005),mul(c004,c006))=mul(c006,mul(inv(c005),c004)))).
%%
%cnf(i_0_1839, plain, (mul(c002,mul(c001,inv(mul(X1,c003))))=mul(c001,mul(c002,inv(X1))))).
%%%%%%%
%cnf(i_0_17832, plain, (mul(c006,mul(c008,inv(mul(X1,c006))))=mul(c008,inv(X1)))).
%
%cnf(i_0_17836, plain, (mul(inv(mul(c008,X1)),mul(c006,c008))=mul(inv(X1),c006))).
%
%cnf(i_0_17842, plain, (mul(inv(mul(c006,c008)),mul(c008,X1))=mul(inv(c006),X1))).
%
%cnf(i_0_23483, plain, (mul(inv(mul(c006,c008)),mul(c005,mul(c006,c008)))=c005)).
%%
%cnf(i_0_17844, plain, (mul(c006,mul(inv(mul(c006,c008)),X1))=mul(inv(c008),X1))).
%%
%cnf(i_0_17846, plain, (mul(c006,inv(mul(X1,mul(c006,c008))))=inv(mul(X1,c008)))).
%
%cnf(i_0_17847, plain, (mul(c006,mul(c007,inv(mul(c006,c008))))=mul(c007,inv(c008)))).
%%
%cnf(i_0_17850, plain, (mul(inv(mul(c002,mul(c006,c008))),c008)=inv(mul(c002,c006)))).
%
%cnf(i_0_17851, plain, (mul(inv(mul(c002,c008)),mul(c006,c008))=mul(c006,inv(c002)))).
%
%cnf(i_0_17852, plain, (mul(inv(mul(c006,c008)),mul(c002,c008))=mul(c002,inv(c006)))).
%
%cnf(i_0_17858, plain, (mul(inv(c008),mul(c006,X1))=mul(c006,mul(inv(c008),X1)))).
%
%cnf(i_0_17866, plain, (mul(inv(mul(c002,c006)),c008)=mul(c008,inv(mul(c002,c006))))).
%
%cnf(i_0_1845, plain, (mul(c002,mul(c001,inv(mul(c003,c005))))=mul(c001,mul(c002,inv(c005))))).
%
%cnf(i_0_17868, plain, (mul(inv(mul(c002,c008)),c006)=mul(c006,inv(mul(c002,c008))))).
%%
%cnf(i_0_17871, plain, (mul(inv(mul(c001,c008)),c006)=mul(c006,inv(mul(c001,c008))))).
%
%cnf(i_0_17872, plain, (mul(inv(c008),mul(c001,c006))=mul(c006,mul(inv(c008),c001)))).
%%
%cnf(i_0_17874, plain, (mul(inv(c008),mul(c003,c006))=mul(c003,mul(c006,inv(c008))))).
%
%cnf(i_0_17877, plain, (mul(inv(mul(c003,c008)),c006)=mul(c006,inv(mul(c003,c008))))).
%
%cnf(i_0_17880, plain, (mul(inv(c008),mul(c004,c006))=mul(c006,mul(inv(c008),c004)))).
%
%cnf(i_0_17881, plain, (mul(inv(mul(c004,c008)),c006)=mul(c006,inv(mul(c004,c008))))).
%
%cnf(i_0_17885, plain, (mul(inv(c008),mul(c005,c006))=mul(c005,mul(c006,inv(c008))))).
%
%cnf(i_0_1848, plain, (mul(c002,mul(c001,mul(c005,inv(c003))))=mul(c001,mul(c002,c005)))).
%
%cnf(i_0_17886, plain, (mul(inv(mul(c005,c008)),c006)=mul(c006,inv(mul(c005,c008))))).
%%%%
%cnf(i_0_17898, plain, (mul(inv(mul(c006,mul(c008,X1))),c008)=inv(mul(c006,X1)))).
%
%cnf(i_0_17965, plain, (mul(inv(c006),mul(c008,X1))=mul(c008,mul(inv(c006),X1)))).
%%%%%
%cnf(i_0_1850, plain, (mul(c001,mul(c002,mul(c004,mul(c003,X1))))=mul(c002,mul(c001,mul(c004,X1))))).
%%%%%
%cnf(i_0_18008, plain, (mul(c006,inv(mul(c006,mul(c008,c001))))=inv(mul(c008,c001)))).
%%%%%%
%cnf(i_0_1851, plain, (mul(c002,mul(c001,mul(c001,inv(c003))))=mul(c001,mul(c002,mul(c001,c004))))).
%
%cnf(i_0_18017, plain, (mul(c006,inv(mul(c006,mul(c008,c004))))=inv(mul(c008,c004)))).
%%%%
%cnf(i_0_18022, plain, (mul(c006,inv(mul(c006,mul(c008,c007))))=inv(mul(c008,c007)))).
%%%%%%
%cnf(i_0_1852, plain, (mul(c002,mul(c001,mul(c002,inv(c005))))=mul(c001,mul(c002,mul(c002,c003))))).
%%%%%
%cnf(i_0_18127, plain, (mul(c006,mul(c008,inv(mul(c006,c007))))=mul(c008,inv(c007)))).
%%%%%%
%cnf(i_0_1856, plain, (mul(c003,mul(inv(mul(c003,c002)),X1))=mul(inv(mul(c002,c005)),X1))).
%%%%
%cnf(i_0_18447, plain, (mul(inv(mul(c007,c008)),c006)=mul(c006,inv(mul(c007,c008))))).
%%
%cnf(i_0_18481, plain, (mul(inv(mul(c008,c008)),c006)=mul(c006,inv(mul(c008,c008))))).
%%
%cnf(i_0_18515, plain, (mul(inv(mul(c008,c007)),c006)=mul(c006,inv(mul(c008,c007))))).
%%
%cnf(i_0_18669, plain, (mul(inv(mul(c008,c004)),c006)=mul(c006,inv(mul(c008,c004))))).
%
%cnf(i_0_1865, plain, (mul(c002,mul(c001,inv(mul(c003,c002))))=mul(c001,mul(c008,inv(c005))))).
%%
%cnf(i_0_18847, plain, (mul(inv(mul(c008,c001)),c006)=mul(c006,inv(mul(c008,c001))))).
%
%cnf(i_0_18934, plain, (mul(inv(mul(c006,mul(c007,c005))),mul(c007,c005))=inv(c006))).
%
%cnf(i_0_24570, plain, (mul(inv(mul(c007,c005)),mul(c006,mul(c007,c005)))=c006)).
%%%%
%cnf(i_0_19087, plain, (mul(c003,mul(c008,inv(c005)))=mul(c002,mul(c003,inv(c002))))).
%
%cnf(i_0_24599, plain, (mul(c005,mul(c002,mul(c003,inv(c002))))=mul(c003,c008))).
%%
%cnf(i_0_1867, plain, (mul(c003,mul(c002,mul(inv(c003),X1)))=mul(c002,mul(c005,X1)))).
%
%cnf(i_0_24679, plain, (mul(c003,mul(c002,mul(inv(mul(c002,c003)),c008)))=c005)).
%
%cnf(i_0_19114, plain, (mul(inv(mul(c003,c008)),mul(c008,X1))=mul(inv(c003),X1))).
%
%cnf(i_0_19116, plain, (mul(c003,mul(inv(mul(c003,c008)),X1))=mul(inv(c008),X1))).
%
%cnf(i_0_19117, plain, (mul(inv(mul(c008,X1)),mul(c003,c008))=mul(inv(X1),c003))).
%
%cnf(i_0_19118, plain, (mul(c003,inv(mul(X1,mul(c003,c008))))=inv(mul(X1,c008)))).
%
%cnf(i_0_19119, plain, (mul(c003,mul(c005,inv(mul(c003,c008))))=mul(c005,inv(c008)))).
%
%cnf(i_0_19120, plain, (mul(c003,mul(c006,inv(mul(c003,c008))))=mul(c006,inv(c008)))).
%
%cnf(i_0_19122, plain, (mul(c008,mul(inv(c002),c003))=mul(c003,mul(inv(c002),c005)))).
%
%cnf(i_0_19123, plain, (mul(inv(mul(c002,mul(c003,c008))),c008)=inv(mul(c002,c003)))).
%
%cnf(i_0_25000, plain, (mul(c002,mul(c003,mul(c008,inv(mul(c002,c003)))))=c008)).
%
%cnf(i_0_1875, plain, (mul(c003,mul(c005,mul(c002,inv(c003))))=mul(c005,mul(c002,c005)))).
%%
%cnf(i_0_19124, plain, (mul(inv(mul(c002,c008)),mul(c003,c008))=mul(inv(c002),c003))).
%
%cnf(i_0_19125, plain, (mul(inv(mul(c003,c008)),mul(c002,c008))=mul(inv(c003),c002))).
%
%cnf(i_0_19134, plain, (mul(c003,mul(c008,inv(mul(X1,c003))))=mul(c008,inv(X1)))).
%%
%cnf(i_0_19189, plain, (mul(inv(c008),mul(c003,X1))=mul(c003,mul(inv(c008),X1)))).
%
%cnf(i_0_19202, plain, (mul(inv(mul(c004,c008)),c003)=mul(c003,inv(mul(c004,c008))))).
%
%cnf(i_0_19206, plain, (mul(inv(c008),mul(c004,c003))=mul(c003,mul(inv(c008),c004)))).
%%%
%cnf(i_0_1876, plain, (mul(c002,mul(c001,mul(c002,inv(c003))))=mul(c001,mul(c002,mul(c002,c005))))).
%%
%cnf(i_0_19219, plain, (mul(inv(mul(c003,mul(c008,X1))),c008)=inv(mul(c003,X1)))).
%%%%%%
%cnf(i_0_19235, plain, (mul(c003,inv(mul(c003,mul(c005,c008))))=inv(mul(c005,c008)))).
%%
%cnf(i_0_19237, plain, (mul(c003,inv(mul(c003,mul(c008,c004))))=inv(mul(c008,c004)))).
%
%cnf(i_0_1878, plain, (mul(inv(mul(c002,c005)),mul(c003,X1))=mul(c003,mul(inv(c002),X1)))).
%%%
%cnf(i_0_19244, plain, (mul(c003,inv(mul(c003,mul(c006,c008))))=inv(mul(c006,c008)))).
%
%cnf(i_0_9850, plain, (mul(inv(mul(c003,c002)),mul(c005,c002))=mul(c008,inv(c003)))).
%
%cnf(i_0_19245, plain, (mul(inv(c003),mul(c008,X1))=mul(c008,mul(inv(c003),X1)))).
%%%
%cnf(i_0_10184, plain, (mul(inv(mul(c005,c002)),mul(c003,c002))=mul(c003,inv(c008)))).
%
%cnf(i_0_8983, plain, (mul(c003,mul(inv(c005),c002))=mul(c002,mul(c003,inv(c008))))).
%%
%cnf(i_0_1887, plain, (mul(inv(X1),mul(c003,inv(c002)))=mul(inv(mul(c002,mul(c005,X1))),c003))).
%%%%%%%
%cnf(i_0_19377, plain, (mul(c003,mul(c008,inv(mul(c003,c005))))=mul(c008,inv(c005)))).
%
%cnf(i_0_19384, plain, (mul(c003,mul(c008,inv(mul(c003,c006))))=mul(c008,inv(c006)))).
%
%cnf(i_0_19423, plain, (mul(inv(mul(c003,mul(c002,c008))),c005)=inv(mul(c002,c003)))).
%
%cnf(i_0_25788, plain, (mul(c003,mul(c002,mul(c008,inv(mul(c002,c003)))))=c005)).
%
%cnf(i_0_1910, plain, (inv(mul(X4,mul(X1,mul(inv(X2),X3))))=mul(inv(X3),mul(X2,inv(mul(X4,X1)))))).
%%
%cnf(i_0_19425, plain, (mul(c002,mul(c003,inv(mul(c003,mul(c002,c008)))))=inv(c005))).
%
%cnf(i_0_19429, plain, (mul(c003,inv(mul(c003,mul(c002,c008))))=inv(mul(c005,c002)))).
%%
%cnf(i_0_19463, plain, (mul(inv(c008),mul(c005,X1))=mul(c005,mul(inv(c008),X1)))).
%
%cnf(i_0_26611, plain, (mul(c005,mul(c002,mul(c003,inv(mul(c002,c008)))))=c003)).
%%%
%cnf(i_0_19473, plain, (mul(inv(mul(c003,c008)),c005)=mul(c005,inv(mul(c003,c008))))).
%%%
%cnf(i_0_19479, plain, (mul(c005,mul(inv(mul(c005,c008)),X1))=mul(inv(c008),X1))).
%
%cnf(i_0_19484, plain, (mul(inv(mul(c005,c008)),mul(c008,X1))=mul(inv(c005),X1))).
%%
%cnf(i_0_19488, plain, (mul(c005,mul(c008,inv(mul(X1,c005))))=mul(c008,inv(X1)))).
%%
%cnf(i_0_19491, plain, (mul(c005,inv(mul(c003,mul(c005,c008))))=inv(mul(c003,c008)))).
%%
%cnf(i_0_19495, plain, (mul(c005,mul(c006,inv(mul(c005,c008))))=mul(c006,inv(c008)))).
%
%cnf(i_0_19496, plain, (mul(c005,inv(mul(c005,mul(c006,c008))))=inv(mul(c006,c008)))).
%%%%
%cnf(i_0_19503, plain, (mul(inv(mul(c008,X1)),mul(c005,c008))=mul(inv(X1),c005))).
%
%cnf(i_0_19504, plain, (mul(c005,inv(mul(X1,mul(c005,c008))))=inv(mul(X1,c008)))).
%%
%cnf(i_0_19506, plain, (mul(c002,mul(c005,mul(c005,c008)))=mul(c005,mul(c002,c005)))).
%
%cnf(i_0_19507, plain, (mul(inv(c002),mul(c005,c008))=mul(c008,mul(inv(c002),c005)))).
%
%cnf(i_0_19509, plain, (mul(inv(mul(c002,c008)),mul(c005,c008))=mul(inv(c002),c005))).
%
%cnf(i_0_19510, plain, (mul(inv(mul(c005,c008)),mul(c002,c008))=mul(inv(c005),c002))).
%
%cnf(i_0_19573, plain, (mul(inv(c005),mul(c008,X1))=mul(c008,mul(inv(c005),X1)))).
%%%%%%%%%
%cnf(i_0_19627, plain, (mul(inv(mul(c005,mul(c008,X1))),c008)=inv(mul(c005,X1)))).
%
%cnf(i_0_19661, plain, (mul(inv(mul(c002,c005)),c008)=mul(c008,inv(mul(c002,c005))))).
%%%%%%
%cnf(i_0_19711, plain, (mul(inv(mul(c003,c002)),c005)=mul(inv(mul(c002,c003)),c008))).
%%%%%
%cnf(i_0_19809, plain, (mul(c002,mul(c003,inv(mul(c002,c008))))=mul(c003,inv(c005)))).
%%%%%
%cnf(i_0_19847, plain, (mul(c005,mul(c008,inv(mul(c005,c006))))=mul(c008,inv(c006)))).
%%
%cnf(i_0_19913, plain, (mul(inv(mul(c005,mul(c006,c008))),c008)=inv(mul(c005,c006)))).
%%%%%%%%%
%cnf(i_0_20127, plain, (mul(inv(mul(c005,c008)),c003)=mul(c003,inv(mul(c005,c008))))).
%
%cnf(i_0_20152, plain, (mul(inv(mul(c006,c008)),c003)=mul(c003,inv(mul(c006,c008))))).
%%
%cnf(i_0_20241, plain, (mul(inv(mul(c005,c002)),c003)=mul(c003,inv(mul(c002,c008))))).
%%
%cnf(i_0_20266, plain, (mul(inv(mul(c002,c003)),c008)=mul(c008,inv(mul(c002,c003))))).
%%%%%%
%cnf(i_0_20289, plain, (mul(inv(mul(c008,c008)),c003)=mul(c003,inv(mul(c008,c008))))).
%%%%
%cnf(i_0_20426, plain, (mul(inv(mul(c006,c008)),c005)=mul(c005,inv(mul(c006,c008))))).
%%
%cnf(i_0_20561, plain, (mul(inv(mul(c008,c008)),c005)=mul(c005,inv(mul(c008,c008))))).
%%%%%
%cnf(i_0_20730, plain, (mul(inv(mul(c008,c004)),c003)=mul(c003,inv(mul(c008,c004))))).
%
%cnf(i_0_20810, plain, (mul(inv(mul(c003,c008)),mul(c002,c003))=mul(inv(c005),c002))).
%%
%cnf(i_0_21078, plain, (mul(c005,inv(mul(c003,c008)))=mul(c002,inv(mul(c002,c003))))).
%%%
%cnf(i_0_21232, plain, (mul(inv(mul(c003,mul(c006,c006))),mul(c006,c006))=inv(c003))).
%
%cnf(i_0_27426, plain, (mul(inv(mul(c006,c006)),mul(c003,mul(c006,c006)))=c003)).
%%%%
%cnf(i_0_21550, plain, (mul(c002,mul(c008,inv(mul(c002,c003))))=mul(c005,inv(c003)))).
%%
%cnf(i_0_14582, plain, (mul(inv(mul(c001,c003)),c006)=mul(c006,inv(mul(c001,c003))))).
%
%cnf(i_0_21643, plain, (mul(c001,mul(c006,inv(mul(c001,c003))))=mul(c004,inv(c003)))).
%%%%%
%cnf(i_0_21887, plain, (mul(inv(mul(c004,mul(c006,c006))),mul(c006,c006))=inv(c004))).
%%
%cnf(i_0_27531, plain, (mul(inv(mul(c006,c006)),mul(c004,mul(c006,c006)))=c004)).
%%%%%
%cnf(i_0_22510, plain, (mul(inv(mul(c006,mul(c007,c007))),mul(c007,c007))=inv(c006))).
%
%cnf(i_0_27561, plain, (mul(inv(mul(c007,c007)),mul(c006,mul(c007,c007)))=c006)).
%
%cnf(i_0_9687, plain, (mul(inv(c001),mul(c003,c006))=mul(c003,mul(inv(c001),c004)))).
%
%cnf(i_0_23055, plain, (mul(inv(mul(c005,mul(c006,c006))),mul(c006,c006))=inv(c005))).
%
%cnf(i_0_27610, plain, (mul(inv(mul(c006,c006)),mul(c005,mul(c006,c006)))=c005)).
%%%%
%cnf(i_0_23386, plain, (mul(c006,mul(c008,mul(c001,c004)))=mul(c008,mul(c004,c001)))).
%%%
%cnf(i_0_23437, plain, (mul(inv(mul(c005,c008)),mul(c006,c008))=mul(c006,inv(c005)))).
%
%cnf(i_0_23438, plain, (mul(inv(mul(c003,c008)),mul(c006,c008))=mul(c006,inv(c003)))).
%%
%cnf(i_0_23442, plain, (mul(inv(mul(c005,mul(c006,c008))),mul(c006,c008))=inv(c005))).
%%%%
%cnf(i_0_23478, plain, (mul(inv(mul(c006,c008)),mul(c005,c008))=mul(c005,inv(c006)))).
%
%cnf(i_0_23479, plain, (mul(inv(mul(c006,c008)),mul(c003,c008))=mul(c003,inv(c006)))).
%%%%%%%%%%%%%
%cnf(i_0_23612, plain, (mul(c006,inv(mul(c006,mul(c008,c008))))=inv(mul(c008,c008)))).
%
%cnf(i_0_23613, plain, (mul(c006,inv(mul(c006,mul(c007,c008))))=inv(mul(c007,c008)))).
%%%%%%%%%%%%%%%%%%
%cnf(i_0_24023, plain, (mul(inv(mul(c006,mul(c006,c008))),c008)=inv(mul(c006,c006)))).
%%
%cnf(i_0_24025, plain, (mul(inv(mul(c003,mul(c006,c008))),c008)=inv(mul(c003,c006)))).
%
%cnf(i_0_24191, plain, (mul(inv(mul(c006,mul(c008,c001))),mul(c008,c001))=inv(c006))).
%
%cnf(i_0_27858, plain, (mul(inv(mul(c008,c001)),mul(c006,mul(c008,c001)))=c006)).
%%
%cnf(i_0_24259, plain, (mul(inv(mul(c006,mul(c008,c004))),mul(c008,c004))=inv(c006))).
%
%cnf(i_0_27888, plain, (mul(inv(mul(c008,c004)),mul(c006,mul(c008,c004)))=c006)).
%
%cnf(i_0_24294, plain, (mul(inv(mul(c006,mul(c008,c007))),mul(c008,c007))=inv(c006))).
%%
%cnf(i_0_27918, plain, (mul(inv(mul(c008,c007)),mul(c006,mul(c008,c007)))=c006)).
%%%%%%%%%%
%cnf(i_0_1952, plain, (mul(inv(c003),mul(c002,mul(c005,inv(X1))))=mul(c002,inv(mul(X1,c003))))).
%%
%cnf(i_0_24758, plain, (mul(inv(mul(c003,c008)),mul(c005,c008))=mul(c005,inv(c003)))).
%%%%%%%%%%%%
%cnf(i_0_24853, plain, (mul(inv(mul(c005,c008)),mul(c003,c008))=mul(c003,inv(c005)))).
%%
%cnf(i_0_24898, plain, (mul(c003,inv(mul(c003,mul(c008,c008))))=inv(mul(c008,c008)))).
%%%%
%cnf(i_0_24905, plain, (mul(c003,mul(c002,inv(mul(c002,c003))))=mul(c005,inv(c008)))).
%%%%%%
%cnf(i_0_25081, plain, (mul(inv(c003),mul(c002,c008))=mul(c008,mul(inv(c003),c002)))).
%%%%%%%%%%%%%%%%%%%
%cnf(i_0_25338, plain, (mul(inv(mul(c003,mul(c005,c008))),c008)=inv(mul(c003,c005)))).
%
%cnf(i_0_25339, plain, (mul(inv(mul(c003,mul(c003,c008))),c008)=inv(mul(c003,c003)))).
%
%cnf(i_0_25340, plain, (mul(inv(mul(c003,mul(c002,c008))),c008)=inv(mul(c003,c002)))).
%%%
%cnf(i_0_25365, plain, (mul(inv(mul(c003,mul(c005,c008))),mul(c005,c008))=inv(c003))).
%
%cnf(i_0_28147, plain, (mul(inv(mul(c005,c008)),mul(c003,mul(c005,c008)))=c003)).
%%
%cnf(i_0_25393, plain, (mul(inv(mul(c003,mul(c008,c004))),mul(c008,c004))=inv(c003))).
%
%cnf(i_0_28179, plain, (mul(inv(mul(c008,c004)),mul(c003,mul(c008,c004)))=c003)).
%%%
%cnf(i_0_25514, plain, (mul(inv(mul(c003,mul(c006,c008))),mul(c006,c008))=inv(c003))).
%
%cnf(i_0_28210, plain, (mul(inv(mul(c006,c008)),mul(c003,mul(c006,c008)))=c003)).
%%%%%%%%%%
%cnf(i_0_26534, plain, (mul(inv(mul(c003,mul(c002,c008))),mul(c005,c002))=inv(c003))).
%
%cnf(i_0_28241, plain, (mul(inv(mul(c005,c002)),mul(c003,mul(c002,c008)))=c003)).
%%%%%%
%cnf(i_0_26587, plain, (mul(c005,inv(mul(c005,mul(c008,c008))))=inv(mul(c008,c008)))).
%%%%%%%%%%%%%%%%%%%%%%%%%%
%cnf(i_0_27106, plain, (mul(inv(mul(c005,mul(c005,c008))),c008)=inv(mul(c005,c005)))).
%%
%cnf(i_0_27108, plain, (mul(inv(mul(c005,mul(c002,c008))),c008)=inv(mul(c005,c002)))).
%%%
%cnf(i_0_19711, plain, (mul(inv(mul(c003,c002)),c005)=mul(c008,inv(mul(c002,c003))))).
%
%cnf(i_0_19473, plain, (mul(inv(mul(c003,c008)),c005)=mul(c002,inv(mul(c002,c003))))).
%%%%%%
%cnf(i_0_27755, plain, (mul(inv(mul(c006,mul(c008,c008))),mul(c008,c008))=inv(c006))).
%
%cnf(i_0_28359, plain, (mul(inv(mul(c008,c008)),mul(c006,mul(c008,c008)))=c006)).
%
%cnf(i_0_27790, plain, (mul(inv(mul(c006,mul(c007,c008))),mul(c007,c008))=inv(c006))).
%
%cnf(i_0_28389, plain, (mul(inv(mul(c007,c008)),mul(c006,mul(c007,c008)))=c006)).
%%
%cnf(i_0_28018, plain, (mul(inv(mul(c003,mul(c008,c008))),mul(c008,c008))=inv(c003))).
%
%cnf(i_0_28419, plain, (mul(inv(mul(c008,c008)),mul(c003,mul(c008,c008)))=c003)).
%
%cnf(i_0_28267, plain, (mul(inv(mul(c005,mul(c008,c008))),mul(c008,c008))=inv(c005))).
%%
%cnf(i_0_28449, plain, (mul(inv(mul(c008,c008)),mul(c005,mul(c008,c008)))=c005)).
%%
%cnf(i_0_2029, plain, (mul(c003,mul(c001,mul(inv(c004),X1)))=mul(c001,mul(c003,X1)))).
%
%cnf(i_0_2037, plain, (mul(c003,mul(c005,mul(c001,inv(c004))))=mul(c005,mul(c001,c003)))).
%%%%%%%%
%cnf(i_0_2255, plain, (mul(c002,mul(c004,mul(inv(c003),c001)))=mul(c001,mul(c002,c006)))).
%
%cnf(i_0_28596, plain, (mul(c003,mul(inv(c001),mul(c004,mul(inv(c003),c001))))=c006)).
%
%cnf(i_0_28616, plain, (mul(inv(mul(c004,c003)),c006)=mul(c006,inv(mul(c004,c003))))).
%%%%%%%%%%%%%%
%cnf(i_0_2366, plain, (mul(c003,mul(c001,mul(c005,inv(c003))))=mul(c001,mul(c004,c005)))).
%%%%%%%%%%%%%
%cnf(i_0_2501, plain, (mul(c003,mul(c002,mul(c005,inv(c003))))=mul(c002,mul(c005,c005)))).
%%
%cnf(i_0_2512, plain, (mul(c003,mul(c001,mul(c003,inv(c004))))=mul(c001,mul(c003,c003)))).
%%%%%%%%%%%%%%%%%%%%%%%%%%%%%%%%%%%%%%%%%%%%%%%%%%%%%%
%cnf(i_0_5193, plain, (mul(c003,mul(c002,mul(c004,inv(c003))))=mul(c002,mul(c005,c004)))).
%
%cnf(i_0_5197, plain, (mul(inv(c005),mul(c002,inv(c003)))=mul(inv(mul(c003,c008)),c002))).
%%%%
%cnf(i_0_5207, plain, (mul(c002,mul(c001,mul(inv(c002),c005)))=mul(c001,mul(c003,c008)))).
%%%%%%%%%%%%%%%%%%%%%%%%%%%%%%%
%cnf(i_0_6709, plain, (mul(c003,mul(inv(c004),mul(c001,inv(c003))))=mul(c001,inv(c006)))).
%%%%%%%%%%%%%%%%%%%%%
%cnf(i_0_2020, plain, (mul(c004,mul(inv(mul(c003,c001)),X1))=mul(inv(mul(c001,c003)),X1))).
%%%%%%%
%cnf(i_0_7486, plain, (mul(inv(c001),mul(c002,mul(inv(c003),c001)))=mul(c002,inv(c004)))).
%%%%
%cnf(i_0_2038, plain, (mul(c002,mul(c001,mul(c001,inv(c004))))=mul(c001,mul(c002,mul(c001,c003))))).
%
%cnf(i_0_7593, plain, (mul(inv(c001),mul(c003,mul(inv(c002),c001)))=mul(c004,inv(c002)))).
%
%cnf(i_0_7596, plain, (mul(inv(c001),mul(c003,mul(c006,inv(c004))))=mul(c003,inv(c001)))).
%
%cnf(i_0_7643, plain, (mul(inv(c001),mul(c002,inv(c003)))=mul(c002,inv(mul(c001,c004))))).
%%%%
%cnf(i_0_7985, plain, (mul(inv(mul(c002,mul(c005,c001))),c003)=mul(c004,inv(mul(c001,c002))))).
%%%%
%cnf(i_0_2040, plain, (mul(inv(mul(c001,c003)),mul(c003,X1))=mul(c004,mul(inv(c001),X1)))).
%%%%
%cnf(i_0_8544, plain, (mul(inv(c005),mul(c002,inv(mul(c002,c003))))=inv(mul(c003,c008)))).
%%%%%%%
%cnf(i_0_2049, plain, (mul(inv(X1),mul(c004,inv(c001)))=mul(inv(mul(c001,mul(c003,X1))),c003))).
%%%%%
%cnf(i_0_9732, plain, (mul(inv(X1),mul(c006,inv(c003)))=mul(inv(mul(c003,X1)),c006))).
%
%cnf(i_0_29328, plain, (mul(inv(mul(c003,c005)),c006)=mul(c006,inv(mul(c003,c005))))).
%
%cnf(i_0_29330, plain, (mul(inv(mul(c003,c003)),c006)=mul(c006,inv(mul(c003,c003))))).
%
%cnf(i_0_29331, plain, (mul(inv(mul(c003,c001)),c006)=mul(c006,inv(mul(c003,c001))))).
%
%cnf(i_0_29332, plain, (mul(inv(mul(c003,c002)),c006)=mul(c006,inv(mul(c003,c002))))).
%%
%cnf(i_0_2050, plain, (mul(inv(c003),mul(c001,mul(c003,inv(X1))))=mul(c001,inv(mul(X1,c004))))).
%%%%
%cnf(i_0_9756, plain, (mul(inv(X1),mul(c003,inv(c006)))=mul(inv(mul(c006,X1)),c003))).
%%%%%%%
%cnf(i_0_2062, plain, (mul(c001,mul(c003,mul(c002,X1)))=mul(c002,mul(c001,mul(c005,X1))))).
%%%
%cnf(i_0_10031, plain, (mul(c003,mul(c001,mul(c006,inv(c004))))=mul(c001,mul(c003,c006)))).
%
%cnf(i_0_10032, plain, (mul(c003,mul(c002,mul(c006,inv(c005))))=mul(c002,mul(c003,c006)))).
%
%cnf(i_0_10033, plain, (mul(c003,mul(c002,mul(c006,inv(c003))))=mul(c002,mul(c005,c006)))).
%
%cnf(i_0_10056, plain, (mul(c004,mul(c001,mul(inv(c004),X1)))=mul(c001,mul(c006,X1)))).
%
%cnf(i_0_10075, plain, (mul(inv(X1),mul(c006,inv(c004)))=mul(inv(mul(c004,X1)),c006))).
%
%cnf(i_0_29930, plain, (mul(inv(mul(c004,c005)),c006)=mul(c006,inv(mul(c004,c005))))).
%
%cnf(i_0_29931, plain, (mul(inv(mul(c004,c004)),c006)=mul(c006,inv(mul(c004,c004))))).
%
%cnf(i_0_29934, plain, (mul(inv(mul(c004,c002)),c006)=mul(c006,inv(mul(c004,c002))))).
%%%%%%%
%cnf(i_0_10216, plain, (mul(inv(X1),mul(c004,inv(c006)))=mul(inv(mul(c006,X1)),c004))).
%%%%%
%cnf(i_0_2097, plain, (mul(inv(c003),mul(c002,mul(c005,X1)))=mul(c002,mul(inv(c003),X1)))).
%%%
%cnf(i_0_10379, plain, (mul(c004,mul(c001,mul(c004,inv(c006))))=mul(c001,mul(c004,c004)))).
%
%cnf(i_0_10381, plain, (mul(c004,mul(c001,mul(c001,inv(c006))))=mul(c001,mul(c004,c001)))).
%
%cnf(i_0_10382, plain, (mul(c004,mul(c001,mul(c002,inv(c006))))=mul(c001,mul(c004,c002)))).
%
%cnf(i_0_10391, plain, (mul(c004,mul(c001,mul(c003,inv(mul(c004,c006)))))=mul(c001,c003))).
%
%cnf(i_0_10475, plain, (mul(c004,mul(c001,mul(c006,inv(c004))))=mul(c001,mul(c006,c006)))).
%
%cnf(i_0_10477, plain, (mul(c004,mul(c002,mul(c006,inv(c007))))=mul(c002,mul(c004,c006)))).
%%
%cnf(i_0_10596, plain, (mul(c003,mul(c001,mul(c004,inv(c003))))=mul(c001,mul(c004,c004)))).
%
%cnf(i_0_2107, plain, (mul(inv(X1),mul(c002,inv(c003)))=mul(inv(mul(c003,X1)),mul(c002,c005)))).
%%%%%%%%%%%%%%
%cnf(i_0_10873, plain, (mul(c002,mul(c001,mul(c004,inv(c003))))=mul(c001,mul(c002,c004)))).
%%%%%
%cnf(i_0_11379, plain, (mul(c005,mul(c002,mul(c002,inv(c008))))=mul(c002,mul(c005,c002)))).
%
%cnf(i_0_11387, plain, (mul(c005,mul(c002,mul(c003,inv(mul(c005,c008)))))=mul(c002,c003))).
%%
%cnf(i_0_2135, plain, (mul(inv(c003),mul(c001,mul(c003,X1)))=mul(c001,mul(inv(c004),X1)))).
%%
%cnf(i_0_11464, plain, (mul(inv(X1),mul(c007,inv(c006)))=mul(inv(mul(c006,X1)),c007))).
%
%cnf(i_0_30698, plain, (mul(inv(mul(c006,c006)),c007)=mul(c007,inv(mul(c006,c006))))).
%
%cnf(i_0_11468, plain, (mul(c004,mul(c001,mul(c007,inv(c006))))=mul(c001,mul(c004,c007)))).
%%%
%cnf(i_0_11511, plain, (mul(c004,mul(c002,mul(c002,inv(c007))))=mul(c002,mul(c004,c002)))).
%%%%
%cnf(i_0_2145, plain, (mul(inv(X1),mul(c001,inv(c004)))=mul(inv(mul(c003,X1)),mul(c001,c003)))).
%
%cnf(i_0_30848, plain, (mul(inv(mul(c003,c006)),mul(c001,c003))=mul(inv(c004),c001))).
%%%
%cnf(i_0_11589, plain, (mul(inv(X1),mul(c006,inv(c007)))=mul(inv(mul(c007,X1)),c006))).
%%%
%cnf(i_0_11710, plain, (mul(c003,mul(c002,mul(c003,inv(c005))))=mul(c002,mul(c003,c003)))).
%%%%%%%%
%cnf(i_0_12118, plain, (mul(inv(X1),mul(c006,inv(c005)))=mul(inv(mul(c005,X1)),c006))).
%
%cnf(i_0_31080, plain, (mul(inv(mul(c005,c005)),c006)=mul(c006,inv(mul(c005,c005))))).
%
%cnf(i_0_31081, plain, (mul(inv(mul(c005,c004)),c006)=mul(c006,inv(mul(c005,c004))))).
%
%cnf(i_0_31083, plain, (mul(inv(mul(c005,c001)),c006)=mul(c006,inv(mul(c005,c001))))).
%
%cnf(i_0_31084, plain, (mul(inv(mul(c005,c002)),c006)=mul(c006,inv(mul(c005,c002))))).
%%%
%cnf(i_0_2155, plain, (mul(c002,mul(c008,mul(c008,mul(inv(c002),X1))))=mul(c008,mul(c008,X1)))).
%%
%cnf(i_0_12137, plain, (mul(inv(X1),mul(c005,inv(c006)))=mul(inv(mul(c006,X1)),c005))).
%%
%cnf(i_0_12139, plain, (mul(c004,mul(c001,mul(c005,inv(c006))))=mul(c001,mul(c004,c005)))).
%%%%%%%
%cnf(i_0_2156, plain, (mul(c002,mul(c007,mul(c008,mul(inv(c002),X1))))=mul(c007,mul(c008,X1)))).
%%%
%cnf(i_0_12322, plain, (mul(c005,mul(c002,mul(c006,inv(c008))))=mul(c002,mul(c005,c006)))).
%%%%%%%%
%cnf(i_0_2157, plain, (mul(c002,mul(c006,mul(c008,mul(inv(c002),X1))))=mul(c006,mul(c008,X1)))).
%%%%
%cnf(i_0_12826, plain, (mul(inv(mul(c003,c001)),mul(c002,c005))=mul(c002,inv(mul(c001,c004))))).
%%%%%%%
%cnf(i_0_2168, plain, (mul(c002,mul(c008,mul(inv(mul(X1,c002)),X2)))=mul(c008,mul(inv(X1),X2)))).
%%%%%%
%cnf(i_0_13471, plain, (mul(inv(mul(c003,c002)),mul(c005,inv(c008)))=inv(mul(c002,c003)))).
%
%cnf(i_0_13548, plain, (mul(inv(mul(c003,c005)),mul(c002,c005))=mul(inv(mul(c003,c008)),c002))).
%%%%
%cnf(i_0_2184, plain, (mul(c002,mul(c008,mul(c007,mul(inv(c002),X1))))=mul(c008,mul(c007,X1)))).
%%%%%%%%
%cnf(i_0_14907, plain, (mul(inv(c001),mul(c004,inv(mul(c003,c006))))=inv(mul(c001,c003)))).
%%%
%cnf(i_0_2185, plain, (mul(c002,mul(c007,mul(c007,mul(inv(c002),X1))))=mul(c007,mul(c007,X1)))).
%%%%%%%%
%cnf(i_0_15579, plain, (mul(c004,mul(c001,mul(c003,inv(c004))))=mul(c001,mul(c003,c006)))).
%%
%cnf(i_0_15688, plain, (mul(inv(c001),mul(c004,mul(inv(c003),c001)))=mul(c006,inv(c003)))).
%
%cnf(i_0_2186, plain, (mul(c002,mul(c006,mul(c007,mul(inv(c002),X1))))=mul(c006,mul(c007,X1)))).
%
%cnf(i_0_15742, plain, (mul(inv(c002),mul(c003,mul(c001,c002)))=mul(c005,mul(c001,c004)))).
%
%cnf(i_0_15800, plain, (mul(inv(c001),mul(c003,mul(inv(c004),c001)))=mul(c003,inv(c006)))).
%
%cnf(i_0_15815, plain, (mul(inv(mul(c003,c001)),mul(c004,mul(c003,c001)))=mul(c004,c006))).
%%%%%%%%
%cnf(i_0_2197, plain, (mul(c002,mul(c007,mul(inv(mul(X1,c002)),X2)))=mul(c007,mul(inv(X1),X2)))).
%%%%%%%
%cnf(i_0_16875, plain, (mul(inv(c004),mul(c001,inv(c003)))=mul(inv(mul(c003,c006)),c001))).
%%%%
%cnf(i_0_2213, plain, (mul(c001,mul(c006,mul(c006,mul(inv(c001),X1))))=mul(c006,mul(c006,X1)))).
%%%%%%%%%%%
%cnf(i_0_2222, plain, (mul(c001,mul(c006,mul(inv(mul(X1,c001)),X2)))=mul(c006,mul(inv(X1),X2)))).
%
%cnf(i_0_17861, plain, (mul(inv(X1),mul(c008,inv(c006)))=mul(inv(mul(c006,X1)),c008))).
%
%cnf(i_0_32631, plain, (mul(inv(mul(c006,c006)),c008)=mul(c008,inv(mul(c006,c006))))).
%
%cnf(i_0_32632, plain, (mul(inv(mul(c005,c006)),c008)=mul(c008,inv(mul(c005,c006))))).
%
%cnf(i_0_32633, plain, (mul(inv(mul(c003,c006)),c008)=mul(c008,inv(mul(c003,c006))))).
%
%cnf(i_0_17865, plain, (mul(c004,mul(c001,mul(c008,inv(c006))))=mul(c001,mul(c004,c008)))).
%%%%%%%%%%%%%%%%
%cnf(i_0_18038, plain, (mul(inv(X1),mul(c006,inv(c008)))=mul(inv(mul(c008,X1)),c006))).
%%%%%%%%%%%%
%cnf(i_0_2239, plain, (mul(c002,mul(c006,mul(c006,mul(inv(c002),X1))))=mul(c006,mul(c006,X1)))).
%%
%cnf(i_0_19083, plain, (mul(inv(mul(c003,c008)),mul(c002,mul(c003,inv(c002))))=inv(c005))).
%%%%%
%cnf(i_0_19192, plain, (mul(inv(X1),mul(c008,inv(c003)))=mul(inv(mul(c003,X1)),c008))).
%
%cnf(i_0_33017, plain, (mul(inv(mul(c003,c005)),c008)=mul(c008,inv(mul(c003,c005))))).
%
%cnf(i_0_33018, plain, (mul(inv(mul(c003,c003)),c008)=mul(c008,inv(mul(c003,c003))))).
%
%cnf(i_0_33019, plain, (mul(inv(mul(c003,c002)),c008)=mul(c008,inv(mul(c003,c002))))).
%
%cnf(i_0_2250, plain, (mul(c002,mul(c006,mul(inv(mul(X1,c002)),X2)))=mul(c006,mul(inv(X1),X2)))).
%
%cnf(i_0_19197, plain, (mul(c002,mul(c001,mul(c008,inv(c003))))=mul(c001,mul(c002,c008)))).
%
%cnf(i_0_19198, plain, (mul(c003,mul(c001,mul(c008,inv(c003))))=mul(c001,mul(c004,c008)))).
%%%%%%%
%cnf(i_0_19241, plain, (mul(c003,mul(c008,mul(c001,inv(c003))))=mul(c008,mul(c001,c004)))).
%%
%cnf(i_0_2266, plain, (mul(c003,mul(c005,mul(c005,mul(inv(c003),X1))))=mul(c005,mul(c005,X1)))).
%%%%
%cnf(i_0_19290, plain, (mul(inv(X1),mul(c003,inv(c008)))=mul(inv(mul(c008,X1)),c003))).
%%%%
%cnf(i_0_19410, plain, (mul(c003,mul(c008,mul(c001,inv(c004))))=mul(c008,mul(c001,c003)))).
%
%cnf(i_0_19412, plain, (mul(c003,mul(c002,mul(c008,inv(c005))))=mul(c002,mul(c003,c008)))).
%%
%cnf(i_0_2267, plain, (mul(c002,mul(c001,mul(c005,mul(inv(c003),X1))))=mul(c001,mul(c002,mul(c005,X1))))).
%%
%cnf(i_0_19440, plain, (mul(c005,mul(c002,mul(inv(c005),X1)))=mul(c002,mul(c008,X1)))).
%
%cnf(i_0_19456, plain, (mul(c005,mul(c002,mul(c006,inv(c005))))=mul(c002,mul(c006,c008)))).
%
%cnf(i_0_19466, plain, (mul(inv(X1),mul(c008,inv(c005)))=mul(inv(mul(c005,X1)),c008))).
%
%cnf(i_0_33873, plain, (mul(inv(mul(c005,c005)),c008)=mul(c008,inv(mul(c005,c005))))).
%%%%%%
%cnf(i_0_2278, plain, (mul(c003,mul(c005,mul(inv(mul(X1,c003)),X2)))=mul(c005,mul(inv(X1),X2)))).
%%%%%
%cnf(i_0_19614, plain, (mul(inv(X1),mul(c005,inv(c008)))=mul(inv(mul(c008,X1)),c005))).
%%
%cnf(i_0_19616, plain, (mul(c005,mul(c002,mul(c005,inv(c008))))=mul(c002,mul(c005,c005)))).
%%%%
%cnf(i_0_2296, plain, (mul(c004,mul(c003,mul(c003,mul(inv(c004),X1))))=mul(c003,mul(c003,X1)))).
%%%%%
%cnf(i_0_19860, plain, (mul(c005,mul(c002,mul(c008,inv(c005))))=mul(c002,mul(c008,c008)))).
%%%%%%
%cnf(i_0_2305, plain, (mul(c004,mul(c003,mul(inv(mul(X1,c004)),X2)))=mul(c003,mul(inv(X1),X2)))).
%%%%%%%%%%%%%%%
%cnf(i_0_21520, plain, (mul(inv(c005),mul(c002,mul(c008,inv(c003))))=mul(inv(c003),c002))).
%%%%%%%
%cnf(i_0_2319, plain, (mul(c002,mul(c008,mul(c008,mul(c008,inv(c002)))))=mul(c008,mul(c008,c008)))).
%%%%%%%%%%%
%cnf(i_0_2320, plain, (mul(c002,mul(c007,mul(c008,mul(c008,inv(c002)))))=mul(c007,mul(c008,c008)))).
%%%%%%%%%%%
%cnf(i_0_2321, plain, (mul(c002,mul(c006,mul(c008,mul(c008,inv(c002)))))=mul(c006,mul(c008,c008)))).
%%%%%%%%%%%%%%%%%%%%%%
%cnf(i_0_2331, plain, (mul(c002,mul(c008,mul(c008,mul(c007,inv(c002)))))=mul(c008,mul(c008,c007)))).
%%%%%%%%%%%
%cnf(i_0_2332, plain, (mul(c002,mul(c007,mul(c008,mul(c007,inv(c002)))))=mul(c007,mul(c008,c007)))).
%%%%%%%%%%%
%cnf(i_0_2333, plain, (mul(c002,mul(c006,mul(c008,mul(c007,inv(c002)))))=mul(c006,mul(c008,c007)))).
%%%%%%%%%%%%%%%%%%%%%%%%%%%%%%%%%%%%
%cnf(i_0_28910, plain, (mul(inv(mul(c001,c003)),mul(c004,mul(c001,c003)))=mul(c004,c006))).
%%%%%%%%
%cnf(i_0_2356, plain, (mul(c003,mul(c001,inv(mul(X1,c003))))=mul(c001,mul(c004,inv(X1))))).
%
%cnf(i_0_29827, plain, (mul(c004,mul(c001,mul(c006,inv(mul(c001,c004)))))=mul(c006,c006))).
%%%%
%cnf(i_0_30508, plain, (mul(c005,mul(c002,mul(c003,inv(c005))))=mul(c002,mul(c003,c008)))).
%%%
%cnf(i_0_32120, plain, (mul(c003,mul(c001,mul(c002,inv(mul(c005,mul(c001,c004))))))=c002)).
%%%
%cnf(i_0_2362, plain, (mul(c003,mul(c001,inv(mul(c003,c005))))=mul(c001,mul(c004,inv(c005))))).
%%%%
%cnf(i_0_33715, plain, (mul(c005,mul(c002,mul(c008,inv(mul(c002,c005)))))=mul(c008,c008))).
%
%cnf(i_0_33718, plain, (mul(c005,mul(c002,mul(inv(mul(c002,c005)),c007)))=mul(c008,c007))).
%
%cnf(i_0_33721, plain, (mul(c005,mul(c002,mul(c006,inv(mul(c002,c005)))))=mul(c006,c008))).
%%%%
%cnf(i_0_2460, plain, (mul(c003,mul(c002,inv(mul(X1,c005))))=mul(c002,mul(c003,inv(X1))))).
%
%cnf(i_0_2365, plain, (mul(c001,mul(c004,inv(mul(c002,c005))))=mul(c003,mul(c001,inv(mul(c003,c002)))))).
%%%
%cnf(i_0_2615, plain, (mul(c004,mul(c001,inv(mul(X1,c006))))=mul(c001,mul(c004,inv(X1))))).
%%%
%cnf(i_0_2762, plain, (mul(c004,mul(c002,inv(mul(X1,c007))))=mul(c002,mul(c004,inv(X1))))).
%%%
%cnf(i_0_2911, plain, (mul(c005,mul(c002,inv(mul(X1,c008))))=mul(c002,mul(c005,inv(X1))))).
%%
%cnf(i_0_2367, plain, (mul(c001,mul(c004,mul(inv(c002),c003)))=mul(c003,mul(c001,mul(c005,inv(c002)))))).
%%%%%%%%%%%
%cnf(i_0_2368, plain, (mul(c003,mul(c001,mul(c005,mul(inv(c003),X1))))=mul(c001,mul(c004,mul(c005,X1))))).
%%%%%%%%%%
%cnf(i_0_4394, plain, (mul(c002,mul(inv(mul(c002,c005)),X1))=mul(c008,mul(inv(c005),X1)))).
%
%cnf(i_0_2369, plain, (mul(c001,mul(c004,mul(c004,mul(c003,X1))))=mul(c003,mul(c001,mul(c004,X1))))).
%
%cnf(i_0_4403, plain, (mul(c002,mul(c008,inv(mul(c002,c005))))=mul(c008,mul(c008,inv(c005))))).
%
%cnf(i_0_4404, plain, (mul(c002,mul(c007,inv(mul(c002,c005))))=mul(c007,mul(c008,inv(c005))))).
%
%cnf(i_0_4405, plain, (mul(c002,mul(c006,inv(mul(c002,c005))))=mul(c006,mul(c008,inv(c005))))).
%
%cnf(i_0_4406, plain, (mul(c002,mul(c005,mul(inv(c002),X1)))=mul(c005,mul(inv(c008),X1)))).
%%
%cnf(i_0_4417, plain, (mul(c002,mul(c007,mul(c005,inv(c002))))=mul(c007,mul(c005,inv(c008))))).
%
%cnf(i_0_4418, plain, (mul(c002,mul(c005,mul(c006,inv(c002))))=mul(c005,mul(c006,inv(c008))))).
%
%cnf(i_0_35838, plain, (mul(c002,mul(c005,mul(c006,mul(c008,inv(c002)))))=mul(c005,c006))).
%
%cnf(i_0_4564, plain, (mul(c004,mul(c006,inv(mul(X1,mul(c004,c001)))))=inv(mul(X1,c001)))).
%
%cnf(i_0_4565, plain, (mul(c004,mul(c003,inv(mul(X1,mul(c003,c001)))))=inv(mul(X1,c001)))).
%
%cnf(i_0_2370, plain, (mul(c003,mul(c001,mul(c001,inv(c003))))=mul(c001,mul(c004,mul(c001,c004))))).
%
%cnf(i_0_4569, plain, (mul(c002,mul(c003,inv(mul(X1,mul(c002,c001)))))=inv(mul(X1,c001)))).
%
%cnf(i_0_4594, plain, (mul(c005,mul(c008,inv(mul(X1,mul(c005,c002)))))=inv(mul(X1,c002)))).
%
%cnf(i_0_4597, plain, (mul(c004,mul(c007,inv(mul(X1,mul(c004,c002)))))=inv(mul(X1,c002)))).
%
%cnf(i_0_4599, plain, (mul(c003,mul(c005,inv(mul(X1,mul(c003,c002)))))=inv(mul(X1,c002)))).
%
%cnf(i_0_4663, plain, (mul(c004,mul(c001,inv(mul(X1,mul(c004,c006)))))=mul(c001,inv(X1)))).
%
%cnf(i_0_4664, plain, (mul(c003,mul(c001,inv(mul(X1,mul(c004,c003)))))=mul(c001,inv(X1)))).
%
%cnf(i_0_4665, plain, (mul(c002,mul(c001,inv(mul(X1,mul(c002,c003)))))=mul(c001,inv(X1)))).
%
%cnf(i_0_36369, plain, (mul(c002,mul(c001,mul(c008,inv(mul(c002,c003)))))=mul(c001,c008))).
%
%cnf(i_0_4666, plain, (mul(c005,mul(c002,inv(mul(X1,mul(c005,c008)))))=mul(c002,inv(X1)))).
%
%cnf(i_0_4667, plain, (mul(c004,mul(c002,inv(mul(X1,mul(c004,c007)))))=mul(c002,inv(X1)))).
%
%cnf(i_0_2371, plain, (mul(c003,mul(c001,mul(c001,inv(c004))))=mul(c001,mul(c004,mul(c001,c003))))).
%
%cnf(i_0_4668, plain, (mul(c003,mul(c002,inv(mul(X1,mul(c003,c005)))))=mul(c002,inv(X1)))).
%
%cnf(i_0_4841, plain, (mul(c001,mul(inv(mul(c001,c004)),X1))=mul(c006,mul(inv(c004),X1)))).
%
%cnf(i_0_4850, plain, (mul(c001,mul(c006,inv(mul(c001,c004))))=mul(c006,mul(c006,inv(c004))))).
%
%cnf(i_0_4851, plain, (mul(c002,mul(c004,mul(inv(c002),X1)))=mul(c004,mul(inv(c007),X1)))).
%
%cnf(i_0_4861, plain, (mul(c002,mul(c008,mul(c004,inv(c002))))=mul(c008,mul(c004,inv(c007))))).
%
%cnf(i_0_4862, plain, (mul(c002,mul(c007,mul(c004,inv(c002))))=mul(c007,mul(c004,inv(c007))))).
%
%cnf(i_0_4863, plain, (mul(c002,mul(c004,mul(c006,inv(c002))))=mul(c004,mul(c006,inv(c007))))).
%
%cnf(i_0_4864, plain, (mul(c001,mul(c004,mul(inv(c001),X1)))=mul(c004,mul(inv(c006),X1)))).
%%
%cnf(i_0_4875, plain, (mul(c002,mul(inv(mul(c002,c004)),X1))=mul(c007,mul(inv(c004),X1)))).
%
%cnf(i_0_2372, plain, (mul(c003,mul(c001,mul(c002,inv(c005))))=mul(c001,mul(c004,mul(c002,c003))))).
%
%cnf(i_0_4884, plain, (mul(c002,mul(c008,inv(mul(c002,c004))))=mul(c008,mul(c007,inv(c004))))).
%
%cnf(i_0_4885, plain, (mul(c002,mul(c007,inv(mul(c002,c004))))=mul(c007,mul(c007,inv(c004))))).
%
%cnf(i_0_4886, plain, (mul(c002,mul(c006,inv(mul(c002,c004))))=mul(c006,mul(c007,inv(c004))))).
%%%%%
%cnf(i_0_4931, plain, (mul(c003,mul(c001,inv(mul(X1,c004))))=mul(c001,mul(c003,inv(X1))))).
%%%
%cnf(i_0_2373, plain, (mul(c003,mul(c001,mul(c002,inv(c003))))=mul(c001,mul(c004,mul(c002,c005))))).
%
%cnf(i_0_4935, plain, (mul(c003,mul(c002,inv(mul(X1,c003))))=mul(c002,mul(c005,inv(X1))))).
%
%cnf(i_0_4940, plain, (mul(c001,mul(c004,inv(mul(X1,c001))))=mul(c004,inv(mul(X1,c006))))).
%
%cnf(i_0_4947, plain, (mul(c002,mul(c005,inv(mul(X1,c002))))=mul(c005,inv(mul(X1,c008))))).
%
%cnf(i_0_4948, plain, (mul(c002,mul(c004,inv(mul(X1,c002))))=mul(c004,inv(mul(X1,c007))))).
%
%cnf(i_0_37533, plain, (mul(c002,mul(c004,mul(c006,mul(c007,inv(c002)))))=mul(c004,c006))).
%%%%%%%%%%%%%%%%%
%cnf(i_0_2386, plain, (mul(c002,mul(c008,mul(c007,mul(c008,inv(c002)))))=mul(c008,mul(c007,c008)))).
%%%%%%%%%%%
%cnf(i_0_2387, plain, (mul(c002,mul(c007,mul(c007,mul(c008,inv(c002)))))=mul(c007,mul(c007,c008)))).
%%%%%%%%%%%
%cnf(i_0_2388, plain, (mul(c002,mul(c006,mul(c007,mul(c008,inv(c002)))))=mul(c006,mul(c007,c008)))).
%%%%%%%%%%%%%%%%%%%%%%
%cnf(i_0_2398, plain, (mul(c002,mul(c008,mul(c007,mul(c007,inv(c002)))))=mul(c008,mul(c007,c007)))).
%%%%%%%%%%
%cnf(i_0_6431, plain, (mul(c008,inv(mul(c005,mul(c002,c002))))=inv(mul(c002,mul(c005,c002))))).
%
%cnf(i_0_2399, plain, (mul(c002,mul(c007,mul(c007,mul(c007,inv(c002)))))=mul(c007,mul(c007,c007)))).
%
%cnf(i_0_6540, plain, (mul(inv(mul(c008,mul(c004,c002))),c002)=inv(mul(c008,mul(c004,c007))))).
%%%
%cnf(i_0_6590, plain, (mul(c007,inv(mul(c004,mul(c002,c002))))=inv(mul(c002,mul(c004,c002))))).
%
%cnf(i_0_6616, plain, (mul(c006,inv(mul(c004,mul(c001,c001))))=inv(mul(c001,mul(c004,c001))))).
%
%cnf(i_0_6645, plain, (mul(c006,inv(mul(c004,mul(c001,c002))))=inv(mul(c001,mul(c004,c002))))).
%
%cnf(i_0_6671, plain, (mul(c005,inv(mul(c003,mul(c002,c003))))=inv(mul(c002,mul(c003,c003))))).
%
%cnf(i_0_6699, plain, (mul(c003,inv(mul(c003,mul(c001,c004))))=inv(mul(c001,mul(c004,c004))))).
%
%cnf(i_0_6700, plain, (mul(c003,inv(mul(c002,mul(c001,c004))))=inv(mul(c001,mul(c002,c004))))).
%
%cnf(i_0_6701, plain, (mul(c003,inv(mul(c003,mul(c002,c004))))=inv(mul(c002,mul(c005,c004))))).
%
%cnf(i_0_2400, plain, (mul(c002,mul(c006,mul(c007,mul(c007,inv(c002)))))=mul(c006,mul(c007,c007)))).
%
%cnf(i_0_6806, plain, (mul(inv(mul(c007,mul(c005,c002))),c002)=inv(mul(c007,mul(c005,c008))))).
%%%
%cnf(i_0_6820, plain, (mul(inv(mul(c007,mul(c004,c002))),c002)=inv(mul(c007,mul(c004,c007))))).
%%%
%cnf(i_0_6834, plain, (mul(inv(mul(c007,mul(c003,c002))),c002)=inv(mul(c007,mul(c003,c005))))).
%%%
%cnf(i_0_6868, plain, (mul(c004,inv(mul(c003,mul(c001,c003))))=inv(mul(c001,mul(c003,c003))))).
%%
%cnf(i_0_6901, plain, (mul(c003,inv(mul(c003,mul(c001,c005))))=inv(mul(c001,mul(c004,c005))))).
%
%cnf(i_0_6902, plain, (mul(c003,inv(mul(c002,mul(c001,c005))))=inv(mul(c001,mul(c002,c005))))).
%
%cnf(i_0_6903, plain, (mul(c003,inv(mul(c003,mul(c002,c005))))=inv(mul(c002,mul(c005,c005))))).
%
%cnf(i_0_6937, plain, (mul(c001,inv(mul(c002,mul(c003,c006))))=mul(inv(mul(c002,c006)),c001))).
%
%cnf(i_0_6938, plain, (mul(c001,inv(mul(c004,mul(c003,c006))))=mul(inv(mul(c003,c006)),c001))).
%
%cnf(i_0_6939, plain, (mul(c001,inv(mul(c004,mul(c006,c006))))=mul(inv(mul(c004,c006)),c001))).
%%%%
%cnf(i_0_6978, plain, (mul(c002,inv(mul(c003,mul(c005,c008))))=mul(inv(mul(c003,c008)),c002))).
%
%cnf(i_0_2422, plain, (mul(c001,mul(c006,mul(c006,mul(c006,inv(c001)))))=mul(c006,mul(c006,c006)))).
%
%cnf(i_0_6979, plain, (mul(c002,inv(mul(c004,mul(c007,c008))))=mul(inv(mul(c004,c008)),c002))).
%
%cnf(i_0_6980, plain, (mul(c002,inv(mul(c005,mul(c008,c008))))=mul(inv(mul(c005,c008)),c002))).
%%
%cnf(i_0_7013, plain, (mul(c002,mul(inv(c008),mul(c004,c007)))=mul(inv(c008),mul(c004,c002)))).
%%%%%
%cnf(i_0_7138, plain, (mul(c002,inv(mul(c003,mul(c005,c007))))=mul(inv(mul(c003,c007)),c002))).
%
%cnf(i_0_7139, plain, (mul(c002,inv(mul(c004,mul(c007,c007))))=mul(inv(mul(c004,c007)),c002))).
%%
%cnf(i_0_7140, plain, (mul(c002,inv(mul(c005,mul(c008,c007))))=mul(inv(mul(c005,c007)),c002))).
%
%cnf(i_0_7170, plain, (mul(c002,mul(inv(c007),mul(c005,c008)))=mul(inv(c007),mul(c005,c002)))).
%
%cnf(i_0_7173, plain, (mul(c002,mul(inv(c007),mul(c004,c007)))=mul(inv(c007),mul(c004,c002)))).
%
%cnf(i_0_7176, plain, (mul(c002,mul(inv(c007),mul(c003,c005)))=mul(inv(c007),mul(c003,c002)))).
%
%cnf(i_0_7209, plain, (mul(c002,inv(mul(c003,mul(c005,c006))))=mul(inv(mul(c003,c006)),c002))).
%
%cnf(i_0_7210, plain, (mul(c002,inv(mul(c004,mul(c006,c007))))=mul(inv(mul(c004,c006)),c002))).
%
%cnf(i_0_7211, plain, (mul(c002,inv(mul(c005,mul(c006,c008))))=mul(inv(mul(c005,c006)),c002))).
%%%%%
%cnf(i_0_7251, plain, (mul(c002,mul(c001,inv(mul(c003,c006))))=mul(c001,mul(c002,inv(c006))))).
%
%cnf(i_0_7426, plain, (mul(inv(mul(c003,mul(c002,c005))),c005)=mul(c008,inv(mul(c003,c002))))).
%%%%%%
%cnf(i_0_7539, plain, (mul(inv(mul(c004,mul(c001,c004))),c003)=mul(c003,inv(mul(c004,c001))))).
%%
%cnf(i_0_7541, plain, (mul(inv(mul(c004,mul(c002,c003))),c003)=mul(c005,inv(mul(c004,c002))))).
%%
%cnf(i_0_7542, plain, (mul(inv(mul(c004,mul(c002,c005))),c003)=mul(c003,inv(mul(c004,c002))))).
%%%%%%%%
%cnf(i_0_7654, plain, (mul(c001,mul(c002,inv(mul(c004,c001))))=mul(c002,inv(mul(c003,c006))))).
%%
%cnf(i_0_2434, plain, (mul(c002,mul(c006,mul(c006,mul(c008,inv(c002)))))=mul(c006,mul(c006,c008)))).
%%
%cnf(i_0_7728, plain, (mul(c003,mul(c005,mul(c007,inv(c002))))=mul(inv(c002),mul(c003,c007)))).
%
%cnf(i_0_7739, plain, (mul(c003,mul(c005,mul(c006,inv(c002))))=mul(c006,mul(inv(c002),c003)))).
%%%
%cnf(i_0_7793, plain, (mul(c004,mul(c006,mul(c006,inv(c001))))=mul(c006,mul(inv(c001),c004)))).
%%%
%cnf(i_0_7842, plain, (mul(c004,mul(c007,mul(c008,inv(c002))))=mul(inv(c002),mul(c004,c008)))).
%
%cnf(i_0_7853, plain, (mul(c004,mul(c007,mul(c007,inv(c002))))=mul(inv(c002),mul(c004,c007)))).
%%
%cnf(i_0_7864, plain, (mul(c004,mul(c006,mul(c007,inv(c002))))=mul(c006,mul(inv(c002),c004)))).
%%%%%%
%cnf(i_0_7935, plain, (mul(c005,mul(c008,mul(c008,inv(c002))))=mul(c008,mul(inv(c002),c005)))).
%
%cnf(i_0_7946, plain, (mul(c005,mul(c008,mul(c007,inv(c002))))=mul(inv(c002),mul(c005,c007)))).
%
%cnf(i_0_7957, plain, (mul(c005,mul(c006,mul(c008,inv(c002))))=mul(c006,mul(inv(c002),c005)))).
%
%cnf(i_0_8018, plain, (mul(c005,mul(c004,mul(c004,c003)))=mul(c003,mul(c005,mul(c004,c004))))).
%%
%cnf(i_0_8037, plain, (mul(c003,mul(c005,mul(c004,inv(c001))))=mul(c005,mul(inv(c001),c003)))).
%%%%%%%%%%%%%%%%%%
%cnf(i_0_8150, plain, (mul(c003,mul(c005,mul(c008,inv(mul(c002,c003)))))=mul(inv(c002),c005))).
%
%cnf(i_0_8161, plain, (mul(c003,mul(c008,inv(mul(c003,c002))))=mul(c008,inv(mul(c002,c005))))).
%%
%cnf(i_0_2446, plain, (mul(c002,mul(c006,mul(c006,mul(c007,inv(c002)))))=mul(c006,mul(c006,c007)))).
%
%cnf(i_0_8402, plain, (mul(c003,mul(c001,inv(mul(c003,mul(c005,c004)))))=mul(c001,inv(c005)))).
%%
%cnf(i_0_8450, plain, (mul(c004,mul(c006,inv(mul(c003,c001))))=mul(c006,inv(mul(c001,c003))))).
%%
%cnf(i_0_8580, plain, (mul(c003,mul(c006,inv(mul(c003,c002))))=mul(c006,inv(mul(c002,c005))))).
%%%%
%cnf(i_0_9022, plain, (mul(inv(c003),mul(c002,mul(c004,c003)))=mul(c002,mul(inv(c005),c004)))).
%%%
%cnf(i_0_9028, plain, (mul(inv(mul(c001,c003)),mul(c004,c003))=mul(c004,mul(inv(c001),c004)))).
%
%cnf(i_0_9029, plain, (mul(inv(mul(c002,c003)),mul(c004,c003))=mul(c005,mul(inv(c002),c004)))).
%
%cnf(i_0_9030, plain, (mul(inv(mul(c002,c005)),mul(c004,c003))=mul(c003,mul(inv(c002),c004)))).
%%%%%%%%
%cnf(i_0_2457, plain, (mul(c002,mul(c007,mul(c003,mul(c005,X1))))=mul(c007,mul(c003,mul(c002,X1))))).
%%
%cnf(i_0_9470, plain, (mul(inv(mul(c002,mul(c001,c005))),mul(c003,c001))=mul(inv(c002),c004))).
%
%cnf(i_0_39608, plain, (mul(c002,mul(c001,mul(c005,mul(inv(c002),c004))))=mul(c003,c001))).
%%%%%%%%%%%%%%%%
%cnf(i_0_9875, plain, (mul(c003,mul(c001,inv(mul(c003,c006))))=mul(c001,mul(c004,inv(c006))))).
%%%
%cnf(i_0_2468, plain, (mul(c002,mul(c003,mul(c003,mul(c005,c004))))=mul(c003,mul(c002,mul(c004,c003))))).
%%%%
%cnf(i_0_9926, plain, (mul(c002,mul(c001,mul(c005,mul(c004,c007))))=mul(c003,mul(c001,c002)))).
%
%cnf(i_0_39726, plain, (mul(c001,mul(c005,mul(c004,c007)))=mul(c005,mul(c001,c004)))).
%
%cnf(i_0_39760, plain, (mul(inv(c001),mul(c005,mul(c001,c004)))=mul(c005,mul(c004,c007)))).
%
%cnf(i_0_39787, plain, (mul(c005,mul(c001,mul(c004,inv(mul(c005,mul(c004,c007))))))=c001)).
%%%%
%cnf(i_0_2469, plain, (mul(c002,mul(c003,mul(c003,mul(c005,X1))))=mul(c003,mul(c002,mul(c003,X1))))).
%
%cnf(i_0_9998, plain, (mul(c003,mul(c001,mul(c006,X1)))=mul(c004,mul(c001,mul(c003,X1))))).
%
%cnf(i_0_10015, plain, (mul(c003,mul(c006,inv(mul(c003,c001))))=mul(c006,inv(mul(c001,c004))))).
%
%cnf(i_0_10016, plain, (mul(c003,mul(c006,inv(mul(c002,c001))))=mul(c006,inv(mul(c001,c002))))).
%%%%%
%cnf(i_0_10045, plain, (mul(c005,mul(c004,mul(c001,c003)))=mul(c003,mul(c005,mul(c001,c006))))).
%%
%cnf(i_0_10059, plain, (mul(inv(mul(c001,c006)),mul(c004,X1))=mul(c004,mul(inv(c001),X1)))).
%
%cnf(i_0_2470, plain, (mul(c003,mul(c002,mul(c002,inv(c008))))=mul(c002,mul(c003,mul(c002,c005))))).
%%%%%%%%%%%%
%cnf(i_0_10313, plain, (mul(inv(c004),mul(c001,mul(c006,X1)))=mul(c001,mul(inv(c004),X1)))).
%
%cnf(i_0_10316, plain, (mul(c004,mul(inv(mul(c004,c001)),X1))=mul(inv(mul(c001,c006)),X1))).
%%%
%cnf(i_0_10353, plain, (mul(c004,mul(c001,inv(mul(X1,c004))))=mul(c001,mul(c006,inv(X1))))).
%%%%%%%%%
%cnf(i_0_10413, plain, (mul(c004,mul(c003,inv(mul(c004,c001))))=mul(c003,inv(mul(c001,c006))))).
%
%cnf(i_0_10414, plain, (mul(c004,inv(mul(c004,mul(c001,c003))))=inv(mul(c001,mul(c003,c006))))).
%
%cnf(i_0_10451, plain, (mul(inv(mul(c004,mul(c001,X1))),c006)=inv(mul(c001,mul(c004,X1))))).
%%%%%
%cnf(i_0_10481, plain, (mul(inv(mul(c003,mul(c001,c004))),c004)=mul(c006,inv(mul(c003,c001))))).
%%
%cnf(i_0_10494, plain, (mul(inv(mul(c004,c001)),mul(c006,X1))=mul(inv(mul(c001,c004)),X1))).
%%%%%
%cnf(i_0_10713, plain, (mul(inv(mul(c005,mul(c001,c004))),c003)=mul(c003,inv(mul(c005,c001))))).
%%%
%cnf(i_0_10987, plain, (mul(inv(mul(c008,mul(c001,c002))),c002)=mul(c003,inv(mul(c008,c001))))).
%
%cnf(i_0_11071, plain, (mul(inv(mul(c007,mul(c001,c002))),c002)=mul(c003,inv(mul(c007,c001))))).
%
%cnf(i_0_2486, plain, (mul(c002,mul(c006,mul(c006,mul(c006,inv(c002)))))=mul(c006,mul(c006,c006)))).
%%%%
%cnf(i_0_11382, plain, (mul(c002,mul(c005,mul(c007,inv(c002))))=mul(c005,mul(inv(c008),c007)))).
%%%
%cnf(i_0_11414, plain, (mul(c004,mul(c006,mul(c007,inv(mul(c004,mul(c002,c006))))))=inv(c002))).
%
%cnf(i_0_11418, plain, (mul(c006,mul(c007,inv(mul(c004,mul(c002,c006)))))=inv(mul(c002,c004)))).
%%%%%
%cnf(i_0_11513, plain, (mul(c002,mul(c004,mul(c008,inv(c002))))=mul(c004,mul(inv(c007),c008)))).
%%
%cnf(i_0_11540, plain, (mul(c004,mul(c001,inv(mul(c006,c007))))=mul(c001,mul(c004,inv(c007))))).
%
%cnf(i_0_11594, plain, (mul(inv(mul(c003,mul(c002,c004))),c004)=mul(c007,inv(mul(c003,c002))))).
%
%cnf(i_0_11632, plain, (mul(c006,mul(c007,inv(mul(c004,c001))))=mul(c007,inv(mul(c001,c004))))).
%
%cnf(i_0_11636, plain, (mul(c007,mul(c004,mul(c006,X1)))=mul(c006,mul(c007,mul(c004,X1))))).
%
%cnf(i_0_11637, plain, (mul(c007,mul(c003,mul(c006,X1)))=mul(c006,mul(c007,mul(c003,X1))))).
%
%cnf(i_0_11638, plain, (mul(c007,mul(c001,mul(c006,X1)))=mul(c006,mul(c007,mul(c001,X1))))).
%
%cnf(i_0_11640, plain, (mul(c006,mul(c007,mul(inv(c004),c001)))=mul(c007,mul(c001,inv(c004))))).
%
%cnf(i_0_2496, plain, (mul(c003,mul(c005,mul(c005,mul(c005,inv(c003)))))=mul(c005,mul(c005,c005)))).
%%%%%%%%%%%
%cnf(i_0_2497, plain, (mul(c002,mul(c001,mul(c005,mul(c005,inv(c003)))))=mul(c001,mul(c002,mul(c005,c005))))).
%%
%cnf(i_0_12164, plain, (mul(c003,mul(c002,inv(mul(c005,c006))))=mul(c002,mul(c003,inv(c006))))).
%%%
%cnf(i_0_12278, plain, (mul(inv(mul(c003,c001)),mul(c002,mul(c001,c005)))=mul(inv(c004),c002))).
%
%cnf(i_0_12307, plain, (mul(c007,mul(c005,mul(c006,X1)))=mul(c006,mul(c007,mul(c005,X1))))).
%
%cnf(i_0_12315, plain, (mul(c005,mul(c006,inv(mul(c003,c002))))=mul(c006,inv(mul(c002,c003))))).
%%%%
%cnf(i_0_2499, plain, (mul(c003,mul(c001,mul(c005,mul(c005,inv(c003)))))=mul(c001,mul(c004,mul(c005,c005))))).
%%%%%
%cnf(i_0_12827, plain, (mul(c003,mul(c006,mul(inv(c002),c001)))=mul(c004,mul(c001,inv(c002))))).
%%%%%%%%%%%%%%%%%
%cnf(i_0_2510, plain, (mul(c004,mul(c003,mul(c003,mul(c003,inv(c004)))))=mul(c003,mul(c003,c003)))).
%%%%%%
%cnf(i_0_13336, plain, (mul(c007,mul(inv(mul(c004,c006)),c002))=mul(c002,inv(mul(c004,c006))))).
%%%%%%%%%%%%
%cnf(i_0_13594, plain, (mul(inv(mul(c003,mul(c001,c002))),c002)=inv(mul(c005,mul(c001,c004))))).
%%
%cnf(i_0_13826, plain, (mul(c002,mul(c003,inv(mul(c001,c006))))=mul(inv(mul(c001,c006)),c002))).
%%
%cnf(i_0_2623, plain, (mul(c001,mul(c004,mul(c001,mul(c006,X1))))=mul(c004,mul(c001,mul(c001,X1))))).
%%%
%cnf(i_0_14174, plain, (mul(c003,mul(c002,inv(mul(c003,c006))))=mul(c002,mul(c005,inv(c006))))).
%%%%
%cnf(i_0_14474, plain, (mul(c003,inv(mul(c002,mul(c001,c006))))=inv(mul(c001,mul(c002,c006))))).
%
%cnf(i_0_14476, plain, (mul(c003,inv(mul(c003,mul(c002,c006))))=inv(mul(c002,mul(c005,c006))))).
%%%
%cnf(i_0_2624, plain, (mul(c001,mul(c004,mul(c002,mul(c006,X1))))=mul(c004,mul(c001,mul(c002,X1))))).
%%%%%%
%cnf(i_0_14887, plain, (mul(c003,mul(c001,mul(c001,c006)))=mul(c004,mul(c001,mul(c003,c001))))).
%
%cnf(i_0_14888, plain, (mul(c003,mul(c001,mul(c002,c006)))=mul(c004,mul(c002,mul(c001,c005))))).
%
%cnf(i_0_14889, plain, (mul(c003,mul(c001,mul(c003,c006)))=mul(c004,mul(c001,mul(c003,c003))))).
%%%%%
%cnf(i_0_14948, plain, (mul(c004,inv(mul(c004,mul(c001,c006))))=inv(mul(c001,mul(c006,c006))))).
%
%cnf(i_0_14950, plain, (mul(c004,mul(c007,inv(mul(c002,c006))))=mul(inv(mul(c002,c006)),c004))).
%
%cnf(i_0_14958, plain, (mul(c004,mul(c003,inv(mul(c001,c006))))=mul(inv(mul(c001,c006)),c003))).
%%%%
%cnf(i_0_15006, plain, (mul(c001,mul(c003,inv(mul(c004,c006))))=mul(inv(c004),mul(c001,c003)))).
%%
%cnf(i_0_15054, plain, (mul(c006,inv(mul(c004,mul(c001,c004))))=inv(mul(c001,mul(c004,c004))))).
%
%cnf(i_0_2759, plain, (mul(c002,mul(c008,mul(c004,mul(c007,X1))))=mul(c008,mul(c004,mul(c002,X1))))).
%
%cnf(i_0_15055, plain, (mul(c006,inv(mul(c004,mul(c003,c001))))=inv(mul(c003,mul(c001,c004))))).
%%%%%%%%%
%cnf(i_0_15386, plain, (mul(c001,mul(c004,mul(c004,mul(c006,c006))))=mul(c004,mul(c004,c001)))).
%
%cnf(i_0_2760, plain, (mul(c002,mul(c007,mul(c004,mul(c007,X1))))=mul(c007,mul(c004,mul(c002,X1))))).
%
%cnf(i_0_15492, plain, (mul(inv(c004),mul(c001,mul(c001,c006)))=mul(c001,mul(inv(c004),c001)))).
%
%cnf(i_0_15509, plain, (mul(inv(c004),mul(c001,mul(c002,c006)))=mul(c001,mul(inv(c004),c002)))).
%%%%%
%cnf(i_0_15745, plain, (mul(c005,mul(c001,mul(c004,inv(mul(c003,mul(c001,c002))))))=inv(c002))).
%
%cnf(i_0_15749, plain, (mul(c001,mul(c004,inv(mul(c003,mul(c001,c002)))))=inv(mul(c002,c005)))).
%
%cnf(i_0_15752, plain, (mul(c004,mul(c002,mul(c001,c005)))=mul(c002,mul(c005,mul(c004,c001))))).
%
%cnf(i_0_42703, plain, (mul(c004,mul(c007,mul(c001,c005)))=mul(c005,mul(c004,c001)))).
%
%cnf(i_0_2761, plain, (mul(c002,mul(c004,mul(c006,mul(c007,X1))))=mul(c004,mul(c002,mul(c006,X1))))).
%
%cnf(i_0_42698, plain, (mul(inv(c004),mul(c005,mul(c004,c001)))=mul(c007,mul(c001,c005)))).
%%
%cnf(i_0_42809, plain, (mul(c005,mul(c004,mul(c001,inv(mul(c007,mul(c001,c005))))))=c004)).
%%
%cnf(i_0_16173, plain, (mul(c006,inv(mul(X1,mul(c004,c001))))=inv(mul(X1,mul(c001,c004))))).
%%%
%cnf(i_0_16279, plain, (mul(c006,inv(mul(c004,mul(c001,c007))))=inv(mul(c001,mul(c004,c007))))).
%%%
%cnf(i_0_2769, plain, (mul(c002,mul(c004,mul(c002,mul(c007,X1))))=mul(c004,mul(c002,mul(c002,X1))))).
%%%%
%cnf(i_0_16417, plain, (mul(inv(c004),mul(c001,mul(c003,c006)))=mul(c001,mul(c003,inv(c004))))).
%%
%cnf(i_0_16430, plain, (mul(c001,inv(mul(c001,mul(c002,c006))))=mul(c003,inv(mul(c002,c004))))).
%
%cnf(i_0_16431, plain, (mul(c003,mul(inv(mul(c002,c004)),c001))=mul(c001,inv(mul(c002,c006))))).
%%
%cnf(i_0_16498, plain, (mul(c007,mul(c001,mul(c001,c006)))=mul(c006,mul(c007,mul(c001,c001))))).
%
%cnf(i_0_16499, plain, (mul(c007,mul(c001,mul(c002,c006)))=mul(c006,mul(c007,mul(c001,c002))))).
%
%cnf(i_0_2770, plain, (mul(c004,mul(c002,mul(inv(c004),c002)))=mul(c002,mul(c004,mul(c002,inv(c004)))))).
%
%cnf(i_0_16509, plain, (mul(c007,mul(c001,mul(c003,c006)))=mul(c006,mul(c007,mul(c001,c003))))).
%%%%%%%%%%%%%%
%cnf(i_0_16598, plain, (mul(inv(mul(c002,mul(c001,c004))),mul(c001,c002))=inv(mul(c004,c003)))).
%
%cnf(i_0_16638, plain, (mul(c007,inv(mul(c004,mul(c002,c006))))=inv(mul(c002,mul(c004,c006))))).
%%%%%%
%cnf(i_0_2909, plain, (mul(c002,mul(c007,mul(c005,mul(c008,X1))))=mul(c007,mul(c005,mul(c002,X1))))).
%%%%
%cnf(i_0_16734, plain, (mul(c004,mul(c001,inv(mul(c006,mul(c007,c004)))))=mul(c001,inv(c007)))).
%
%cnf(i_0_16740, plain, (mul(c006,mul(c007,mul(c004,inv(c001))))=mul(c007,mul(inv(c001),c004)))).
%
%cnf(i_0_16741, plain, (mul(c007,mul(c004,mul(c001,c006)))=mul(c006,mul(c007,mul(c004,c001))))).
%
%cnf(i_0_16742, plain, (mul(c007,mul(c004,mul(c002,c006)))=mul(c006,mul(c007,mul(c004,c002))))).
%
%cnf(i_0_16743, plain, (mul(c007,mul(c004,mul(c003,c006)))=mul(c006,mul(c007,mul(c004,c003))))).
%
%cnf(i_0_16749, plain, (mul(c007,mul(c004,mul(c004,c006)))=mul(c006,mul(c007,mul(c004,c004))))).
%%
%cnf(i_0_2910, plain, (mul(c002,mul(c005,mul(c006,mul(c008,X1))))=mul(c005,mul(c002,mul(c006,X1))))).
%
%cnf(i_0_16793, plain, (mul(c007,mul(c004,mul(c001,c003)))=mul(c006,mul(c007,mul(c003,c001))))).
%
%cnf(i_0_16794, plain, (mul(c007,mul(c003,mul(c002,c006)))=mul(c006,mul(c007,mul(c003,c002))))).
%
%cnf(i_0_16795, plain, (mul(c007,mul(c003,mul(c003,c006)))=mul(c006,mul(c007,mul(c003,c003))))).
%%
%cnf(i_0_16841, plain, (mul(inv(mul(c001,mul(c006,c006))),c004)=mul(c004,inv(mul(c001,c006))))).
%
%cnf(i_0_16843, plain, (mul(c004,mul(c006,inv(mul(c001,c003))))=mul(inv(mul(c001,c003)),c004))).
%
%cnf(i_0_16864, plain, (mul(c001,mul(c002,mul(c006,inv(c001))))=mul(c002,mul(c004,inv(c003))))).
%%
%cnf(i_0_16981, plain, (mul(c003,inv(mul(X1,mul(c003,c001))))=inv(mul(X1,mul(c001,c004))))).
%%
%cnf(i_0_2918, plain, (mul(c002,mul(c005,mul(c002,mul(c008,X1))))=mul(c005,mul(c002,mul(c002,X1))))).
%%%%
%cnf(i_0_17127, plain, (mul(c003,mul(c001,mul(c005,c006)))=mul(c004,mul(c001,mul(c003,c005))))).
%
%cnf(i_0_17131, plain, (mul(c007,mul(c001,mul(c005,c006)))=mul(c006,mul(c007,mul(c001,c005))))).
%
%cnf(i_0_17132, plain, (mul(c007,mul(c004,mul(c005,c006)))=mul(c006,mul(c007,mul(c004,c005))))).
%
%cnf(i_0_17133, plain, (mul(c007,mul(c003,mul(c005,c006)))=mul(c006,mul(c007,mul(c003,c005))))).
%%
%cnf(i_0_17186, plain, (mul(c004,mul(c005,mul(c006,inv(mul(c004,mul(c001,c005))))))=inv(c001))).
%
%cnf(i_0_17190, plain, (mul(c005,mul(c006,inv(mul(c004,mul(c001,c005)))))=inv(mul(c001,c004)))).
%%%%%%%%
%cnf(i_0_17529, plain, (mul(c005,inv(mul(c003,mul(c002,c006))))=inv(mul(c002,mul(c003,c006))))).
%
%cnf(i_0_17532, plain, (mul(c005,mul(c008,inv(mul(c002,c006))))=mul(inv(mul(c002,c006)),c005))).
%%%
%cnf(i_0_4035, plain, (mul(inv(mul(c005,c004)),mul(c003,mul(c005,mul(c004,X1))))=mul(c003,X1))).
%
%cnf(i_0_17706, plain, (mul(c006,inv(mul(c004,mul(c001,c005))))=inv(mul(c001,mul(c004,c005))))).
%%%%%%
%cnf(i_0_17757, plain, (mul(c003,inv(mul(c003,mul(c005,c001))))=inv(mul(c005,mul(c001,c004))))).
%
%cnf(i_0_17761, plain, (mul(c003,inv(mul(c003,mul(c002,c001))))=inv(mul(c003,mul(c001,c002))))).
%%
%cnf(i_0_17802, plain, (mul(c005,mul(c006,mul(c008,inv(mul(c005,mul(c002,c006))))))=inv(c002))).
%
%cnf(i_0_4049, plain, (mul(inv(mul(c005,mul(c004,X1))),mul(c003,mul(c005,c004)))=mul(inv(X1),c003))).
%
%cnf(i_0_17806, plain, (mul(c006,mul(c008,inv(mul(c005,mul(c002,c006)))))=inv(mul(c002,c005)))).
%
%cnf(i_0_18004, plain, (mul(c004,mul(c001,inv(mul(c006,c008))))=mul(c001,mul(c004,inv(c008))))).
%%
%cnf(i_0_18072, plain, (mul(c003,inv(mul(X1,mul(c002,c001))))=inv(mul(X1,mul(c001,c002))))).
%%%
%cnf(i_0_18086, plain, (mul(inv(mul(c001,mul(c002,c006))),c002)=mul(c003,inv(mul(c001,c006))))).
%%
%cnf(i_0_18123, plain, (mul(c006,mul(c008,inv(mul(c004,c001))))=mul(c008,inv(mul(c001,c004))))).
%%
%cnf(i_0_4050, plain, (mul(inv(mul(c003,mul(c005,c004))),mul(c005,mul(c004,inv(X1))))=inv(mul(X1,c003)))).
%
%cnf(i_0_18142, plain, (mul(c008,mul(c004,mul(c006,X1)))=mul(c006,mul(c008,mul(c004,X1))))).
%%
%cnf(i_0_18144, plain, (mul(c008,mul(c001,mul(c006,X1)))=mul(c006,mul(c008,mul(c001,X1))))).
%
%cnf(i_0_18146, plain, (mul(c006,mul(c008,mul(inv(c004),c001)))=mul(c008,mul(c001,inv(c004))))).
%%%%%
%cnf(i_0_18428, plain, (mul(inv(c002),mul(c001,mul(c003,c008)))=mul(c001,mul(inv(c002),c005)))).
%%
%cnf(i_0_4069, plain, (mul(c005,mul(c002,mul(inv(mul(X1,c008)),X2)))=mul(c002,mul(c005,mul(inv(X1),X2))))).
%
%cnf(i_0_18572, plain, (mul(inv(mul(c002,c004)),mul(c001,c002))=mul(inv(mul(c003,c006)),c001))).
%
%cnf(i_0_18602, plain, (mul(inv(mul(c002,mul(c001,c006))),mul(c001,c002))=inv(mul(c003,c006)))).
%%%%%%%
%cnf(i_0_18763, plain, (mul(c003,inv(mul(c002,mul(c008,c001))))=inv(mul(c008,mul(c001,c002))))).
%
%cnf(i_0_18764, plain, (mul(c003,inv(mul(c002,mul(c007,c001))))=inv(mul(c007,mul(c001,c002))))).
%
%cnf(i_0_4072, plain, (mul(c004,mul(c002,mul(inv(mul(X1,c007)),X2)))=mul(c002,mul(c004,mul(inv(X1),X2))))).
%%%%
%cnf(i_0_18947, plain, (mul(c007,mul(c005,mul(c001,c006)))=mul(c006,mul(c007,mul(c005,c001))))).
%
%cnf(i_0_18948, plain, (mul(c007,mul(c005,mul(c002,c006)))=mul(c006,mul(c007,mul(c005,c002))))).
%%
%cnf(i_0_18955, plain, (mul(c007,mul(c005,mul(c004,c006)))=mul(c006,mul(c007,mul(c005,c004))))).
%
%cnf(i_0_18960, plain, (mul(c007,mul(c005,mul(c005,c006)))=mul(c006,mul(c007,mul(c005,c005))))).
%%%
%cnf(i_0_4076, plain, (mul(c004,mul(c001,mul(inv(mul(X1,c006)),X2)))=mul(c001,mul(c004,mul(inv(X1),X2))))).
%%
%cnf(i_0_19024, plain, (mul(inv(mul(c001,mul(c003,c003))),c003)=mul(c004,inv(mul(c001,c003))))).
%
%cnf(i_0_19027, plain, (mul(inv(mul(c001,mul(c003,c006))),c003)=mul(c004,inv(mul(c001,c006))))).
%%
%cnf(i_0_19165, plain, (mul(c008,inv(mul(X1,mul(c005,c002))))=inv(mul(X1,mul(c002,c005))))).
%%%%%%
%cnf(i_0_4080, plain, (mul(c003,mul(c002,mul(inv(mul(X1,c005)),X2)))=mul(c002,mul(c003,mul(inv(X1),X2))))).
%
%cnf(i_0_19233, plain, (mul(c002,mul(c001,inv(mul(c003,c008))))=mul(c001,mul(c002,inv(c008))))).
%
%cnf(i_0_19234, plain, (mul(c003,mul(c001,inv(mul(c003,c008))))=mul(c001,mul(c004,inv(c008))))).
%
%cnf(i_0_19240, plain, (mul(c003,inv(mul(c003,mul(c008,c001))))=inv(mul(c008,mul(c001,c004))))).
%%%
%cnf(i_0_19364, plain, (mul(c005,mul(c002,mul(c003,X1)))=mul(c003,mul(c002,mul(c008,X1))))).
%
%cnf(i_0_19378, plain, (mul(c003,mul(c008,inv(mul(c003,c001))))=mul(c008,inv(mul(c001,c004))))).
%
%cnf(i_0_19379, plain, (mul(c003,mul(c008,inv(mul(c002,c001))))=mul(c008,inv(mul(c001,c002))))).
%%%%
%cnf(i_0_19407, plain, (mul(c008,mul(c004,mul(c003,X1)))=mul(c003,mul(c008,mul(c004,X1))))).
%
%cnf(i_0_19408, plain, (mul(c008,mul(c004,mul(c001,c003)))=mul(c003,mul(c006,mul(c008,c001))))).
%%%
%cnf(i_0_19443, plain, (mul(inv(mul(c002,c008)),mul(c005,X1))=mul(c005,mul(inv(c002),X1)))).
%
%cnf(i_0_46550, plain, (mul(inv(mul(c002,c008)),mul(c003,mul(c002,c008)))=mul(c003,c005))).
%%%
%cnf(i_0_19454, plain, (mul(inv(c005),mul(c002,mul(c002,c008)))=mul(c002,mul(inv(c005),c002)))).
%
%cnf(i_0_19455, plain, (mul(inv(mul(c002,c008)),mul(c003,c005))=mul(c005,mul(inv(c002),c003)))).
%%
%cnf(i_0_19457, plain, (mul(c005,mul(c002,inv(mul(c005,c006))))=mul(c002,mul(c008,inv(c006))))).
%%%%%%%%
%cnf(i_0_19550, plain, (mul(inv(mul(c003,mul(c002,c008))),mul(c002,c005))=inv(mul(c003,c008)))).
%%
%cnf(i_0_4084, plain, (mul(c002,mul(c001,mul(inv(mul(X1,c003)),X2)))=mul(c001,mul(c002,mul(inv(X1),X2))))).
%%%%%
%cnf(i_0_19658, plain, (mul(c008,inv(mul(c005,mul(c002,c006))))=inv(mul(c002,mul(c005,c006))))).
%%
%cnf(i_0_19685, plain, (mul(c005,mul(c002,mul(c004,c003)))=mul(c003,mul(c002,mul(c008,c004))))).
%%%
%cnf(i_0_19738, plain, (mul(inv(c005),mul(c002,mul(c008,X1)))=mul(c002,mul(inv(c005),X1)))).
%
%cnf(i_0_4086, plain, (mul(c003,mul(c001,mul(inv(mul(X1,c003)),X2)))=mul(c001,mul(c004,mul(inv(X1),X2))))).
%
%cnf(i_0_19741, plain, (mul(c005,mul(inv(mul(c005,c002)),X1))=mul(inv(mul(c002,c008)),X1))).
%%%
%cnf(i_0_19791, plain, (mul(c005,mul(c002,inv(mul(X1,c005))))=mul(c002,mul(c008,inv(X1))))).
%%%%
%cnf(i_0_19811, plain, (mul(c005,inv(mul(c003,mul(c002,c008))))=inv(mul(c002,mul(c003,c008))))).
%%%%
%cnf(i_0_19818, plain, (mul(c005,mul(c006,inv(mul(c005,c002))))=mul(c006,inv(mul(c002,c008))))).
%
%cnf(i_0_19819, plain, (mul(c005,inv(mul(c005,mul(c002,c006))))=inv(mul(c002,mul(c006,c008))))).
%
%cnf(i_0_19833, plain, (mul(inv(mul(c005,mul(c002,X1))),c008)=inv(mul(c002,mul(c005,X1))))).
%
%cnf(i_0_19844, plain, (mul(c005,mul(c008,inv(mul(c003,c002))))=mul(c008,inv(mul(c002,c003))))).
%%%
%cnf(i_0_19891, plain, (mul(c007,inv(mul(X1,mul(c004,c002))))=inv(mul(X1,mul(c002,c004))))).
%%%%%%%
%cnf(i_0_19928, plain, (mul(inv(mul(c005,c002)),mul(c008,X1))=mul(inv(mul(c002,c005)),X1))).
%
%cnf(i_0_47680, plain, (mul(inv(mul(c005,c002)),mul(c003,c008))=mul(c003,inv(c002)))).
%
%cnf(i_0_47712, plain, (mul(inv(mul(c003,c008)),mul(c005,c002))=mul(c002,inv(c003)))).
%%%%%%%%
%cnf(i_0_20188, plain, (mul(c004,mul(inv(mul(c007,c003)),c002))=mul(inv(c003),mul(c002,c004)))).
%%%%%%%%%%
%cnf(i_0_20336, plain, (mul(c007,inv(mul(c004,mul(c003,c002))))=inv(mul(c003,mul(c002,c004))))).
%%%
%cnf(i_0_20437, plain, (mul(inv(c005),mul(c002,mul(c006,c008)))=mul(c002,mul(c006,inv(c005))))).
%%%%
%cnf(i_0_20534, plain, (mul(c004,mul(inv(mul(c002,c003)),c007))=mul(inv(mul(c002,c003)),c004))).
%%
%cnf(i_0_20575, plain, (mul(inv(mul(c002,mul(c008,c008))),c005)=mul(c005,inv(mul(c002,c008))))).
%%%%%%%%%%%%
%cnf(i_0_4105, plain, (mul(X1,mul(X2,mul(inv(mul(X3,mul(X1,X2))),X4)))=mul(inv(X3),X4))).
%
%cnf(i_0_20811, plain, (mul(inv(mul(c003,c007)),mul(c002,c003))=mul(c002,inv(mul(c005,c007))))).
%
%cnf(i_0_20812, plain, (mul(inv(mul(c003,c006)),mul(c002,c003))=mul(c002,inv(mul(c005,c006))))).
%
%cnf(i_0_20813, plain, (mul(inv(mul(c003,mul(c002,X1))),mul(c002,c003))=inv(mul(c005,X1)))).
%%%%
%cnf(i_0_20967, plain, (mul(c005,inv(mul(X1,mul(c003,c002))))=inv(mul(X1,mul(c002,c003))))).
%%%
%cnf(i_0_20974, plain, (mul(c005,inv(mul(c003,mul(c005,c002))))=inv(mul(c003,mul(c002,c008))))).
%
%cnf(i_0_4120, plain, (mul(c002,mul(X1,mul(inv(mul(c002,mul(c008,X1))),X2)))=mul(inv(c008),X2))).
%%%%%%
%cnf(i_0_21043, plain, (mul(X1,mul(inv(mul(c002,mul(c003,X1))),c003))=mul(c005,inv(c002)))).
%
%cnf(i_0_21093, plain, (mul(inv(mul(c002,mul(c003,c006))),c003)=mul(c005,inv(mul(c002,c006))))).
%%%
%cnf(i_0_21100, plain, (mul(inv(mul(c002,mul(c003,c003))),c003)=mul(c005,inv(mul(c002,c003))))).
%%%%%%%%%%%%
%cnf(i_0_4124, plain, (mul(c002,mul(X1,mul(inv(mul(c002,mul(c007,X1))),X2)))=mul(inv(c007),X2))).
%%
%cnf(i_0_21585, plain, (mul(inv(mul(c002,c006)),mul(c001,c002))=mul(c001,inv(mul(c003,c006))))).
%%%%%%%%%%%
%cnf(i_0_22055, plain, (mul(inv(c004),mul(c001,mul(c005,c006)))=mul(c001,mul(inv(c004),c005)))).
%%%%%%%%
%cnf(i_0_22371, plain, (mul(c001,inv(mul(X1,mul(c001,c004))))=mul(c006,inv(mul(X1,c004))))).
%
%cnf(i_0_4129, plain, (mul(c001,mul(X1,mul(inv(mul(c001,mul(c006,X1))),X2)))=mul(inv(c006),X2))).
%%%
%cnf(i_0_22395, plain, (mul(c003,mul(c006,inv(mul(c002,c004))))=mul(c001,inv(mul(c001,c002))))).
%
%cnf(i_0_22396, plain, (mul(c003,mul(c006,mul(inv(mul(c002,c004)),c001)))=mul(c001,inv(c002)))).
%%%%
%cnf(i_0_22600, plain, (mul(c002,inv(mul(X1,mul(c002,c004))))=mul(c007,inv(mul(X1,c004))))).
%%
%cnf(i_0_22606, plain, (mul(c002,inv(mul(c002,mul(c008,c004))))=mul(c007,inv(mul(c008,c004))))).
%
%cnf(i_0_4130, plain, (mul(c002,mul(X1,mul(inv(mul(c002,mul(c006,X1))),X2)))=mul(inv(c006),X2))).
%
%cnf(i_0_22607, plain, (mul(c002,inv(mul(c002,mul(c007,c004))))=mul(c007,inv(mul(c007,c004))))).
%
%cnf(i_0_22608, plain, (mul(c002,inv(mul(c002,mul(c004,c006))))=mul(c007,inv(mul(c004,c006))))).
%%%%
%cnf(i_0_22690, plain, (mul(c007,mul(inv(mul(c008,c004)),c002))=mul(c002,inv(mul(c008,c004))))).
%
%cnf(i_0_22691, plain, (mul(c007,mul(inv(mul(c007,c004)),c002))=mul(c002,inv(mul(c007,c004))))).
%%
%cnf(i_0_22699, plain, (mul(inv(mul(c007,mul(c004,c001))),c006)=inv(mul(c007,mul(c001,c004))))).
%
%cnf(i_0_22701, plain, (mul(c007,mul(c001,mul(c004,inv(mul(c007,mul(c004,c001))))))=inv(c006))).
%%
%cnf(i_0_22705, plain, (mul(c001,mul(c004,inv(mul(c007,mul(c004,c001)))))=inv(mul(c006,c007)))).
%%%%%%%%
%cnf(i_0_22954, plain, (mul(c002,inv(mul(X1,mul(c002,c005))))=mul(c008,inv(mul(X1,c005))))).
%%
%cnf(i_0_4135, plain, (mul(c004,mul(c003,mul(inv(mul(c003,mul(c005,c004))),X1)))=mul(inv(c005),X1))).
%
%cnf(i_0_22961, plain, (mul(c002,inv(mul(c002,mul(c007,c005))))=mul(c008,inv(mul(c007,c005))))).
%
%cnf(i_0_22962, plain, (mul(c002,inv(mul(c002,mul(c005,c006))))=mul(c008,inv(mul(c005,c006))))).
%%%%
%cnf(i_0_23045, plain, (mul(c008,mul(inv(mul(c007,c005)),c002))=mul(c002,inv(mul(c007,c005))))).
%
%cnf(i_0_23046, plain, (mul(c008,mul(inv(mul(c005,c006)),c002))=mul(c002,inv(mul(c005,c006))))).
%%%%
%cnf(i_0_4136, plain, (mul(c003,mul(X1,mul(inv(mul(c003,mul(c005,X1))),X2)))=mul(inv(c005),X2))).
%%%%%%
%cnf(i_0_23314, plain, (mul(c002,mul(c004,inv(mul(c003,c006))))=mul(c001,mul(c002,inv(c001))))).
%%
%cnf(i_0_23366, plain, (mul(c008,mul(c001,mul(c001,c006)))=mul(c006,mul(c008,mul(c001,c001))))).
%
%cnf(i_0_23367, plain, (mul(c008,mul(c001,mul(c002,c006)))=mul(c006,mul(c008,mul(c001,c002))))).
%
%cnf(i_0_23382, plain, (mul(c008,mul(c001,mul(c003,c006)))=mul(c006,mul(c008,mul(c001,c003))))).
%%%%
%cnf(i_0_23392, plain, (mul(c008,mul(c004,mul(c004,c006)))=mul(c006,mul(c008,mul(c004,c004))))).
%
%cnf(i_0_23394, plain, (mul(c008,mul(c004,mul(c002,c006)))=mul(c006,mul(c008,mul(c004,c002))))).
%
%cnf(i_0_23401, plain, (mul(c008,mul(c001,mul(c005,c006)))=mul(c006,mul(c008,mul(c001,c005))))).
%
%cnf(i_0_23404, plain, (mul(c008,mul(c004,mul(c005,c006)))=mul(c006,mul(c008,mul(c004,c005))))).
%%
%cnf(i_0_23745, plain, (mul(c006,inv(mul(c004,mul(c001,c008))))=inv(mul(c001,mul(c004,c008))))).
%
%cnf(i_0_23957, plain, (mul(inv(mul(c001,mul(c002,c005))),c002)=mul(c003,inv(mul(c001,c005))))).
%%%%%
%cnf(i_0_24175, plain, (mul(c001,mul(c002,mul(inv(c001),c003)))=mul(c002,mul(c004,inv(c006))))).
%%%%%%%%
%cnf(i_0_4161, plain, (mul(c004,mul(X1,mul(inv(mul(c004,mul(c003,X1))),X2)))=mul(inv(c003),X2))).
%%
%cnf(i_0_24265, plain, (mul(c004,mul(c001,inv(mul(c006,mul(c008,c004)))))=mul(c001,inv(c008)))).
%
%cnf(i_0_24271, plain, (mul(c006,mul(c008,mul(c004,inv(c001))))=mul(c008,mul(inv(c001),c004)))).
%
%cnf(i_0_24272, plain, (mul(c008,mul(c004,mul(c001,c006)))=mul(c006,mul(c008,mul(c004,c001))))).
%%%%%
%cnf(i_0_24429, plain, (mul(c003,inv(mul(X1,mul(c003,c002))))=inv(mul(X1,mul(c002,c005))))).
%
%cnf(i_0_24437, plain, (mul(inv(mul(c005,mul(c002,c005))),c003)=mul(c003,inv(mul(c005,c002))))).
%%%%%%
%cnf(i_0_24514, plain, (mul(c005,mul(inv(mul(c001,c008)),c002))=mul(c003,mul(c002,inv(c001))))).
%
%cnf(i_0_24521, plain, (mul(c003,mul(c002,inv(mul(c002,c001))))=mul(c005,inv(mul(c001,c008))))).
%%%%%
%cnf(i_0_4176, plain, (mul(c004,mul(c003,mul(X1,mul(inv(mul(c003,mul(c001,X1))),X2))))=mul(inv(c001),X2))).
%%
%cnf(i_0_24727, plain, (mul(c005,mul(c008,inv(mul(c002,c003))))=mul(inv(mul(c002,c003)),c005))).
%%%%%
%cnf(i_0_25151, plain, (mul(c008,mul(c004,mul(c004,c003)))=mul(c003,mul(c008,mul(c004,c004))))).
%%
%cnf(i_0_25191, plain, (mul(c003,inv(mul(c003,mul(c001,c008))))=inv(mul(c001,mul(c004,c008))))).
%
%cnf(i_0_25192, plain, (mul(c003,inv(mul(c002,mul(c001,c008))))=inv(mul(c001,mul(c002,c008))))).
%
%cnf(i_0_4177, plain, (mul(c004,mul(c006,mul(X1,mul(inv(mul(c004,mul(c001,X1))),X2))))=mul(inv(c001),X2))).
%
%cnf(i_0_25240, plain, (mul(c003,mul(c002,inv(mul(c003,c008))))=mul(c002,mul(c005,inv(c008))))).
%%
%cnf(i_0_25401, plain, (mul(c003,mul(c001,inv(mul(c003,mul(c008,c004)))))=mul(c001,inv(c008)))).
%%%%%%%%
%cnf(i_0_4178, plain, (mul(c003,mul(c002,mul(inv(mul(c002,mul(c001,c005))),X1)))=mul(inv(c001),X1))).
%%
%cnf(i_0_25445, plain, (mul(c003,inv(mul(c003,mul(c005,c002))))=inv(mul(c005,mul(c002,c005))))).
%%%%
%cnf(i_0_25644, plain, (mul(X1,mul(inv(mul(c002,mul(c005,X1))),c003))=mul(c003,inv(c002)))).
%%%%%
%cnf(i_0_4180, plain, (mul(c002,mul(c003,mul(X1,mul(inv(mul(c002,mul(c001,X1))),X2))))=mul(inv(c001),X2))).
%
%cnf(i_0_25712, plain, (mul(inv(mul(c002,mul(c005,c006))),c003)=mul(c003,inv(mul(c002,c006))))).
%
%cnf(i_0_25713, plain, (mul(inv(mul(c002,mul(c005,c005))),c003)=mul(c003,inv(mul(c002,c005))))).
%
%cnf(i_0_25714, plain, (mul(inv(mul(c002,mul(c005,c004))),c003)=mul(c003,inv(mul(c002,c004))))).
%%%%%
%cnf(i_0_26541, plain, (mul(c002,mul(c001,inv(mul(c003,mul(c002,c008)))))=mul(c001,inv(c005)))).
%%
%cnf(i_0_26550, plain, (mul(c005,mul(c002,mul(c001,c004)))=mul(c003,mul(c008,mul(c001,c002))))).
%%%
%cnf(i_0_26578, plain, (mul(inv(mul(c002,mul(c003,c008))),c003)=mul(c005,inv(mul(c002,c008))))).
%%
%cnf(i_0_26588, plain, (mul(c005,inv(mul(c005,mul(c002,c008))))=inv(mul(c002,mul(c008,c008))))).
%%%%%%%%%%%%%%
%cnf(i_0_26957, plain, (mul(c005,mul(c005,mul(c008,inv(mul(c005,mul(c002,c005))))))=inv(c002))).
%
%cnf(i_0_26961, plain, (mul(c005,mul(c008,inv(mul(c005,mul(c002,c005)))))=inv(mul(c002,c005)))).
%
%cnf(i_0_26962, plain, (mul(c002,mul(c005,mul(c005,mul(c008,c008))))=mul(c005,mul(c005,c002)))).
%%%%
%cnf(i_0_27072, plain, (mul(c008,inv(mul(c005,mul(c002,c005))))=inv(mul(c002,mul(c005,c005))))).
%%%
%cnf(i_0_27194, plain, (mul(c002,mul(c001,inv(mul(c002,c008))))=mul(c001,mul(c003,inv(c005))))).
%%
%cnf(i_0_27253, plain, (mul(c002,mul(c003,inv(mul(c005,c008))))=mul(inv(c005),mul(c002,c003)))).
%
%cnf(i_0_27307, plain, (mul(c001,mul(c008,inv(mul(c002,c003))))=mul(inv(c002),mul(c001,c008)))).
%%%%%%
%cnf(i_0_27633, plain, (mul(inv(mul(c008,mul(c004,c001))),c006)=inv(mul(c008,mul(c001,c004))))).
%
%cnf(i_0_27635, plain, (mul(c008,mul(c001,mul(c004,inv(mul(c008,mul(c004,c001))))))=inv(c006))).
%
%cnf(i_0_27639, plain, (mul(c001,mul(c004,inv(mul(c008,mul(c004,c001)))))=inv(mul(c006,c008)))).
%%%%%%%
%cnf(i_0_28012, plain, (mul(inv(c005),mul(c002,mul(c003,c008)))=mul(c002,mul(c003,inv(c005))))).
%%%%%%
%cnf(i_0_28539, plain, (mul(inv(mul(c005,mul(c001,c003))),c003)=mul(c004,inv(mul(c005,c001))))).
%%%%%%%%%%%%%
%cnf(i_0_28890, plain, (mul(c004,inv(mul(X1,mul(c003,c001))))=inv(mul(X1,mul(c001,c003))))).
%%%%%%%
%cnf(i_0_28926, plain, (mul(inv(mul(c002,mul(c005,c001))),mul(c003,c001))=mul(c004,inv(c002)))).
%%%%%%
%cnf(i_0_4204, plain, (mul(c005,mul(c008,mul(X1,mul(inv(mul(c005,mul(c002,X1))),X2))))=mul(inv(c002),X2))).
%%%%
%cnf(i_0_29073, plain, (mul(c004,inv(mul(c003,mul(c005,c001))))=inv(mul(c005,mul(c001,c003))))).
%%
%cnf(i_0_29084, plain, (mul(c004,inv(mul(c003,mul(c008,c001))))=inv(mul(c008,mul(c001,c003))))).
%%%
%cnf(i_0_29170, plain, (mul(X1,mul(inv(mul(c001,mul(c003,X1))),c003))=mul(c004,inv(c001)))).
%%
%cnf(i_0_4206, plain, (mul(c004,mul(c007,mul(X1,mul(inv(mul(c004,mul(c002,X1))),X2))))=mul(inv(c002),X2))).
%%%%%%%%%%%
%cnf(i_0_4209, plain, (mul(c003,mul(c005,mul(X1,mul(inv(mul(c003,mul(c002,X1))),X2))))=mul(inv(c002),X2))).
%%%%%%%%%%%
%cnf(i_0_4281, plain, (mul(c003,mul(c005,mul(c004,mul(inv(c003),X1))))=mul(c005,mul(c004,X1)))).
%%%%%%%%
%cnf(i_0_29911, plain, (mul(c004,mul(inv(mul(c004,mul(c003,c001))),c006))=inv(mul(c003,c001)))).
%
%cnf(i_0_30054, plain, (mul(inv(mul(c001,mul(c003,c006))),c004)=mul(c004,inv(mul(c001,c003))))).
%%
%cnf(i_0_4303, plain, (mul(X1,mul(inv(mul(X2,mul(X3,X1))),X4))=mul(inv(mul(X2,X3)),X4))).
%%%%%%
%cnf(i_0_30307, plain, (mul(inv(mul(c001,mul(c002,c004))),c002)=mul(c003,inv(mul(c001,c004))))).
%%%%
%cnf(i_0_30409, plain, (mul(inv(mul(c003,c008)),mul(c002,c005))=mul(c002,inv(mul(c003,c008))))).
%%
%cnf(i_0_30410, plain, (mul(inv(mul(c003,c007)),mul(c002,c005))=mul(c002,inv(mul(c003,c007))))).
%
%cnf(i_0_30411, plain, (mul(inv(mul(c003,c006)),mul(c002,c005))=mul(c002,inv(mul(c003,c006))))).
%%
%cnf(i_0_30414, plain, (mul(inv(mul(c003,mul(c002,X1))),mul(c002,c005))=inv(mul(c003,X1)))).
%
%cnf(i_0_30418, plain, (mul(inv(mul(c003,mul(c001,c002))),mul(c002,c005))=inv(mul(c001,c004)))).
%%%%
%cnf(i_0_30619, plain, (mul(inv(c003),mul(c002,mul(c001,c005)))=mul(c001,mul(inv(c004),c002)))).
%
%cnf(i_0_30850, plain, (mul(inv(mul(c003,mul(c001,X1))),mul(c001,c003))=inv(mul(c004,X1)))).
%%%%%%%%%%%%%%
%cnf(i_0_32124, plain, (mul(c001,mul(c002,inv(mul(c005,mul(c001,c004)))))=mul(inv(c003),c002))).
%%%%
%cnf(i_0_32170, plain, (mul(inv(mul(c004,mul(c003,c001))),mul(c003,c001))=inv(mul(c004,c006)))).
%%%%%
%cnf(i_0_4462, plain, (mul(c005,mul(c002,inv(mul(X1,mul(X2,c008)))))=mul(c002,mul(c005,inv(mul(X1,X2)))))).
%%%%%%
%cnf(i_0_33231, plain, (mul(inv(mul(c001,mul(c002,c008))),c002)=mul(c003,inv(mul(c001,c008))))).
%%
%cnf(i_0_33297, plain, (mul(inv(mul(c008,mul(c001,c004))),c003)=mul(c003,inv(mul(c008,c001))))).
%%
%cnf(i_0_33482, plain, (mul(inv(mul(c008,mul(c001,c003))),c003)=mul(c004,inv(mul(c008,c001))))).
%
%cnf(i_0_4465, plain, (mul(c004,mul(c002,inv(mul(X1,mul(X2,c007)))))=mul(c002,mul(c004,inv(mul(X1,X2)))))).
%%%%%%%%%%%
%cnf(i_0_4469, plain, (mul(c004,mul(c001,inv(mul(X1,mul(X2,c006)))))=mul(c001,mul(c004,inv(mul(X1,X2)))))).
%
%cnf(i_0_33761, plain, (mul(inv(mul(c002,mul(c006,c008))),c005)=mul(c005,inv(mul(c002,c006))))).
%%%%
%cnf(i_0_33855, plain, (mul(c005,mul(inv(mul(c003,mul(c005,c002))),c008))=inv(mul(c003,c002)))).
%%%%%%
%cnf(i_0_4473, plain, (mul(c003,mul(c002,inv(mul(X1,mul(X2,c005)))))=mul(c002,mul(c003,inv(mul(X1,X2)))))).
%
%cnf(i_0_34130, plain, (mul(inv(mul(c002,mul(c003,c008))),c005)=mul(c005,inv(mul(c002,c003))))).
%%%%%%
%cnf(i_0_34651, plain, (mul(inv(mul(c004,mul(c001,c003))),mul(c001,c003))=inv(mul(c004,c006)))).
%%%%
%cnf(i_0_4475, plain, (mul(c004,mul(c003,inv(mul(X1,mul(X2,c004)))))=mul(c003,inv(mul(X1,X2))))).
%%%%%%
%cnf(i_0_35075, plain, (mul(c001,mul(c004,mul(c002,mul(c003,c006))))=mul(c004,mul(c002,c001)))).
%%
%cnf(i_0_35080, plain, (mul(c001,mul(c004,mul(c004,c001)))=mul(c004,mul(c001,mul(c001,c004))))).
%%%
%cnf(i_0_4476, plain, (mul(c003,mul(c005,inv(mul(X1,mul(X2,c003)))))=mul(c005,inv(mul(X1,X2))))).
%%%
%cnf(i_0_35215, plain, (mul(c005,mul(c002,mul(c002,c005)))=mul(c002,mul(c005,mul(c005,c002))))).
%%%%
%cnf(i_0_35367, plain, (mul(inv(mul(c008,X1)),mul(c005,c002))=mul(inv(X1),mul(c002,c005)))).
%%%%
%cnf(i_0_4477, plain, (mul(c002,mul(c001,inv(mul(X1,mul(X2,c003)))))=mul(c001,mul(c002,inv(mul(X1,X2)))))).
%%%%%%%
%cnf(i_0_35602, plain, (mul(c002,mul(c005,inv(mul(c002,c008))))=mul(c005,inv(mul(c008,c008))))).
%
%cnf(i_0_35636, plain, (mul(c002,mul(c005,inv(mul(c002,c007))))=mul(c005,inv(mul(c007,c008))))).
%
%cnf(i_0_35670, plain, (mul(c002,mul(c005,inv(mul(c002,c006))))=mul(c005,inv(mul(c006,c008))))).
%%
%cnf(i_0_4479, plain, (mul(c003,mul(c001,inv(mul(X1,mul(X2,c003)))))=mul(c001,mul(c004,inv(mul(X1,X2)))))).
%%%%%%%%%%%
%cnf(i_0_4481, plain, (mul(c001,mul(c006,inv(mul(X1,mul(X2,c001)))))=mul(c006,inv(mul(X1,X2))))).
%
%cnf(i_0_36595, plain, (mul(inv(mul(c006,X1)),mul(c004,c001))=mul(inv(X1),mul(c001,c004)))).
%%%%%
%cnf(i_0_36682, plain, (mul(c001,mul(c004,inv(mul(c001,c006))))=mul(c004,inv(mul(c006,c006))))).
%%%%%
%cnf(i_0_4482, plain, (mul(c002,mul(c008,inv(mul(X1,mul(X2,c002)))))=mul(c008,inv(mul(X1,X2))))).
%%%%%%%%%%%
%cnf(i_0_4483, plain, (mul(c002,mul(c007,inv(mul(X1,mul(X2,c002)))))=mul(c007,inv(mul(X1,X2))))).
%%
%cnf(i_0_37116, plain, (mul(c002,mul(c004,inv(mul(c002,c008))))=mul(c004,inv(mul(c008,c007))))).
%
%cnf(i_0_37150, plain, (mul(c002,mul(c004,inv(mul(c002,c007))))=mul(c004,inv(mul(c007,c007))))).
%
%cnf(i_0_37184, plain, (mul(c002,mul(c004,inv(mul(c002,c006))))=mul(c004,inv(mul(c006,c007))))).
%%%%%%%
%cnf(i_0_4484, plain, (mul(c002,mul(c006,inv(mul(X1,mul(X2,c002)))))=mul(c006,inv(mul(X1,X2))))).
%%%%%%%
%cnf(i_0_37709, plain, (mul(inv(mul(c005,mul(c002,c002))),mul(c002,mul(c005,c002)))=inv(c008))).
%
%cnf(i_0_64749, plain, (mul(inv(mul(c002,mul(c005,c002))),mul(c005,mul(c002,c002)))=c008)).
%
%cnf(i_0_37715, plain, (mul(c002,mul(c005,inv(mul(c002,mul(c005,c002)))))=inv(mul(c002,c008)))).
%%%
%cnf(i_0_37791, plain, (mul(inv(mul(c004,mul(c002,c002))),mul(c002,mul(c004,c002)))=inv(c007))).
%
%cnf(i_0_64830, plain, (mul(inv(mul(c002,mul(c004,c002))),mul(c004,mul(c002,c002)))=c007)).
%
%cnf(i_0_37810, plain, (mul(inv(mul(c004,mul(c001,c001))),mul(c001,mul(c004,c001)))=inv(c006))).
%
%cnf(i_0_64867, plain, (mul(inv(mul(c001,mul(c004,c001))),mul(c004,mul(c001,c001)))=c006)).
%
%cnf(i_0_37816, plain, (mul(c001,mul(c004,inv(mul(c001,mul(c004,c001)))))=inv(mul(c001,c006)))).
%%
%cnf(i_0_37845, plain, (mul(inv(mul(c004,mul(c001,c002))),mul(c001,mul(c004,c002)))=inv(c006))).
%
%cnf(i_0_64940, plain, (mul(inv(mul(c001,mul(c004,c002))),mul(c004,mul(c001,c002)))=c006)).
%%
%cnf(i_0_37880, plain, (mul(inv(mul(c003,mul(c002,c003))),mul(c002,mul(c003,c003)))=inv(c005))).
%%
%cnf(i_0_64977, plain, (mul(inv(mul(c002,mul(c003,c003))),mul(c003,mul(c002,c003)))=c005)).
%
%cnf(i_0_37904, plain, (mul(inv(mul(c003,mul(c001,c004))),mul(c001,mul(c004,c004)))=inv(c003))).
%
%cnf(i_0_65014, plain, (mul(inv(mul(c001,mul(c004,c004))),mul(c003,mul(c001,c004)))=c003)).
%%%
%cnf(i_0_37936, plain, (mul(inv(mul(c002,mul(c001,c004))),mul(c001,mul(c002,c004)))=inv(c003))).
%
%cnf(i_0_65051, plain, (mul(inv(mul(c001,mul(c002,c004))),mul(c002,mul(c001,c004)))=c003)).
%
%cnf(i_0_37968, plain, (mul(inv(mul(c003,mul(c002,c004))),mul(c002,mul(c005,c004)))=inv(c003))).
%
%cnf(i_0_65088, plain, (mul(inv(mul(c002,mul(c005,c004))),mul(c003,mul(c002,c004)))=c003)).
%
%cnf(i_0_38099, plain, (mul(inv(mul(c003,mul(c001,c003))),mul(c001,mul(c003,c003)))=inv(c004))).
%%
%cnf(i_0_65125, plain, (mul(inv(mul(c001,mul(c003,c003))),mul(c003,mul(c001,c003)))=c004)).
%
%cnf(i_0_38123, plain, (mul(inv(mul(c003,mul(c001,c005))),mul(c001,mul(c004,c005)))=inv(c003))).
%
%cnf(i_0_65162, plain, (mul(inv(mul(c001,mul(c004,c005))),mul(c003,mul(c001,c005)))=c003)).
%
%cnf(i_0_38155, plain, (mul(inv(mul(c002,mul(c001,c005))),mul(c001,mul(c002,c005)))=inv(c003))).
%
%cnf(i_0_65199, plain, (mul(inv(mul(c001,mul(c002,c005))),mul(c002,mul(c001,c005)))=c003)).
%
%cnf(i_0_38187, plain, (mul(inv(mul(c003,mul(c002,c005))),mul(c002,mul(c005,c005)))=inv(c003))).
%
%cnf(i_0_65237, plain, (mul(inv(mul(c002,mul(c005,c005))),mul(c003,mul(c002,c005)))=c003)).
%%%%%%%%%%%%%%%%%%%
%cnf(i_0_38877, plain, (mul(c004,mul(c001,inv(mul(c001,c002))))=mul(c003,mul(c006,inv(c002))))).
%%%%%%
%cnf(i_0_39140, plain, (mul(inv(mul(c005,c007)),mul(c002,c008))=mul(c002,inv(mul(c005,c007))))).
%%%%%%%%
%cnf(i_0_39471, plain, (mul(c001,mul(c005,mul(inv(c002),c004)))=mul(inv(c002),mul(c003,c001)))).
%%%%
%cnf(i_0_4498, plain, (mul(X1,mul(X2,inv(mul(X3,mul(X4,mul(X1,X2))))))=inv(mul(X3,X4)))).
%%%
%cnf(i_0_39761, plain, (mul(inv(mul(c005,mul(c001,c004))),c001)=inv(mul(c005,mul(c004,c007))))).
%
%cnf(i_0_39763, plain, (mul(c005,mul(c004,mul(c007,inv(mul(c005,mul(c001,c004))))))=inv(c001))).
%
%cnf(i_0_68769, plain, (mul(c005,mul(c001,mul(c004,inv(mul(c004,c007)))))=mul(c001,c005))).
%
%cnf(i_0_39767, plain, (mul(c004,mul(c007,inv(mul(c005,mul(c001,c004)))))=inv(mul(c001,c005)))).
%
%cnf(i_0_68833, plain, (mul(c005,mul(c001,mul(c004,inv(c007))))=mul(c001,mul(c005,c004)))).
%
%cnf(i_0_39768, plain, (mul(c001,mul(c005,mul(c004,mul(c006,c007))))=mul(c005,mul(c004,c001)))).
%
%cnf(i_0_39791, plain, (mul(c001,mul(c004,inv(mul(c005,mul(c004,c007)))))=mul(inv(c005),c001))).
%%%%%%%%%%%%%%%%
%cnf(i_0_40171, plain, (mul(c004,inv(mul(X1,mul(c004,c001))))=inv(mul(X1,mul(c001,c006))))).
%%%%%%%%%%%%%%%
%cnf(i_0_40415, plain, (mul(c004,mul(inv(mul(c001,mul(c004,c001))),c006))=inv(mul(c001,c001)))).
%
%cnf(i_0_40416, plain, (mul(c004,mul(inv(mul(c002,mul(c004,c001))),c006))=inv(mul(c002,c001)))).
%
%cnf(i_0_40417, plain, (mul(c004,mul(inv(mul(c004,mul(c004,c001))),c006))=inv(mul(c004,c001)))).
%%%%
%cnf(i_0_40420, plain, (mul(c004,mul(inv(mul(c005,mul(c004,c001))),c006))=inv(mul(c005,c001)))).
%%%
%cnf(i_0_40531, plain, (mul(inv(mul(c004,mul(c001,c003))),mul(c001,mul(c003,c006)))=inv(c004))).
%
%cnf(i_0_69163, plain, (mul(inv(mul(c001,mul(c003,c006))),mul(c004,mul(c001,c003)))=c004)).
%
%cnf(i_0_40600, plain, (mul(inv(mul(c004,mul(c004,c001))),c006)=inv(mul(c004,mul(c001,c004))))).
%
%cnf(i_0_40601, plain, (mul(inv(mul(c004,mul(c003,c001))),c006)=inv(mul(c003,mul(c001,c004))))).
%
%cnf(i_0_40644, plain, (mul(inv(mul(c001,mul(c004,c001))),c006)=inv(mul(c001,mul(c001,c004))))).
%
%cnf(i_0_40684, plain, (mul(c006,mul(inv(c008),mul(c001,c004)))=mul(inv(c008),mul(c004,c001)))).
%
%cnf(i_0_4510, plain, (mul(c002,mul(X1,inv(mul(X2,mul(c002,mul(c008,X1))))))=inv(mul(X2,c008)))).
%
%cnf(i_0_40685, plain, (mul(c006,mul(inv(c007),mul(c001,c004)))=mul(inv(c007),mul(c004,c001)))).
%%%
%cnf(i_0_40696, plain, (mul(inv(mul(c002,mul(c004,c001))),c006)=inv(mul(c002,mul(c001,c004))))).
%%%%
%cnf(i_0_40700, plain, (mul(inv(mul(c005,mul(c004,c001))),c006)=inv(mul(c005,mul(c001,c004))))).
%%
%cnf(i_0_40708, plain, (mul(inv(mul(c004,c001)),mul(c005,c006))=mul(inv(mul(c001,c004)),c005))).
%%
%cnf(i_0_40712, plain, (mul(inv(mul(c004,c001)),mul(c002,c006))=mul(inv(mul(c001,c004)),c002))).
%%%%%%%%%%%%%%%%%%%%%
%cnf(i_0_4514, plain, (mul(c002,mul(X1,inv(mul(X2,mul(c002,mul(c007,X1))))))=inv(mul(X2,c007)))).
%%%%%%%%%%%%%%
%cnf(i_0_41698, plain, (mul(inv(mul(c001,c006)),mul(c002,c004))=mul(c002,mul(inv(c001),c003)))).
%%%%%%%%%
%cnf(i_0_41956, plain, (mul(inv(mul(c002,mul(c001,c006))),mul(c001,mul(c002,c006)))=inv(c003))).
%
%cnf(i_0_69872, plain, (mul(inv(mul(c001,mul(c002,c006))),mul(c002,mul(c001,c006)))=c003)).
%
%cnf(i_0_41988, plain, (mul(inv(mul(c003,mul(c002,c006))),mul(c002,mul(c005,c006)))=inv(c003))).
%
%cnf(i_0_69915, plain, (mul(inv(mul(c002,mul(c005,c006))),mul(c003,mul(c002,c006)))=c003)).
%%%%%%
%cnf(i_0_42237, plain, (mul(inv(mul(c004,mul(c001,c006))),mul(c001,mul(c006,c006)))=inv(c004))).
%
%cnf(i_0_4519, plain, (mul(c001,mul(X1,inv(mul(X2,mul(c001,mul(c006,X1))))))=inv(mul(X2,c006)))).
%
%cnf(i_0_69958, plain, (mul(inv(mul(c001,mul(c006,c006))),mul(c004,mul(c001,c006)))=c004)).
%%%
%cnf(i_0_42345, plain, (mul(inv(mul(c004,mul(c001,c004))),mul(c001,mul(c004,c004)))=inv(c006))).
%
%cnf(i_0_70185, plain, (mul(inv(mul(c001,mul(c004,c004))),mul(c004,mul(c001,c004)))=c006)).
%%%
%cnf(i_0_42452, plain, (mul(inv(mul(c004,mul(c003,c001))),mul(c003,mul(c001,c004)))=inv(c006))).
%
%cnf(i_0_70228, plain, (mul(inv(mul(c003,mul(c001,c004))),mul(c004,mul(c003,c001)))=c006)).
%
%cnf(i_0_42650, plain, (mul(c004,inv(mul(c003,mul(c001,c002))))=inv(mul(c002,mul(c005,c001))))).
%
%cnf(i_0_4520, plain, (mul(c002,mul(X1,inv(mul(X2,mul(c002,mul(c006,X1))))))=inv(mul(X2,c006)))).
%
%cnf(i_0_14888, plain, (mul(c003,mul(c001,mul(c002,c006)))=mul(c002,mul(c005,mul(c004,c001))))).
%
%cnf(i_0_42697, plain, (mul(inv(mul(c005,mul(c004,c001))),c004)=inv(mul(c007,mul(c001,c005))))).
%%%
%cnf(i_0_42709, plain, (mul(c007,mul(c001,mul(c005,inv(mul(c005,mul(c004,c001))))))=inv(c004))).
%
%cnf(i_0_70582, plain, (mul(c005,mul(c004,mul(c001,inv(mul(c001,c005)))))=mul(c004,c007))).
%
%cnf(i_0_42713, plain, (mul(c001,mul(c005,inv(mul(c005,mul(c004,c001)))))=inv(mul(c004,c007)))).
%
%cnf(i_0_70643, plain, (mul(c005,mul(c004,mul(c001,inv(c005))))=mul(c004,mul(c007,c001)))).
%
%cnf(i_0_42813, plain, (mul(c004,mul(c001,inv(mul(c007,mul(c001,c005)))))=mul(inv(c005),c004))).
%%%
%cnf(i_0_42915, plain, (mul(inv(mul(c004,mul(c001,c007))),mul(c001,mul(c004,c007)))=inv(c006))).
%
%cnf(i_0_70757, plain, (mul(inv(mul(c001,mul(c004,c007))),mul(c004,mul(c001,c007)))=c006)).
%%%%%%
%cnf(i_0_43232, plain, (mul(inv(mul(c004,mul(c002,c006))),mul(c002,mul(c004,c006)))=inv(c007))).
%
%cnf(i_0_70800, plain, (mul(inv(mul(c002,mul(c004,c006))),mul(c004,mul(c002,c006)))=c007)).
%%%%%%%%%
%cnf(i_0_43677, plain, (mul(c003,mul(c007,mul(inv(c002),c001)))=mul(c001,mul(inv(c002),c004)))).
%
%cnf(i_0_70854, plain, (mul(inv(mul(c007,c001)),mul(c001,c002))=mul(c002,inv(c007)))).
%
%cnf(i_0_70873, plain, (mul(c007,c001)=mul(c001,c007))).
%%%
%cnf(i_0_70892, plain, (mul(inv(c007),mul(c001,c007))=c001)).
%
%cnf(i_0_70928, plain, (mul(c001,mul(c007,inv(c001)))=c007)).
%
%cnf(i_0_70893, plain, (mul(inv(mul(c001,c007)),c007)=inv(c001))).
%
%cnf(i_0_70896, plain, (mul(c001,inv(mul(c001,c007)))=inv(c007))).
%
%cnf(i_0_70933, plain, (mul(inv(c001),c007)=mul(c007,inv(c001)))).
%
%cnf(i_0_71034, plain, (mul(c007,mul(c001,inv(c007)))=c001)).
%%%
%cnf(i_0_70945, plain, (mul(inv(c007),c001)=mul(c001,inv(c007)))).
%%
%cnf(i_0_4525, plain, (mul(c004,mul(c003,inv(mul(X1,mul(c003,mul(c005,c004))))))=inv(mul(X1,c005)))).
%%%%%
%cnf(i_0_70874, plain, (mul(c007,mul(c001,X1))=mul(c001,mul(c007,X1)))).
%
%cnf(i_0_11547, plain, (mul(c007,mul(c001,c006))=mul(c001,mul(c006,c007)))).
%%%%%
%cnf(i_0_4526, plain, (mul(c003,mul(X1,inv(mul(X2,mul(c003,mul(c005,X1))))))=inv(mul(X2,c005)))).
%%%%%%%
%cnf(i_0_70923, plain, (mul(inv(c007),mul(c001,mul(c007,X1)))=mul(c001,X1))).
%
%cnf(i_0_70929, plain, (mul(c001,mul(c007,mul(inv(c001),X1)))=mul(c007,X1))).
%%
%cnf(i_0_70957, plain, (mul(c001,mul(c006,mul(c007,inv(c001))))=mul(c006,c007))).
%%%%%%%%
%cnf(i_0_71233, plain, (mul(c001,mul(c007,mul(c007,inv(c001))))=mul(c007,c007))).
%%
%cnf(i_0_71300, plain, (mul(inv(c007),mul(c001,mul(c006,c007)))=mul(c001,c006))).
%
%cnf(i_0_71324, plain, (mul(inv(mul(c006,c007)),mul(c001,mul(c006,c007)))=c001)).
%%%%
%cnf(i_0_71579, plain, (mul(inv(c007),mul(c001,mul(c001,c007)))=mul(c001,c001))).
%
%cnf(i_0_71580, plain, (mul(inv(c007),mul(c001,mul(c002,c007)))=mul(c001,c002))).
%%%
%cnf(i_0_71846, plain, (mul(c001,mul(c001,mul(c007,inv(mul(c001,c001)))))=c007)).
%%%%%%
%cnf(i_0_70889, plain, (mul(inv(c007),mul(c001,c002))=mul(c001,mul(c002,inv(c007))))).
%
%cnf(i_0_70894, plain, (mul(inv(mul(c001,c007)),mul(c007,X1))=mul(inv(c001),X1))).
%
%cnf(i_0_70897, plain, (mul(c001,mul(inv(mul(c001,c007)),X1))=mul(inv(c007),X1))).
%
%cnf(i_0_70898, plain, (mul(inv(mul(c007,X1)),mul(c001,c007))=mul(inv(X1),c001))).
%
%cnf(i_0_70899, plain, (mul(c001,inv(mul(X1,mul(c001,c007))))=inv(mul(X1,c007)))).
%
%cnf(i_0_70901, plain, (mul(c001,mul(c006,inv(mul(c001,c007))))=mul(c006,inv(c007)))).
%
%cnf(i_0_70905, plain, (mul(c002,mul(c004,mul(c001,c007)))=mul(c004,mul(c002,c001)))).
%
%cnf(i_0_70906, plain, (mul(inv(mul(c002,c007)),mul(c001,c007))=mul(inv(c002),c001))).
%
%cnf(i_0_70907, plain, (mul(inv(c002),mul(c001,c007))=mul(c007,mul(inv(c002),c001)))).
%%
%cnf(i_0_70908, plain, (mul(inv(mul(c002,mul(c001,c007))),c007)=inv(mul(c002,c001)))).
%
%cnf(i_0_72401, plain, (mul(c002,mul(c001,mul(c007,inv(mul(c002,c001)))))=c007)).
%%
%cnf(i_0_70914, plain, (mul(inv(mul(c001,c007)),mul(c002,c007))=mul(inv(c001),c002))).
%
%cnf(i_0_70915, plain, (mul(inv(mul(c006,c007)),mul(c001,c007))=mul(c001,inv(c006)))).
%
%cnf(i_0_70916, plain, (mul(inv(mul(c001,mul(c006,c007))),c007)=inv(mul(c001,c006)))).
%
%cnf(i_0_70917, plain, (mul(inv(mul(c001,c007)),mul(c006,c007))=mul(c006,inv(c001)))).
%%
%cnf(i_0_70931, plain, (mul(c001,mul(c007,inv(mul(X1,c001))))=mul(c007,inv(X1)))).
%
%cnf(i_0_70934, plain, (mul(inv(c001),mul(c007,X1))=mul(c007,mul(inv(c001),X1)))).
%%%%%
%cnf(i_0_70946, plain, (mul(inv(c007),mul(c001,X1))=mul(c001,mul(inv(c007),X1)))).
%
%cnf(i_0_70960, plain, (mul(c001,mul(c007,inv(mul(c001,c006))))=mul(c007,inv(c006)))).
%%%%%
%cnf(i_0_70992, plain, (mul(inv(mul(c001,mul(c007,X1))),c007)=inv(mul(c001,X1)))).
%%%%%%%
%cnf(i_0_71012, plain, (mul(c001,inv(mul(c001,mul(c006,c007))))=inv(mul(c006,c007)))).
%
%cnf(i_0_71014, plain, (mul(c001,mul(c006,mul(c007,c004)))=mul(c007,mul(c004,c001)))).
%
%cnf(i_0_71015, plain, (mul(c001,mul(c007,mul(c004,c003)))=mul(c007,mul(c003,c001)))).
%
%cnf(i_0_71016, plain, (mul(c001,mul(c002,mul(c007,c003)))=mul(c002,mul(c001,c007)))).
%
%cnf(i_0_73086, plain, (mul(inv(c003),mul(c007,c003))=c007)).
%%
%cnf(i_0_73097, plain, (mul(c007,c003)=mul(c003,c007))).
%
%cnf(i_0_73128, plain, (mul(inv(c007),mul(c003,c007))=c003)).
%
%cnf(i_0_73176, plain, (mul(c003,mul(c007,inv(c003)))=c007)).
%%
%cnf(i_0_73129, plain, (mul(inv(mul(c003,c007)),c007)=inv(c003))).
%
%cnf(i_0_73132, plain, (mul(c003,inv(mul(c003,c007)))=inv(c007))).
%
%cnf(i_0_73181, plain, (mul(inv(c003),c007)=mul(c007,inv(c003)))).
%
%cnf(i_0_73290, plain, (mul(c007,mul(c003,inv(c007)))=c003)).
%%%%
%cnf(i_0_73193, plain, (mul(inv(c007),c003)=mul(c003,inv(c007)))).
%%%%%%%
%cnf(i_0_11629, plain, (mul(c007,mul(c003,c006))=mul(c003,mul(c006,c007)))).
%
%cnf(i_0_73127, plain, (mul(c007,mul(c003,X1))=mul(c003,mul(c007,X1)))).
%%%%
%cnf(i_0_73278, plain, (mul(c007,mul(c004,c003))=mul(c003,mul(c007,c004)))).
%%%%
%cnf(i_0_73171, plain, (mul(inv(c007),mul(c003,mul(c007,X1)))=mul(c003,X1))).
%
%cnf(i_0_73177, plain, (mul(c003,mul(c007,mul(inv(c003),X1)))=mul(c007,X1))).
%%
%cnf(i_0_73205, plain, (mul(c003,mul(c005,mul(c007,inv(c003))))=mul(c005,c007))).
%
%cnf(i_0_73223, plain, (mul(c003,mul(c006,mul(c007,inv(c003))))=mul(c006,c007))).
%%
%cnf(i_0_73225, plain, (mul(c003,mul(c008,mul(c007,inv(c003))))=mul(c008,c007))).
%%%%%%%%%%
%cnf(i_0_4551, plain, (mul(c004,mul(X1,inv(mul(X2,mul(c004,mul(c003,X1))))))=inv(mul(X2,c003)))).
%%
%cnf(i_0_73509, plain, (mul(c003,mul(c007,mul(c008,inv(c003))))=mul(c007,c008))).
%
%cnf(i_0_73521, plain, (mul(c003,mul(c007,mul(c007,inv(c003))))=mul(c007,c007))).
%%
%cnf(i_0_73536, plain, (mul(c003,mul(c007,mul(c005,inv(c003))))=mul(c007,c005))).
%%%%
%cnf(i_0_73685, plain, (mul(inv(c007),mul(c003,mul(c006,c007)))=mul(c003,c006))).
%
%cnf(i_0_73686, plain, (mul(inv(c007),mul(c003,mul(c003,c007)))=mul(c003,c003))).
%%
%cnf(i_0_73687, plain, (mul(inv(c007),mul(c003,mul(c001,c007)))=mul(c003,c001))).
%
%cnf(i_0_73688, plain, (mul(inv(c007),mul(c003,mul(c002,c007)))=mul(c003,c002))).
%%%%%
%cnf(i_0_73775, plain, (mul(c003,mul(c007,mul(c004,inv(c003))))=mul(c007,c004))).
%
%cnf(i_0_74381, plain, (mul(c003,mul(c003,mul(c007,inv(mul(c003,c003)))))=c007)).
%%%
%cnf(i_0_4566, plain, (mul(c004,mul(c003,mul(X1,inv(mul(X2,mul(c003,mul(c001,X1)))))))=inv(mul(X2,c001)))).
%%%
%cnf(i_0_11475, plain, (mul(inv(c007),mul(c001,c006))=mul(c001,mul(c006,inv(c007))))).
%%%%
%cnf(i_0_42703, plain, (mul(c004,mul(c001,mul(c007,c005)))=mul(c005,mul(c004,c001)))).
%%%%
%cnf(i_0_4567, plain, (mul(c004,mul(c006,mul(X1,inv(mul(X2,mul(c004,mul(c001,X1)))))))=inv(mul(X2,c001)))).
%%%%
%cnf(i_0_71252, plain, (mul(c001,mul(c003,mul(c007,c004)))=mul(c003,mul(c001,c007)))).
%
%cnf(i_0_75029, plain, (mul(inv(c004),mul(c007,c004))=c007)).
%
%cnf(i_0_75045, plain, (mul(c007,c004)=mul(c004,c007))).
%
%cnf(i_0_75069, plain, (mul(inv(c007),mul(c004,c007))=c004)).
%
%cnf(i_0_75115, plain, (mul(c004,mul(c007,inv(c004)))=c007)).
%%
%cnf(i_0_75070, plain, (mul(inv(mul(c004,c007)),c007)=inv(c004))).
%
%cnf(i_0_4568, plain, (mul(c003,mul(c002,inv(mul(X1,mul(c002,mul(c001,c005))))))=inv(mul(X1,c001)))).
%
%cnf(i_0_75073, plain, (mul(c004,inv(mul(c004,c007)))=inv(c007))).
%
%cnf(i_0_75120, plain, (mul(inv(c004),c007)=mul(c007,inv(c004)))).
%
%cnf(i_0_75290, plain, (mul(c007,mul(c004,inv(c007)))=c004)).
%%%
%cnf(i_0_75132, plain, (mul(inv(c007),c004)=mul(c004,inv(c007)))).
%%%%%
%cnf(i_0_4570, plain, (mul(c002,mul(c003,mul(X1,inv(mul(X2,mul(c002,mul(c001,X1)))))))=inv(mul(X2,c001)))).
%%
%cnf(i_0_7173, plain, (mul(inv(c007),mul(c004,c002))=mul(c002,c004))).
%
%cnf(i_0_75123, plain, (mul(c004,mul(c002,inv(c004)))=mul(c002,c007))).
%%%
%cnf(i_0_75284, plain, (mul(c005,mul(c001,inv(c007)))=mul(c001,c005))).
%
%cnf(i_0_4862, plain, (mul(c002,mul(c007,mul(c004,inv(c002))))=c004)).
%%
%cnf(i_0_73278, plain, (mul(c007,mul(c004,c003))=mul(c004,mul(c003,c007)))).
%
%cnf(i_0_11628, plain, (mul(c007,mul(c004,c006))=mul(c004,mul(c006,c007)))).
%%
%cnf(i_0_75068, plain, (mul(c007,mul(c004,X1))=mul(c004,mul(c007,X1)))).
%
%cnf(i_0_75087, plain, (mul(inv(mul(c004,c002)),c007)=inv(mul(c002,c004)))).
%
%cnf(i_0_75149, plain, (mul(inv(c004),mul(c002,c007))=mul(c002,inv(c004)))).
%
%cnf(i_0_75156, plain, (mul(inv(mul(c002,c007)),c004)=mul(c004,inv(c002)))).
%%%%%%%%
%cnf(i_0_75617, plain, (mul(c004,inv(mul(c004,c002)))=inv(mul(c002,c007)))).
%
%cnf(i_0_75639, plain, (mul(inv(c005),mul(c001,c005))=mul(c001,inv(c007)))).
%
%cnf(i_0_76060, plain, (mul(c001,mul(c005,mul(c007,inv(c001))))=c005)).
%
%cnf(i_0_75640, plain, (mul(inv(mul(c001,c005)),c005)=mul(c007,inv(c001)))).
%
%cnf(i_0_75643, plain, (mul(c001,inv(mul(c001,mul(c005,c007))))=inv(c005))).
%
%cnf(i_0_76142, plain, (mul(c001,mul(c005,c007))=mul(c005,c001))).
%
%cnf(i_0_76178, plain, (mul(inv(c001),mul(c005,c001))=mul(c005,c007))).
%
%cnf(i_0_76222, plain, (mul(c005,mul(c001,inv(mul(c005,c007))))=c001)).
%%
%cnf(i_0_75651, plain, (mul(c007,inv(mul(c005,c001)))=inv(mul(c001,c005)))).
%%%%%
%cnf(i_0_76065, plain, (mul(c005,mul(c007,inv(c001)))=mul(inv(c001),c005))).
%%%%%%
%cnf(i_0_76176, plain, (mul(c001,inv(mul(c001,c005)))=mul(c007,inv(c005)))).
%%
%cnf(i_0_76179, plain, (mul(inv(mul(c005,c001)),c001)=inv(mul(c005,c007)))).
%%%
%cnf(i_0_76227, plain, (mul(c001,inv(mul(c005,c007)))=mul(inv(c005),c001))).
%%
%cnf(i_0_76279, plain, (mul(inv(mul(c005,c001)),mul(c001,c005))=inv(c007))).
%
%cnf(i_0_76447, plain, (mul(inv(mul(c001,c005)),mul(c005,c001))=c007)).
%%%%%%
%cnf(i_0_76346, plain, (mul(c001,mul(c005,inv(c001)))=mul(c005,inv(c007)))).
%%
%cnf(i_0_76432, plain, (mul(c007,mul(inv(c005),c001))=mul(c001,inv(c005)))).
%%%%%
%cnf(i_0_75102, plain, (mul(inv(c007),mul(c004,mul(c003,c007)))=mul(c004,c003))).
%
%cnf(i_0_75110, plain, (mul(inv(c007),mul(c004,mul(c007,X1)))=mul(c004,X1))).
%%
%cnf(i_0_75116, plain, (mul(c004,mul(c007,mul(inv(c004),X1)))=mul(c007,X1))).
%%
%cnf(i_0_75144, plain, (mul(c004,mul(c003,mul(c007,inv(c004))))=mul(c003,c007))).
%
%cnf(i_0_75160, plain, (mul(c004,mul(c006,mul(c007,inv(c004))))=mul(c006,c007))).
%%%%%%%%%%%
%cnf(i_0_75868, plain, (mul(c004,mul(c007,mul(c007,inv(c004))))=mul(c007,c007))).
%%%
%cnf(i_0_76341, plain, (mul(inv(mul(c001,c005)),mul(c005,inv(c007)))=inv(c001))).
%
%cnf(i_0_76373, plain, (mul(c005,mul(c004,mul(c007,inv(c005))))=mul(c004,c007))).
%
%cnf(i_0_76476, plain, (mul(inv(c001),mul(c005,inv(c007)))=mul(c005,inv(c001)))).
%%
%cnf(i_0_4596, plain, (mul(c005,mul(c008,mul(X1,inv(mul(X2,mul(c005,mul(c002,X1)))))))=inv(mul(X2,c002)))).
%
%cnf(i_0_76553, plain, (mul(c004,mul(c003,mul(c007,inv(mul(c004,c003)))))=c007)).
%%
%cnf(i_0_76597, plain, (mul(inv(c007),mul(c004,mul(c006,c007)))=mul(c004,c006))).
%
%cnf(i_0_76598, plain, (mul(inv(c007),mul(c004,mul(c004,c007)))=mul(c004,c004))).
%
%cnf(i_0_76600, plain, (mul(inv(c007),mul(c004,mul(c001,c007)))=mul(c004,c001))).
%
%cnf(i_0_76601, plain, (mul(inv(c007),mul(c004,mul(c002,c007)))=mul(c004,c002))).
%%%%%
%cnf(i_0_4598, plain, (mul(c004,mul(c007,mul(X1,inv(mul(X2,mul(c004,mul(c002,X1)))))))=inv(mul(X2,c002)))).
%
%cnf(i_0_77285, plain, (mul(c004,mul(c004,mul(c007,inv(mul(c004,c004)))))=c007)).
%%%%
%cnf(i_0_71326, plain, (mul(inv(mul(c001,mul(c006,c007))),mul(c006,c007))=inv(c001))).
%%%%%%%
%cnf(i_0_71722, plain, (mul(inv(mul(c006,c007)),c001)=mul(c001,inv(mul(c006,c007))))).
%%%
%cnf(i_0_71763, plain, (mul(inv(mul(c007,c007)),c001)=mul(c001,inv(mul(c007,c007))))).
%%%%%%%
%cnf(i_0_4601, plain, (mul(c003,mul(c005,mul(X1,inv(mul(X2,mul(c003,mul(c002,X1)))))))=inv(mul(X2,c002)))).
%%%%%%%%%%%%%%
%cnf(i_0_72241, plain, (mul(c001,inv(mul(c001,mul(c007,c007))))=inv(mul(c007,c007)))).
%%%%%%%%%
%cnf(i_0_72352, plain, (mul(inv(c001),mul(c002,c007))=mul(c007,mul(inv(c001),c002)))).
%%%%
%cnf(i_0_72420, plain, (mul(inv(mul(c002,c001)),c007)=mul(c007,inv(mul(c002,c001))))).
%%%
%cnf(i_0_72532, plain, (mul(inv(mul(c001,c006)),c007)=mul(c007,inv(mul(c001,c006))))).
%%%%%%%%%%%%%%%%%
%cnf(i_0_72900, plain, (mul(inv(mul(c001,mul(c001,c007))),c007)=inv(mul(c001,c001)))).
%
%cnf(i_0_72901, plain, (mul(inv(mul(c001,mul(c002,c007))),c007)=inv(mul(c001,c002)))).
%%%
%cnf(i_0_73130, plain, (mul(inv(mul(c003,c007)),mul(c007,X1))=mul(inv(c003),X1))).
%
%cnf(i_0_73133, plain, (mul(c003,mul(inv(mul(c003,c007)),X1))=mul(inv(c007),X1))).
%
%cnf(i_0_73134, plain, (mul(inv(mul(c007,X1)),mul(c003,c007))=mul(inv(X1),c003))).
%
%cnf(i_0_73135, plain, (mul(c003,inv(mul(X1,mul(c003,c007))))=inv(mul(X1,c007)))).
%%
%cnf(i_0_73137, plain, (mul(c003,mul(c005,inv(mul(c003,c007))))=mul(c005,inv(c007)))).
%
%cnf(i_0_73144, plain, (mul(c003,mul(c006,inv(mul(c003,c007))))=mul(c006,inv(c007)))).
%
%cnf(i_0_73145, plain, (mul(c003,mul(c008,inv(mul(c003,c007))))=mul(c008,inv(c007)))).
%
%cnf(i_0_73149, plain, (mul(c002,mul(c004,mul(c003,c007)))=mul(c004,mul(c002,c003)))).
%
%cnf(i_0_73150, plain, (mul(inv(mul(c002,c007)),mul(c003,c007))=mul(inv(c002),c003))).
%
%cnf(i_0_73151, plain, (mul(inv(c002),mul(c003,c007))=mul(c007,mul(inv(c002),c003)))).
%
%cnf(i_0_73152, plain, (mul(inv(mul(c002,mul(c003,c007))),c007)=inv(mul(c002,c003)))).
%
%cnf(i_0_78755, plain, (mul(c002,mul(c003,mul(c007,inv(mul(c002,c003)))))=c007)).
%%
%cnf(i_0_73158, plain, (mul(inv(mul(c003,c007)),mul(c002,c007))=mul(inv(c003),c002))).
%%
%cnf(i_0_73159, plain, (mul(inv(mul(c006,c007)),mul(c003,c007))=mul(c003,inv(c006)))).
%
%cnf(i_0_73160, plain, (mul(inv(mul(c003,mul(c006,c007))),c007)=inv(mul(c003,c006)))).
%
%cnf(i_0_73161, plain, (mul(inv(mul(c003,c007)),mul(c006,c007))=mul(c006,inv(c003)))).
%%
%cnf(i_0_73163, plain, (mul(inv(mul(c001,mul(c003,c007))),c007)=inv(mul(c001,c003)))).
%
%cnf(i_0_78913, plain, (mul(c001,mul(c003,mul(c007,inv(mul(c001,c003)))))=c007)).
%%
%cnf(i_0_73164, plain, (mul(inv(c001),mul(c003,c007))=mul(c007,mul(inv(c001),c003)))).
%
%cnf(i_0_73165, plain, (mul(inv(mul(c003,c007)),mul(c001,c007))=mul(inv(c003),c001))).
%
%cnf(i_0_73166, plain, (mul(inv(mul(c001,c007)),mul(c003,c007))=mul(inv(c001),c003))).
%%
%cnf(i_0_73179, plain, (mul(c003,mul(c007,inv(mul(X1,c003))))=mul(c007,inv(X1)))).
%
%cnf(i_0_73182, plain, (mul(inv(c003),mul(c007,X1))=mul(c007,mul(inv(c003),X1)))).
%%%%
%cnf(i_0_73194, plain, (mul(inv(c007),mul(c003,X1))=mul(c003,mul(inv(c007),X1)))).
%
%cnf(i_0_73211, plain, (mul(inv(mul(c004,c007)),c003)=mul(c003,inv(mul(c004,c007))))).
%
%cnf(i_0_73222, plain, (mul(inv(c007),mul(c004,c003))=mul(c004,mul(c003,inv(c007))))).
%
%cnf(i_0_73224, plain, (mul(c003,mul(c007,inv(mul(c003,c006))))=mul(c007,inv(c006)))).
%%%%%%
%cnf(i_0_73244, plain, (mul(inv(mul(c003,mul(c007,X1))),c007)=inv(mul(c003,X1)))).
%%%%%%
%cnf(i_0_73264, plain, (mul(c003,inv(mul(c003,mul(c007,c005))))=inv(mul(c007,c005)))).
%%%%%%
%cnf(i_0_73280, plain, (mul(c003,inv(mul(c003,mul(c006,c007))))=inv(mul(c006,c007)))).
%%
%cnf(i_0_73282, plain, (mul(c003,inv(mul(c003,mul(c007,c008))))=inv(mul(c007,c008)))).
%%%%%
%cnf(i_0_14102, plain, (mul(inv(c007),mul(c003,c006))=mul(c003,mul(c006,inv(c007))))).
%%%%
%cnf(i_0_6834, plain, (inv(mul(c003,mul(c007,c005)))=inv(mul(c003,mul(c005,c007))))).
%
%cnf(i_0_79802, plain, (inv(mul(c007,c005))=inv(mul(c005,c007)))).
%
%cnf(i_0_79812, plain, (mul(c007,c005)=mul(c005,c007))).
%
%cnf(i_0_79873, plain, (mul(inv(c007),mul(c005,c007))=c005)).
%
%cnf(i_0_79916, plain, (mul(c005,mul(c007,inv(c005)))=c007)).
%
%cnf(i_0_79874, plain, (mul(inv(mul(c005,c007)),c007)=inv(c005))).
%%
%cnf(i_0_79877, plain, (mul(c005,inv(mul(c005,c007)))=inv(c007))).
%
%cnf(i_0_79921, plain, (mul(inv(c005),c007)=mul(c007,inv(c005)))).
%
%cnf(i_0_80016, plain, (mul(c007,mul(c005,inv(c007)))=c005)).
%%%
%cnf(i_0_79933, plain, (mul(inv(c007),c005)=mul(c005,inv(c007)))).
%%%%%%%%%
%cnf(i_0_12021, plain, (mul(c007,mul(c005,c006))=mul(c005,mul(c006,c007)))).
%
%cnf(i_0_79872, plain, (mul(c007,mul(c005,X1))=mul(c005,mul(c007,X1)))).
%
%cnf(i_0_79901, plain, (mul(inv(mul(c005,c001)),c007)=inv(mul(c001,c005)))).
%
%cnf(i_0_80287, plain, (mul(inv(c007),mul(c005,c001))=mul(c001,c005))).
%
%cnf(i_0_79910, plain, (mul(c005,mul(c004,c001))=mul(c004,mul(c005,c001)))).
%
%cnf(i_0_80319, plain, (mul(c004,inv(mul(c004,c005)))=inv(c005))).

% Proof found!
% SZS status Unsatisfiable
% SZS output start CNFRefutation
cnf(assoc, axiom, (mul(mul(X1,X2),X3)=mul(X1,mul(X2,X3))), file('research/certificates/F20-equational/inputs-v1/w5-collect-target-01.p', assoc)).
cnf(left_inv, axiom, (mul(inv(X1),X1)=one), file('research/certificates/F20-equational/inputs-v1/w5-collect-target-01.p', left_inv)).
cnf(left_id, axiom, (mul(one,X1)=X1), file('research/certificates/F20-equational/inputs-v1/w5-collect-target-01.p', left_id)).
cnf(def_003, axiom, (mul(c002,c001)=mul(mul(c001,c002),c003)), file('research/certificates/F20-equational/inputs-v1/w5-collect-target-01.p', def_003)).
cnf(inv_prod, axiom, (inv(mul(X1,X2))=mul(inv(X2),inv(X1))), file('research/certificates/F20-equational/inputs-v1/w5-collect-target-01.p', inv_prod)).
cnf(inv_inv, axiom, (inv(inv(X1))=X1), file('research/certificates/F20-equational/inputs-v1/w5-collect-target-01.p', inv_inv)).
cnf(right_inv, axiom, (mul(X1,inv(X1))=one), file('research/certificates/F20-equational/inputs-v1/w5-collect-target-01.p', right_inv)).
cnf(def_004, axiom, (mul(c003,c001)=mul(mul(c001,c003),c004)), file('research/certificates/F20-equational/inputs-v1/w5-collect-target-01.p', def_004)).
cnf(rel_009, axiom, (mul(c004,c003)=mul(c003,c004)), file('research/certificates/F20-equational/inputs-v1/w5-collect-target-01.p', rel_009)).
cnf(rel_011, axiom, (mul(c006,c001)=mul(c001,c006)), file('research/certificates/F20-equational/inputs-v1/w5-collect-target-01.p', rel_011)).
cnf(rel_012, axiom, (mul(c006,c002)=mul(c002,c006)), file('research/certificates/F20-equational/inputs-v1/w5-collect-target-01.p', rel_012)).
cnf(def_006, axiom, (mul(c004,c001)=mul(mul(c001,c004),c006)), file('research/certificates/F20-equational/inputs-v1/w5-collect-target-01.p', def_006)).
cnf(def_007, axiom, (mul(c004,c002)=mul(mul(c002,c004),c007)), file('research/certificates/F20-equational/inputs-v1/w5-collect-target-01.p', def_007)).
cnf(rel_013, axiom, (mul(c007,c002)=mul(c002,c007)), file('research/certificates/F20-equational/inputs-v1/w5-collect-target-01.p', rel_013)).
cnf(def_005, axiom, (mul(c003,c002)=mul(mul(c002,c003),c005)), file('research/certificates/F20-equational/inputs-v1/w5-collect-target-01.p', def_005)).
cnf(rel_010, axiom, (mul(c005,c003)=mul(c003,c005)), file('research/certificates/F20-equational/inputs-v1/w5-collect-target-01.p', rel_010)).
cnf(goal, negated_conjecture, (mul(c005,c004)!=mul(c004,c005)), file('research/certificates/F20-equational/inputs-v1/w5-collect-target-01.p', goal)).
cnf(c_0_17, axiom, (mul(mul(X1,X2),X3)=mul(X1,mul(X2,X3))), assoc).
cnf(c_0_18, axiom, (mul(inv(X1),X1)=one), left_inv).
cnf(c_0_19, axiom, (mul(one,X1)=X1), left_id).
cnf(c_0_20, axiom, (mul(c002,c001)=mul(mul(c001,c002),c003)), def_003).
cnf(c_0_21, axiom, (inv(mul(X1,X2))=mul(inv(X2),inv(X1))), inv_prod).
cnf(c_0_22, axiom, (inv(inv(X1))=X1), inv_inv).
cnf(c_0_23, axiom, (mul(X1,inv(X1))=one), right_inv).
cnf(c_0_24, plain, (mul(inv(X1),mul(X1,X2))=X2), inference(rw,[status(thm)],[inference(spm,[status(thm)],[c_0_17, c_0_18]), c_0_19])).
cnf(c_0_25, axiom, (mul(c003,c001)=mul(mul(c001,c003),c004)), def_004).
cnf(c_0_26, axiom, (mul(c004,c003)=mul(c003,c004)), rel_009).
cnf(c_0_27, plain, (mul(c001,mul(c002,c003))=mul(c002,c001)), inference(rw,[status(thm)],[c_0_20, c_0_17])).
cnf(c_0_28, axiom, (mul(c006,c001)=mul(c001,c006)), rel_011).
cnf(c_0_29, axiom, (mul(c006,c002)=mul(c002,c006)), rel_012).
cnf(c_0_30, plain, (inv(mul(inv(X1),X2))=mul(inv(X2),X1)), inference(spm,[status(thm)],[c_0_21, c_0_22])).
cnf(c_0_31, plain, (mul(X1,mul(inv(X1),X2))=X2), inference(rw,[status(thm)],[inference(spm,[status(thm)],[c_0_17, c_0_23]), c_0_19])).
cnf(c_0_32, plain, (mul(X1,inv(mul(X2,X1)))=inv(X2)), inference(rw,[status(thm)],[inference(spm,[status(thm)],[c_0_24, c_0_21]), c_0_22])).
cnf(c_0_33, plain, (mul(c001,mul(c004,c003))=mul(c003,c001)), inference(rw,[status(thm)],[inference(rw,[status(thm)],[c_0_25, c_0_17]), c_0_26])).
cnf(c_0_34, plain, (mul(inv(X1),mul(inv(X2),X3))=mul(inv(mul(X2,X1)),X3)), inference(spm,[status(thm)],[c_0_17, c_0_21])).
cnf(c_0_35, plain, (mul(inv(c001),mul(c002,c001))=mul(c002,c003)), inference(spm,[status(thm)],[c_0_24, c_0_27])).
cnf(c_0_36, plain, (mul(c006,mul(c001,X1))=mul(c001,mul(c006,X1))), inference(rw,[status(thm)],[inference(spm,[status(thm)],[c_0_17, c_0_28]), c_0_17])).
cnf(c_0_37, plain, (mul(c006,mul(c002,X1))=mul(c002,mul(c006,X1))), inference(rw,[status(thm)],[inference(spm,[status(thm)],[c_0_17, c_0_29]), c_0_17])).
cnf(c_0_38, plain, (mul(inv(mul(X1,X2)),X1)=inv(X2)), inference(rw,[status(thm)],[inference(spm,[status(thm)],[c_0_30, c_0_31]), c_0_22])).
cnf(c_0_39, plain, (mul(inv(c003),mul(c004,c003))=c004), inference(spm,[status(thm)],[c_0_24, c_0_26])).
cnf(c_0_40, plain, (mul(c004,mul(c003,inv(mul(c003,c001))))=inv(c001)), inference(rw,[status(thm)],[inference(spm,[status(thm)],[c_0_32, c_0_33]), c_0_17])).
cnf(c_0_41, axiom, (mul(c004,c001)=mul(mul(c001,c004),c006)), def_006).
cnf(c_0_42, plain, (mul(inv(mul(c001,X1)),mul(c002,c001))=mul(inv(X1),mul(c002,c003))), inference(spm,[status(thm)],[c_0_34, c_0_35])).
cnf(c_0_43, plain, (mul(c001,mul(c002,mul(c006,c003)))=mul(c002,mul(c001,c006))), inference(rw,[status(thm)],[inference(rw,[status(thm)],[inference(rw,[status(thm)],[inference(spm,[status(thm)],[c_0_36, c_0_27]), c_0_37]), c_0_37]), c_0_28])).
cnf(c_0_44, plain, (mul(inv(mul(X1,X2)),mul(X1,X3))=mul(inv(X2),X3)), inference(spm,[status(thm)],[c_0_17, c_0_38])).
cnf(c_0_45, plain, (mul(inv(c003),mul(c004,mul(c003,X1)))=mul(c004,X1)), inference(rw,[status(thm)],[inference(spm,[status(thm)],[c_0_17, c_0_39]), c_0_17])).
cnf(c_0_46, plain, (mul(c003,inv(mul(c003,c001)))=inv(mul(c001,c004))), inference(rw,[status(thm)],[inference(spm,[status(thm)],[c_0_24, c_0_40]), c_0_21])).
cnf(c_0_47, plain, (mul(c001,mul(c004,c006))=mul(c004,c001)), inference(rw,[status(thm)],[c_0_41, c_0_17])).
cnf(c_0_48, plain, (mul(inv(mul(c006,c003)),c003)=inv(c006)), inference(rw,[status(thm)],[inference(rw,[status(thm)],[inference(rw,[status(thm)],[inference(spm,[status(thm)],[c_0_42, c_0_43]), c_0_44]), c_0_38]), c_0_44])).
cnf(c_0_49, plain, (mul(c004,mul(c003,inv(c004)))=c003), inference(rw,[status(thm)],[inference(rw,[status(thm)],[inference(spm,[status(thm)],[c_0_32, c_0_39]), c_0_17]), c_0_22])).
cnf(c_0_50, plain, (inv(mul(X1,inv(X2)))=mul(X2,inv(X1))), inference(spm,[status(thm)],[c_0_21, c_0_22])).
cnf(c_0_51, plain, (mul(c004,inv(mul(c003,c001)))=inv(mul(c001,c003))), inference(rw,[status(thm)],[inference(rw,[status(thm)],[inference(spm,[status(thm)],[c_0_45, c_0_46]), c_0_32]), c_0_21])).
cnf(c_0_52, plain, (mul(c001,mul(c004,mul(c006,X1)))=mul(c004,mul(c001,X1))), inference(rw,[status(thm)],[inference(rw,[status(thm)],[inference(spm,[status(thm)],[c_0_17, c_0_47]), c_0_17]), c_0_17])).
cnf(c_0_53, plain, (mul(c006,c003)=mul(c003,c006)), inference(rw,[status(thm)],[inference(rw,[status(thm)],[inference(spm,[status(thm)],[c_0_32, c_0_48]), c_0_22]), c_0_22])).
cnf(c_0_54, plain, (mul(c001,mul(c004,mul(c003,X1)))=mul(c003,mul(c001,X1))), inference(rw,[status(thm)],[inference(rw,[status(thm)],[inference(spm,[status(thm)],[c_0_17, c_0_33]), c_0_17]), c_0_17])).
cnf(c_0_55, plain, (mul(inv(c003),c004)=mul(c004,inv(c003))), inference(rw,[status(thm)],[inference(spm,[status(thm)],[c_0_38, c_0_49]), c_0_50])).
cnf(c_0_56, plain, (mul(c003,mul(c001,inv(c004)))=mul(c001,c003)), inference(rw,[status(thm)],[inference(rw,[status(thm)],[inference(spm,[status(thm)],[c_0_50, c_0_51]), c_0_22]), c_0_17])).
cnf(c_0_57, plain, (mul(inv(c006),mul(c001,c006))=c001), inference(spm,[status(thm)],[c_0_24, c_0_28])).
cnf(c_0_58, axiom, (mul(c004,c002)=mul(mul(c002,c004),c007)), def_007).
cnf(c_0_59, plain, (mul(inv(c001),mul(c004,c001))=mul(c004,c006)), inference(spm,[status(thm)],[c_0_24, c_0_47])).
cnf(c_0_60, plain, (mul(c003,mul(c001,c006))=mul(c004,mul(c001,c003))), inference(rw,[status(thm)],[inference(spm,[status(thm)],[c_0_52, c_0_53]), c_0_54])).
cnf(c_0_61, plain, (mul(inv(c003),mul(c004,X1))=mul(c004,mul(inv(c003),X1))), inference(rw,[status(thm)],[inference(spm,[status(thm)],[c_0_17, c_0_55]), c_0_17])).
cnf(c_0_62, plain, (mul(inv(c003),mul(c001,c003))=mul(c001,inv(c004))), inference(spm,[status(thm)],[c_0_24, c_0_56])).
cnf(c_0_63, plain, (mul(c004,mul(c006,inv(mul(c004,c001))))=inv(c001)), inference(rw,[status(thm)],[inference(spm,[status(thm)],[c_0_32, c_0_47]), c_0_17])).
cnf(c_0_64, plain, (mul(c001,mul(c006,inv(c001)))=c006), inference(rw,[status(thm)],[inference(rw,[status(thm)],[inference(spm,[status(thm)],[c_0_32, c_0_57]), c_0_17]), c_0_22])).
cnf(c_0_65, plain, (mul(c002,mul(c004,c007))=mul(c004,c002)), inference(rw,[status(thm)],[c_0_58, c_0_17])).
cnf(c_0_66, plain, (mul(inv(c001),mul(c004,mul(c001,X1)))=mul(c004,mul(c006,X1))), inference(rw,[status(thm)],[inference(rw,[status(thm)],[inference(spm,[status(thm)],[c_0_17, c_0_59]), c_0_17]), c_0_17])).
cnf(c_0_67, plain, (mul(c004,mul(c001,inv(c004)))=mul(c001,c006)), inference(rw,[status(thm)],[inference(rw,[status(thm)],[inference(spm,[status(thm)],[c_0_24, c_0_60]), c_0_61]), c_0_62])).
cnf(c_0_68, plain, (mul(c004,mul(c001,inv(c006)))=mul(c001,c004)), inference(rw,[status(thm)],[inference(rw,[status(thm)],[inference(rw,[status(thm)],[inference(spm,[status(thm)],[c_0_38, c_0_63]), c_0_22]), c_0_50]), c_0_17])).
cnf(c_0_69, plain, (mul(inv(c001),c006)=mul(c006,inv(c001))), inference(spm,[status(thm)],[c_0_24, c_0_64])).
cnf(c_0_70, plain, (mul(c002,mul(c003,inv(mul(c002,c001))))=inv(c001)), inference(rw,[status(thm)],[inference(spm,[status(thm)],[c_0_32, c_0_27]), c_0_17])).
cnf(c_0_71, plain, (mul(c004,mul(c007,inv(mul(c004,c002))))=inv(c002)), inference(rw,[status(thm)],[inference(spm,[status(thm)],[c_0_32, c_0_65]), c_0_17])).
cnf(c_0_72, plain, (mul(inv(c006),mul(c002,c006))=c002), inference(spm,[status(thm)],[c_0_24, c_0_29])).
cnf(c_0_73, plain, (mul(c004,mul(c006,inv(c004)))=c006), inference(rw,[status(thm)],[inference(spm,[status(thm)],[c_0_66, c_0_67]), c_0_24])).
cnf(c_0_74, plain, (mul(c003,mul(c001,inv(c003)))=mul(c001,c004)), inference(rw,[status(thm)],[inference(rw,[status(thm)],[inference(rw,[status(thm)],[inference(spm,[status(thm)],[c_0_38, c_0_40]), c_0_22]), c_0_50]), c_0_17])).
cnf(c_0_75, plain, (mul(inv(mul(c001,c004)),c004)=mul(c006,inv(c001))), inference(rw,[status(thm)],[inference(spm,[status(thm)],[c_0_38, c_0_68]), c_0_50])).
cnf(c_0_76, plain, (mul(inv(X1),mul(c006,inv(c001)))=mul(inv(mul(c001,X1)),c006)), inference(spm,[status(thm)],[c_0_34, c_0_69])).
cnf(c_0_77, plain, (mul(c003,inv(mul(c002,c001)))=inv(mul(c001,c002))), inference(rw,[status(thm)],[inference(spm,[status(thm)],[c_0_24, c_0_70]), c_0_21])).
cnf(c_0_78, plain, (mul(c004,mul(c002,inv(c007)))=mul(c002,c004)), inference(rw,[status(thm)],[inference(rw,[status(thm)],[inference(rw,[status(thm)],[inference(spm,[status(thm)],[c_0_38, c_0_71]), c_0_22]), c_0_50]), c_0_17])).
cnf(c_0_79, plain, (mul(inv(mul(c002,c006)),c006)=inv(c002)), inference(spm,[status(thm)],[c_0_30, c_0_72])).
cnf(c_0_80, plain, (mul(c006,inv(mul(c006,c004)))=inv(c004)), inference(rw,[status(thm)],[inference(rw,[status(thm)],[inference(spm,[status(thm)],[c_0_32, c_0_73]), c_0_17]), c_0_21])).
cnf(c_0_81, axiom, (mul(c007,c002)=mul(c002,c007)), rel_013).
cnf(c_0_82, plain, (mul(c002,mul(c001,inv(c003)))=mul(c001,c002)), inference(rw,[status(thm)],[inference(rw,[status(thm)],[inference(rw,[status(thm)],[inference(spm,[status(thm)],[c_0_38, c_0_70]), c_0_22]), c_0_50]), c_0_17])).
cnf(c_0_83, plain, (mul(inv(c003),mul(c001,c004))=mul(c001,inv(c003))), inference(spm,[status(thm)],[c_0_24, c_0_74])).
cnf(c_0_84, plain, (mul(inv(mul(c001,mul(c004,X1))),c004)=mul(inv(mul(c001,X1)),c006)), inference(rw,[status(thm)],[inference(rw,[status(thm)],[inference(spm,[status(thm)],[c_0_34, c_0_75]), c_0_17]), c_0_76])).
cnf(c_0_85, plain, (mul(c001,mul(c004,inv(mul(c001,c002))))=mul(c003,inv(c002))), inference(rw,[status(thm)],[inference(spm,[status(thm)],[c_0_54, c_0_77]), c_0_32])).
cnf(c_0_86, plain, (mul(inv(mul(c002,c004)),c004)=mul(c007,inv(c002))), inference(rw,[status(thm)],[inference(spm,[status(thm)],[c_0_38, c_0_78]), c_0_50])).
cnf(c_0_87, plain, (mul(inv(mul(c002,c006)),mul(c006,X1))=mul(inv(c002),X1)), inference(spm,[status(thm)],[c_0_17, c_0_79])).
cnf(c_0_88, plain, (mul(c006,c004)=mul(c004,c006)), inference(rw,[status(thm)],[inference(rw,[status(thm)],[inference(spm,[status(thm)],[c_0_38, c_0_80]), c_0_22]), c_0_22])).
cnf(c_0_89, plain, (mul(inv(c007),mul(c002,c007))=c002), inference(spm,[status(thm)],[c_0_24, c_0_81])).
cnf(c_0_90, plain, (mul(inv(c002),mul(c001,c002))=mul(c001,inv(c003))), inference(spm,[status(thm)],[c_0_24, c_0_82])).
cnf(c_0_91, plain, (mul(inv(X1),mul(c001,inv(c003)))=mul(inv(mul(c003,X1)),mul(c001,c004))), inference(spm,[status(thm)],[c_0_34, c_0_83])).
cnf(c_0_92, plain, (mul(inv(mul(c001,X1)),mul(c004,c001))=mul(inv(X1),mul(c004,c006))), inference(spm,[status(thm)],[c_0_34, c_0_59])).
cnf(c_0_93, plain, (mul(c001,mul(c002,mul(c006,inv(c001))))=mul(c002,mul(c004,inv(c003)))), inference(rw,[status(thm)],[inference(rw,[status(thm)],[inference(rw,[status(thm)],[inference(rw,[status(thm)],[inference(rw,[status(thm)],[inference(rw,[status(thm)],[inference(rw,[status(thm)],[inference(rw,[status(thm)],[inference(spm,[status(thm)],[c_0_84, c_0_85]), c_0_50]), c_0_17]), c_0_55]), c_0_50]), c_0_17]), c_0_17]), c_0_17]), c_0_69])).
cnf(c_0_94, plain, (inv(mul(X1,mul(X2,inv(X3))))=mul(X3,inv(mul(X1,X2)))), inference(rw,[status(thm)],[inference(rw,[status(thm)],[inference(spm,[status(thm)],[c_0_21, c_0_50]), c_0_17]), c_0_21])).
cnf(c_0_95, plain, (mul(inv(mul(c002,c004)),mul(c004,X1))=mul(c007,mul(inv(c002),X1))), inference(rw,[status(thm)],[inference(spm,[status(thm)],[c_0_17, c_0_86]), c_0_17])).
cnf(c_0_96, plain, (mul(inv(mul(c002,c006)),mul(c004,c006))=mul(inv(c002),c004)), inference(spm,[status(thm)],[c_0_87, c_0_88])).
cnf(c_0_97, plain, (mul(c002,mul(c007,inv(c002)))=c007), inference(rw,[status(thm)],[inference(rw,[status(thm)],[inference(spm,[status(thm)],[c_0_32, c_0_89]), c_0_17]), c_0_22])).
cnf(c_0_98, plain, (mul(inv(mul(c003,X1)),mul(c001,c004))=mul(inv(mul(c002,X1)),mul(c001,c002))), inference(rw,[status(thm)],[inference(spm,[status(thm)],[c_0_34, c_0_90]), c_0_91])).
cnf(c_0_99, plain, (mul(c003,mul(c007,mul(inv(c002),c001)))=mul(c001,mul(inv(c002),c004))), inference(rw,[status(thm)],[inference(rw,[status(thm)],[inference(rw,[status(thm)],[inference(rw,[status(thm)],[inference(rw,[status(thm)],[inference(rw,[status(thm)],[inference(spm,[status(thm)],[c_0_92, c_0_93]), c_0_94]), c_0_17]), c_0_95]), c_0_94]), c_0_17]), c_0_96])).
cnf(c_0_100, plain, (inv(mul(X1,mul(inv(X2),X3)))=mul(inv(X3),mul(X2,inv(X1)))), inference(rw,[status(thm)],[inference(spm,[status(thm)],[c_0_21, c_0_30]), c_0_17])).
cnf(c_0_101, plain, (mul(inv(c004),mul(c002,c004))=mul(c002,inv(c007))), inference(spm,[status(thm)],[c_0_24, c_0_78])).
cnf(c_0_102, plain, (mul(c002,mul(c007,mul(inv(c002),X1)))=mul(c007,X1)), inference(rw,[status(thm)],[inference(spm,[status(thm)],[c_0_17, c_0_97]), c_0_17])).
cnf(c_0_103, plain, (mul(inv(mul(c007,c001)),mul(c001,c002))=mul(c002,inv(c007))), inference(rw,[status(thm)],[inference(rw,[status(thm)],[inference(rw,[status(thm)],[inference(rw,[status(thm)],[inference(rw,[status(thm)],[inference(rw,[status(thm)],[inference(spm,[status(thm)],[c_0_98, c_0_99]), c_0_100]), c_0_17]), c_0_17]), c_0_24]), c_0_101]), c_0_102])).
cnf(c_0_104, plain, (mul(c007,c001)=mul(c001,c007)), inference(rw,[status(thm)],[inference(rw,[status(thm)],[inference(rw,[status(thm)],[inference(rw,[status(thm)],[inference(spm,[status(thm)],[c_0_32, c_0_103]), c_0_50]), c_0_17]), c_0_97]), c_0_22])).
cnf(c_0_105, plain, (mul(inv(mul(c002,c001)),c001)=inv(mul(c002,c003))), inference(spm,[status(thm)],[c_0_38, c_0_27])).
cnf(c_0_106, plain, (mul(c001,inv(mul(c001,c007)))=inv(c007)), inference(spm,[status(thm)],[c_0_32, c_0_104])).
cnf(c_0_107, plain, (mul(c007,mul(c002,X1))=mul(c002,mul(c007,X1))), inference(rw,[status(thm)],[inference(spm,[status(thm)],[c_0_17, c_0_81]), c_0_17])).
cnf(c_0_108, plain, (mul(inv(mul(c002,c001)),mul(c001,X1))=mul(inv(mul(c002,c003)),X1)), inference(spm,[status(thm)],[c_0_17, c_0_105])).
cnf(c_0_109, plain, (mul(c001,mul(c002,mul(c007,c003)))=mul(c002,mul(c001,c007))), inference(rw,[status(thm)],[inference(rw,[status(thm)],[inference(rw,[status(thm)],[inference(rw,[status(thm)],[inference(rw,[status(thm)],[inference(rw,[status(thm)],[inference(spm,[status(thm)],[c_0_42, c_0_106]), c_0_22]), c_0_107]), c_0_104]), c_0_22]), c_0_17]), c_0_107])).
cnf(c_0_110, axiom, (mul(c003,c002)=mul(mul(c002,c003),c005)), def_005).
cnf(c_0_111, axiom, (mul(c005,c003)=mul(c003,c005)), rel_010).
cnf(c_0_112, plain, (mul(inv(c003),mul(c007,c003))=c007), inference(rw,[status(thm)],[inference(rw,[status(thm)],[inference(rw,[status(thm)],[inference(spm,[status(thm)],[c_0_108, c_0_109]), c_0_44]), c_0_24]), c_0_44])).
cnf(c_0_113, plain, (mul(c001,mul(c002,mul(c003,X1)))=mul(c002,mul(c001,X1))), inference(rw,[status(thm)],[inference(rw,[status(thm)],[inference(spm,[status(thm)],[c_0_17, c_0_27]), c_0_17]), c_0_17])).
cnf(c_0_114, plain, (mul(c002,mul(c003,c005))=mul(c003,c002)), inference(rw,[status(thm)],[c_0_110, c_0_17])).
cnf(c_0_115, plain, (mul(c005,mul(c003,X1))=mul(c003,mul(c005,X1))), inference(rw,[status(thm)],[inference(spm,[status(thm)],[c_0_17, c_0_111]), c_0_17])).
cnf(c_0_116, plain, (mul(c007,c003)=mul(c003,c007)), inference(rw,[status(thm)],[inference(spm,[status(thm)],[c_0_24, c_0_112]), c_0_22])).
cnf(c_0_117, plain, (mul(inv(c002),mul(c004,c002))=mul(c004,c007)), inference(spm,[status(thm)],[c_0_24, c_0_65])).
cnf(c_0_118, plain, (mul(X1,inv(mul(X2,mul(X3,X1))))=inv(mul(X2,X3))), inference(spm,[status(thm)],[c_0_32, c_0_17])).
cnf(c_0_119, plain, (mul(c001,mul(c003,c002))=mul(c002,mul(c001,c005))), inference(spm,[status(thm)],[c_0_113, c_0_114])).
cnf(c_0_120, plain, (mul(c002,mul(c003,mul(c005,X1)))=mul(c003,mul(c002,X1))), inference(rw,[status(thm)],[inference(rw,[status(thm)],[inference(spm,[status(thm)],[c_0_17, c_0_114]), c_0_17]), c_0_17])).
cnf(c_0_121, plain, (mul(c003,mul(c005,mul(c001,inv(c003))))=mul(c005,mul(c001,c004))), inference(spm,[status(thm)],[c_0_115, c_0_74])).
cnf(c_0_122, plain, (mul(X1,mul(inv(mul(X2,X1)),X3))=mul(inv(X2),X3)), inference(spm,[status(thm)],[c_0_17, c_0_32])).
cnf(c_0_123, plain, (mul(inv(mul(c003,X1)),mul(c004,c003))=mul(inv(X1),c004)), inference(spm,[status(thm)],[c_0_44, c_0_26])).
cnf(c_0_124, plain, (mul(c003,inv(mul(c003,c007)))=inv(c007)), inference(spm,[status(thm)],[c_0_32, c_0_116])).
cnf(c_0_125, plain, (mul(inv(mul(c002,X1)),mul(c004,c002))=mul(inv(X1),mul(c004,c007))), inference(spm,[status(thm)],[c_0_34, c_0_117])).
cnf(c_0_126, plain, (mul(c002,inv(mul(c002,mul(c001,c005))))=inv(mul(c001,c003))), inference(spm,[status(thm)],[c_0_118, c_0_119])).
cnf(c_0_127, plain, (mul(c003,mul(c004,X1))=mul(c004,mul(c003,X1))), inference(rw,[status(thm)],[inference(spm,[status(thm)],[c_0_17, c_0_26]), c_0_17])).
cnf(c_0_128, plain, (mul(c002,mul(c005,mul(c001,c004)))=mul(c003,mul(c001,c002))), inference(rw,[status(thm)],[inference(spm,[status(thm)],[c_0_120, c_0_121]), c_0_82])).
cnf(c_0_129, plain, (mul(inv(mul(c003,c001)),c001)=inv(mul(c004,c003))), inference(spm,[status(thm)],[c_0_38, c_0_33])).
cnf(c_0_130, plain, (mul(c007,mul(c001,X1))=mul(c001,mul(c007,X1))), inference(rw,[status(thm)],[inference(rw,[status(thm)],[inference(rw,[status(thm)],[inference(rw,[status(thm)],[inference(rw,[status(thm)],[inference(rw,[status(thm)],[inference(spm,[status(thm)],[c_0_122, c_0_103]), c_0_50]), c_0_17]), c_0_17]), c_0_102]), c_0_22]), c_0_17])).
cnf(c_0_131, plain, (mul(c007,mul(c004,c003))=mul(c003,mul(c007,c004))), inference(rw,[status(thm)],[inference(rw,[status(thm)],[inference(rw,[status(thm)],[inference(spm,[status(thm)],[c_0_123, c_0_124]), c_0_22]), c_0_22]), c_0_17])).
cnf(c_0_132, plain, (mul(c007,mul(c003,X1))=mul(c003,mul(c007,X1))), inference(rw,[status(thm)],[inference(spm,[status(thm)],[c_0_17, c_0_116]), c_0_17])).
cnf(c_0_133, plain, (mul(inv(mul(c004,c003)),c003)=inv(c004)), inference(spm,[status(thm)],[c_0_30, c_0_39])).
cnf(c_0_134, plain, (mul(inv(c002),mul(c003,c002))=mul(c003,c005)), inference(spm,[status(thm)],[c_0_24, c_0_114])).
cnf(c_0_135, plain, (mul(c002,mul(c006,inv(mul(X1,c002))))=mul(c006,inv(X1))), inference(spm,[status(thm)],[c_0_37, c_0_32])).
cnf(c_0_136, plain, (mul(inv(mul(c003,c002)),c002)=inv(mul(c003,c005))), inference(spm,[status(thm)],[c_0_38, c_0_114])).
cnf(c_0_137, plain, (mul(c006,mul(c003,X1))=mul(c003,mul(c006,X1))), inference(rw,[status(thm)],[inference(rw,[status(thm)],[inference(rw,[status(thm)],[inference(spm,[status(thm)],[c_0_122, c_0_48]), c_0_22]), c_0_22]), c_0_17])).
cnf(c_0_138, plain, (mul(c002,mul(c001,mul(c005,mul(c004,c007))))=mul(c003,mul(c001,c002))), inference(rw,[status(thm)],[inference(rw,[status(thm)],[inference(rw,[status(thm)],[inference(rw,[status(thm)],[inference(rw,[status(thm)],[inference(rw,[status(thm)],[inference(rw,[status(thm)],[inference(spm,[status(thm)],[c_0_125, c_0_126]), c_0_22]), c_0_17]), c_0_127]), c_0_54]), c_0_22]), c_0_17]), c_0_17])).
cnf(c_0_139, plain, (mul(inv(c002),mul(c003,mul(c001,c002)))=mul(c005,mul(c001,c004))), inference(spm,[status(thm)],[c_0_24, c_0_128])).
cnf(c_0_140, plain, (mul(inv(mul(c003,c001)),mul(c001,X1))=mul(inv(mul(c004,c003)),X1)), inference(spm,[status(thm)],[c_0_17, c_0_129])).
cnf(c_0_141, plain, (mul(c001,mul(c003,mul(c007,c004)))=mul(c003,mul(c001,c007))), inference(rw,[status(thm)],[inference(rw,[status(thm)],[inference(rw,[status(thm)],[inference(spm,[status(thm)],[c_0_130, c_0_33]), c_0_131]), c_0_132]), c_0_104])).
cnf(c_0_142, plain, (mul(inv(mul(c004,c003)),mul(c003,X1))=mul(inv(c004),X1)), inference(spm,[status(thm)],[c_0_17, c_0_133])).
cnf(c_0_143, plain, (mul(inv(mul(c002,X1)),mul(c003,c002))=mul(inv(X1),mul(c003,c005))), inference(spm,[status(thm)],[c_0_34, c_0_134])).
cnf(c_0_144, plain, (mul(c002,mul(c003,mul(c006,c005)))=mul(c003,mul(c002,c006))), inference(rw,[status(thm)],[inference(rw,[status(thm)],[inference(rw,[status(thm)],[inference(rw,[status(thm)],[inference(rw,[status(thm)],[inference(spm,[status(thm)],[c_0_135, c_0_136]), c_0_22]), c_0_22]), c_0_137]), c_0_137]), c_0_29])).
cnf(c_0_145, plain, (mul(c001,mul(c005,mul(c004,c007)))=mul(c005,mul(c001,c004))), inference(rw,[status(thm)],[inference(spm,[status(thm)],[c_0_24, c_0_138]), c_0_139])).
cnf(c_0_146, plain, (mul(inv(c004),mul(c007,c004))=c007), inference(rw,[status(thm)],[inference(rw,[status(thm)],[inference(rw,[status(thm)],[inference(spm,[status(thm)],[c_0_140, c_0_141]), c_0_44]), c_0_24]), c_0_142])).
cnf(c_0_147, plain, (mul(inv(mul(c006,c005)),c005)=inv(c006)), inference(rw,[status(thm)],[inference(rw,[status(thm)],[inference(rw,[status(thm)],[inference(spm,[status(thm)],[c_0_143, c_0_144]), c_0_44]), c_0_38]), c_0_44])).
cnf(c_0_148, plain, (mul(inv(mul(c006,X1)),mul(c002,c006))=mul(inv(X1),c002)), inference(spm,[status(thm)],[c_0_44, c_0_29])).
cnf(c_0_149, plain, (mul(c006,inv(mul(c004,mul(c001,c003))))=inv(mul(c003,c001))), inference(spm,[status(thm)],[c_0_118, c_0_60])).
cnf(c_0_150, plain, (mul(c002,mul(c007,mul(c003,c005)))=mul(c007,mul(c003,c002))), inference(spm,[status(thm)],[c_0_107, c_0_114])).
cnf(c_0_151, plain, (mul(c005,mul(c004,mul(c007,inv(mul(c005,mul(c001,c004))))))=inv(c001)), inference(rw,[status(thm)],[inference(rw,[status(thm)],[inference(spm,[status(thm)],[c_0_32, c_0_145]), c_0_17]), c_0_17])).
cnf(c_0_152, plain, (mul(c007,c004)=mul(c004,c007)), inference(rw,[status(thm)],[inference(spm,[status(thm)],[c_0_24, c_0_146]), c_0_22])).
cnf(c_0_153, plain, (mul(c006,mul(c005,X1))=mul(c005,mul(c006,X1))), inference(rw,[status(thm)],[inference(rw,[status(thm)],[inference(rw,[status(thm)],[inference(spm,[status(thm)],[c_0_122, c_0_147]), c_0_22]), c_0_22]), c_0_17])).
cnf(c_0_154, plain, (mul(c003,mul(c001,mul(c002,c006)))=mul(c004,mul(c002,mul(c001,c005)))), inference(rw,[status(thm)],[inference(rw,[status(thm)],[inference(rw,[status(thm)],[inference(rw,[status(thm)],[inference(rw,[status(thm)],[inference(rw,[status(thm)],[inference(spm,[status(thm)],[c_0_148, c_0_149]), c_0_22]), c_0_17]), c_0_22]), c_0_17]), c_0_17]), c_0_119])).
cnf(c_0_155, plain, (mul(inv(mul(c007,mul(c003,c002))),c002)=inv(mul(c007,mul(c003,c005)))), inference(spm,[status(thm)],[c_0_38, c_0_150])).
cnf(c_0_156, plain, (mul(inv(mul(c003,mul(c002,X1))),c002)=inv(mul(c003,mul(c005,X1)))), inference(rw,[status(thm)],[inference(rw,[status(thm)],[inference(rw,[status(thm)],[inference(spm,[status(thm)],[c_0_34, c_0_136]), c_0_21]), c_0_17]), c_0_17])).
cnf(c_0_157, plain, (mul(c005,mul(c001,mul(c004,inv(mul(c004,c007)))))=mul(c001,c005)), inference(rw,[status(thm)],[inference(rw,[status(thm)],[inference(rw,[status(thm)],[inference(rw,[status(thm)],[inference(spm,[status(thm)],[c_0_38, c_0_151]), c_0_22]), c_0_94]), c_0_17]), c_0_17])).
cnf(c_0_158, plain, (mul(c004,inv(mul(c004,c007)))=inv(c007)), inference(spm,[status(thm)],[c_0_32, c_0_152])).
cnf(c_0_159, plain, (mul(inv(c002),mul(c004,mul(c002,X1)))=mul(c004,mul(c007,X1))), inference(rw,[status(thm)],[inference(rw,[status(thm)],[inference(spm,[status(thm)],[c_0_17, c_0_117]), c_0_17]), c_0_17])).
cnf(c_0_160, plain, (mul(c004,mul(c002,mul(c001,c005)))=mul(c002,mul(c005,mul(c004,c001)))), inference(rw,[status(thm)],[inference(rw,[status(thm)],[inference(rw,[status(thm)],[inference(rw,[status(thm)],[inference(rw,[status(thm)],[inference(rw,[status(thm)],[inference(rw,[status(thm)],[inference(rw,[status(thm)],[inference(spm,[status(thm)],[c_0_37, c_0_128]), c_0_137]), c_0_36]), c_0_29]), c_0_153]), c_0_36]), c_0_88]), c_0_47]), c_0_154])).
cnf(c_0_161, plain, (inv(mul(c003,mul(c007,c005)))=inv(mul(c003,mul(c005,c007)))), inference(rw,[status(thm)],[inference(rw,[status(thm)],[inference(rw,[status(thm)],[inference(rw,[status(thm)],[c_0_155, c_0_132]), c_0_81]), c_0_156]), c_0_132])).
cnf(c_0_162, plain, (mul(c005,mul(c001,inv(c007)))=mul(c001,c005)), inference(spm,[status(thm)],[c_0_157, c_0_158])).
cnf(c_0_163, plain, (mul(c004,mul(c007,mul(c001,c005)))=mul(c005,mul(c004,c001))), inference(rw,[status(thm)],[inference(spm,[status(thm)],[c_0_159, c_0_160]), c_0_24])).
cnf(c_0_164, plain, (inv(mul(c007,c005))=inv(mul(c005,c007))), inference(rw,[status(thm)],[inference(spm,[status(thm)],[c_0_38, c_0_161]), c_0_38])).
cnf(c_0_165, plain, (mul(c001,inv(mul(c001,mul(c005,c007))))=inv(c005)), inference(rw,[status(thm)],[inference(rw,[status(thm)],[inference(rw,[status(thm)],[inference(spm,[status(thm)],[c_0_32, c_0_162]), c_0_17]), c_0_21]), c_0_17])).
cnf(c_0_166, plain, (mul(c004,mul(c001,mul(c007,c005)))=mul(c005,mul(c004,c001))), inference(rw,[status(thm)],[c_0_163, c_0_130])).
cnf(c_0_167, plain, (mul(c007,c005)=mul(c005,c007)), inference(rw,[status(thm)],[inference(spm,[status(thm)],[c_0_22, c_0_164]), c_0_22])).
cnf(c_0_168, plain, (mul(c001,mul(c005,c007))=mul(c005,c001)), inference(rw,[status(thm)],[inference(rw,[status(thm)],[inference(spm,[status(thm)],[c_0_38, c_0_165]), c_0_22]), c_0_22])).
cnf(c_0_169, plain, (mul(c005,mul(c004,c001))=mul(c004,mul(c005,c001))), inference(rw,[status(thm)],[inference(spm,[status(thm)],[c_0_166, c_0_167]), c_0_168])).
cnf(c_0_170, negated_conjecture, (mul(c005,c004)!=mul(c004,c005)), inference(fof_simplification,[status(thm)],[goal])).
cnf(c_0_171, plain, (mul(c004,inv(mul(c004,c005)))=inv(c005)), inference(rw,[status(thm)],[inference(rw,[status(thm)],[inference(spm,[status(thm)],[c_0_32, c_0_169]), c_0_17]), c_0_118])).
cnf(c_0_172, negated_conjecture, (mul(c005,c004)!=mul(c004,c005)), c_0_170).
cnf(c_0_173, plain, ($false), inference(sr,[status(thm)],[inference(rw,[status(thm)],[inference(rw,[status(thm)],[inference(spm,[status(thm)],[c_0_38, c_0_171]), c_0_22]), c_0_22]), c_0_172]), ['proof']).
% SZS output end CNFRefutation

% -------------------------------------------------
% Total SizeMalloc()ed memory: 3168220376 Bytes (8967166 requests)
% Total SizeFree()ed   memory: 3168220376 Bytes (8967166 requests)
% New requests: 561013 (560822 by SecureMalloc(),    191 by SecureRealloc())
% Total SecureMalloc()ed memory: 54241551 Bytes
% Returned:    561013 (561013 by FREE(),              0 by SecureRealloc())
% SecureRealloc(ptr):    215 (   191 Allocs,      0 Frees,     24 Reallocs)
% -------------------------------------------------

